2025-11-24 09:01:52,628 [INFO] Activator:176 - 


2025-11-24 09:01:52,635 [INFO] Activator:177 - !SESSION log4j initialized
2025-11-24 09:01:59,578 [INFO] LogOutputStream:77 - [STDOUT_REDIRECT] 
2025-11-24 09:02:01,350 [INFO] ApplicationProperties:184 - Using Application install path: C:\ST\STM32CubeIDE_1.19.0\STM32CubeIDE\plugins\com.st.stm32cube.common.mx_6.15.0.202507011659
2025-11-24 09:02:01,378 [INFO] DbMcusXml:78 - Set database path to: C:\ST\STM32CubeIDE_1.19.0\STM32CubeIDE\plugins\com.st.stm32cube.common.mx_6.15.0.202507011659\\db\/mcu/
2025-11-24 09:02:01,378 [INFO] ApiDb:274 - Set plugin database path to: C:\ST\STM32CubeIDE_1.19.0\STM32CubeIDE\plugins\com.st.stm32cube.common.mx_6.15.0.202507011659\\db\/plugins/boardmanager/
2025-11-24 09:02:01,379 [WARN] ApiDb:259 - Overriding images path with different value:  => C:\ST\STM32CubeIDE_1.19.0\STM32CubeIDE\plugins\com.st.stm32cube.common.mx_6.15.0.202507011659\\db\/plugins/mcufinder/images/
2025-11-24 09:02:01,392 [INFO] ApiDb:250 - Set database path to: C:\Users\jansu\.stmcufinder\plugins\mcufinder//mcu/
2025-11-24 09:02:01,394 [INFO] DbMcusAds:125 - Set database path to: C:\Users\jansu\.stmcufinder\plugins\mcufinder//mcu/
2025-11-24 09:02:01,397 [INFO] CrossReferenceDbSqlite:203 - Set database path to: C:\Users\jansu\.stmcufinder\plugins\mcufinder//mcu/cs/
2025-11-24 09:02:01,560 [INFO] RulesReader:64 - Compatibility file has been processed (317 Rules)
2025-11-24 09:02:01,692 [INFO] DbMcusXml:78 - Set database path to: C:\ST\STM32CubeIDE_1.19.0\STM32CubeIDE\plugins\com.st.stm32cube.common.mx_6.15.0.202507011659\\db\/mcu/
2025-11-24 09:02:01,693 [INFO] ApiDb:274 - Set plugin database path to: C:\ST\STM32CubeIDE_1.19.0\STM32CubeIDE\plugins\com.st.stm32cube.common.mx_6.15.0.202507011659\\db\/plugins/boardmanager/
2025-11-24 09:02:01,693 [INFO] ApiDb:261 - Set plugin images path to: C:\ST\STM32CubeIDE_1.19.0\STM32CubeIDE\plugins\com.st.stm32cube.common.mx_6.15.0.202507011659\\db\/plugins/mcufinder/images/
2025-11-24 09:02:01,693 [WARN] DbFile:41 - Overriding database path with different value: C:\Users\jansu\.stmcufinder\plugins\mcufinder/ => C:\Users\jansu\.stmcufinder\plugins\mcufinder
2025-11-24 09:02:01,693 [INFO] ApiDb:250 - Set database path to: C:\Users\jansu\.stmcufinder\plugins\mcufinder//mcu/
2025-11-24 09:02:01,693 [WARN] DbFile:41 - Overriding database path with different value: C:\Users\jansu\.stmcufinder\plugins\mcufinder/ => C:\Users\jansu\.stmcufinder\plugins\mcufinder
2025-11-24 09:02:01,693 [INFO] DbMcusAds:125 - Set database path to: C:\Users\jansu\.stmcufinder\plugins\mcufinder//mcu/
2025-11-24 09:02:01,694 [WARN] DbFile:41 - Overriding database path with different value: C:\Users\jansu\.stmcufinder\plugins\mcufinder/ => C:\Users\jansu\.stmcufinder\plugins\mcufinder
2025-11-24 09:02:01,694 [WARN] DbFile:41 - Overriding database path with different value: C:\Users\jansu\.stmcufinder\plugins\mcufinder/ => C:\Users\jansu\.stmcufinder\plugins\mcufinder
2025-11-24 09:02:01,694 [INFO] CrossReferenceDbSqlite:203 - Set database path to: C:\Users\jansu\.stmcufinder\plugins\mcufinder//mcu/cs/
2025-11-24 09:02:01,809 [INFO] MainPanel:274 - HeapMemory: 268435456
2025-11-24 09:02:01,986 [INFO] DbMcusXml:78 - Set database path to: C:\ST\STM32CubeIDE_1.19.0\STM32CubeIDE\plugins\com.st.stm32cube.common.mx_6.15.0.202507011659\\db\/mcu/
2025-11-24 09:02:01,986 [INFO] ApiDb:274 - Set plugin database path to: C:\ST\STM32CubeIDE_1.19.0\STM32CubeIDE\plugins\com.st.stm32cube.common.mx_6.15.0.202507011659\\db\/plugins/boardmanager/
2025-11-24 09:02:01,987 [INFO] ApiDb:261 - Set plugin images path to: C:\ST\STM32CubeIDE_1.19.0\STM32CubeIDE\plugins\com.st.stm32cube.common.mx_6.15.0.202507011659\\db\/plugins/mcufinder/images/
2025-11-24 09:02:01,987 [WARN] DbFile:41 - Overriding database path with different value: C:\Users\jansu\.stmcufinder\plugins\mcufinder/ => C:\Users\jansu\.stmcufinder\plugins\mcufinder
2025-11-24 09:02:01,987 [INFO] ApiDb:250 - Set database path to: C:\Users\jansu\.stmcufinder\plugins\mcufinder//mcu/
2025-11-24 09:02:01,987 [WARN] DbFile:41 - Overriding database path with different value: C:\Users\jansu\.stmcufinder\plugins\mcufinder/ => C:\Users\jansu\.stmcufinder\plugins\mcufinder
2025-11-24 09:02:01,987 [INFO] DbMcusAds:125 - Set database path to: C:\Users\jansu\.stmcufinder\plugins\mcufinder//mcu/
2025-11-24 09:02:01,987 [WARN] DbFile:41 - Overriding database path with different value: C:\Users\jansu\.stmcufinder\plugins\mcufinder/ => C:\Users\jansu\.stmcufinder\plugins\mcufinder
2025-11-24 09:02:01,988 [WARN] DbFile:41 - Overriding database path with different value: C:\Users\jansu\.stmcufinder\plugins\mcufinder/ => C:\Users\jansu\.stmcufinder\plugins\mcufinder
2025-11-24 09:02:01,988 [INFO] CrossReferenceDbSqlite:203 - Set database path to: C:\Users\jansu\.stmcufinder\plugins\mcufinder//mcu/cs/
2025-11-24 09:02:02,013 [INFO] ApplicationProperties:184 - Using Application install path: C:\ST\STM32CubeIDE_1.19.0\STM32CubeIDE\plugins\com.st.stm32cube.common.mx_6.15.0.202507011659
2025-11-24 09:02:02,015 [INFO] PluginManage:196 - Search for loadable plugins [exclusion list=, ]
2025-11-24 09:02:02,017 [INFO] PluginManage:310 - Check plugin analytics
2025-11-24 09:02:02,322 [INFO] AnalyticsPlugin:253 - Accepted Software Licenses: 
2025-11-24 09:02:02,323 [INFO] AnalyticsPlugin:255 - Accepted CMSIS Pack Licenses: 
2025-11-24 09:02:02,323 [INFO] AnalyticsPlugin:257 - Accepted Firmware Licenses: FW.C0.1.4.0,FW.F4.1.28.0
2025-11-24 09:02:02,325 [INFO] PluginManage:359 - Loaded plugin analytics (category:tool,tabindex:-1)
2025-11-24 09:02:02,326 [INFO] PluginManage:310 - Check plugin cadmodel
2025-11-24 09:02:02,333 [INFO] CADModel:105 - Init CAD model plugin
2025-11-24 09:02:02,333 [INFO] PluginManage:359 - Loaded plugin cadmodel (category:power,tabindex:5)
2025-11-24 09:02:02,333 [INFO] PluginManage:310 - Check plugin clock
2025-11-24 09:02:02,346 [INFO] PluginManage:359 - Loaded plugin clock (category:base,tabindex:2)
2025-11-24 09:02:02,347 [INFO] PluginManage:310 - Check plugin ddr
2025-11-24 09:02:02,351 [INFO] PluginManage:359 - Loaded plugin ddr (category:tool,tabindex:6)
2025-11-24 09:02:02,351 [INFO] PluginManage:310 - Check plugin filemanager
2025-11-24 09:02:02,563 [INFO] PluginManage:359 - Loaded plugin filemanager (category:base,tabindex:10)
2025-11-24 09:02:02,563 [INFO] PluginManage:310 - Check plugin ipmanager
2025-11-24 09:02:02,572 [INFO] PluginManage:359 - Loaded plugin ipmanager (category:base,tabindex:5)
2025-11-24 09:02:02,572 [INFO] PluginManage:310 - Check plugin lpbam
2025-11-24 09:02:02,583 [INFO] PluginManage:359 - Loaded plugin lpbam (category:base,tabindex:0)
2025-11-24 09:02:02,583 [INFO] PluginManage:310 - Check plugin memorymap
2025-11-24 09:02:02,605 [INFO] PluginManage:359 - Loaded plugin memorymap (category:base,tabindex:4)
2025-11-24 09:02:02,605 [INFO] PluginManage:310 - Check plugin pinoutandconfiguration
2025-11-24 09:02:02,620 [INFO] PluginManage:359 - Loaded plugin pinoutandconfiguration (category:base,tabindex:1)
2025-11-24 09:02:02,620 [INFO] PluginManage:310 - Check plugin pinoutconfig
2025-11-24 09:02:02,746 [WARN] SupportedApi:132 - Cannot load RTOS API schema: s4s-elt-must-match.1: The content of 'definitions' must match (annotation?, (simpleType | complexType)?, (unique | key | keyref)*)). A problem was found starting at: attribute.
2025-11-24 09:02:02,940 [INFO] PluginManage:359 - Loaded plugin pinoutconfig (category:base,tabindex:0)
2025-11-24 09:02:02,941 [INFO] PluginManage:310 - Check plugin power
2025-11-24 09:02:02,956 [INFO] PluginManage:359 - Loaded plugin power (category:power,tabindex:4)
2025-11-24 09:02:02,957 [INFO] PluginManage:310 - Check plugin projectmanager
2025-11-24 09:02:02,978 [INFO] PluginManage:359 - Loaded plugin projectmanager (category:projectmanager,tabindex:4)
2025-11-24 09:02:02,978 [INFO] PluginManage:310 - Check plugin rif
2025-11-24 09:02:02,992 [INFO] PluginManage:359 - Loaded plugin rif (category:base,tabindex:3)
2025-11-24 09:02:02,992 [INFO] PluginManage:310 - Check plugin thirdparty
2025-11-24 09:02:03,184 [INFO] PluginManage:359 - Loaded plugin thirdparty (category:base,tabindex:-1)
2025-11-24 09:02:03,184 [WARN] IntegrityCheckThread:84 - waiting for thirdparty lock release [integrity check]
2025-11-24 09:02:03,184 [INFO] PluginManage:310 - Check plugin tools
2025-11-24 09:02:03,184 [INFO] IntegrityCheckThread:86 - entering critical section [integrity check]
2025-11-24 09:02:03,184 [INFO] ThirdPartyUpdaterWithRetryManager:70 - Updater plugin not ready yet. [1/15]
2025-11-24 09:02:03,188 [INFO] PluginManage:359 - Loaded plugin tools (category:base,tabindex:7)
2025-11-24 09:02:03,188 [INFO] PluginManage:310 - Check plugin tutovideos
2025-11-24 09:02:03,442 [INFO] PluginManage:359 - Loaded plugin tutovideos (category:base,tabindex:-1)
2025-11-24 09:02:03,442 [INFO] PluginManage:310 - Check plugin updater
2025-11-24 09:02:03,470 [INFO] PluginManage:359 - Loaded plugin updater (category:base,tabindex:12)
2025-11-24 09:02:03,470 [INFO] PluginManage:310 - Check plugin userauth
2025-11-24 09:02:03,475 [INFO] UserAuth:118 - Init User Auth plugin
2025-11-24 09:02:03,476 [INFO] PluginManage:359 - Loaded plugin userauth (category:base,tabindex:14)
2025-11-24 09:02:03,476 [INFO] PluginManage:283 - PluginManage : Loaded plugins [18]
2025-11-24 09:02:03,728 [INFO] PinOutPanel:1589 - setPackage(No Configuration,No Configuration)
2025-11-24 09:02:03,835 [INFO] CADModel:165 - CPN selected for project level
2025-11-24 09:02:03,835 [INFO] CADModel:114 - Register for checkConnection events
2025-11-24 09:02:03,858 [INFO] IPUIPlugin:80 - create IPUIPlugin
2025-11-24 09:02:03,858 [INFO] PluginManager:220 - loadIPPluginJar : add adc
2025-11-24 09:02:03,862 [INFO] IPUIPlugin:80 - create IPUIPlugin
2025-11-24 09:02:03,862 [INFO] PluginManager:220 - loadIPPluginJar : add aes
2025-11-24 09:02:03,865 [INFO] IPUIPlugin:80 - create IPUIPlugin
2025-11-24 09:02:03,866 [INFO] PluginManager:220 - loadIPPluginJar : add can
2025-11-24 09:02:03,867 [INFO] IPUIPlugin:80 - create IPUIPlugin
2025-11-24 09:02:03,868 [INFO] PluginManager:220 - loadIPPluginJar : add comp
2025-11-24 09:02:03,871 [INFO] IPUIPlugin:80 - create IPUIPlugin
2025-11-24 09:02:03,871 [INFO] PluginManager:220 - loadIPPluginJar : add cryp
2025-11-24 09:02:03,874 [INFO] IPUIPlugin:80 - create IPUIPlugin
2025-11-24 09:02:03,874 [INFO] PluginManager:220 - loadIPPluginJar : add ddr_ctrl_phy
2025-11-24 09:02:03,877 [INFO] IPUIPlugin:80 - create IPUIPlugin
2025-11-24 09:02:03,877 [INFO] PluginManager:220 - loadIPPluginJar : add dfsdm
2025-11-24 09:02:03,884 [INFO] IPUIPlugin:80 - create IPUIPlugin
2025-11-24 09:02:03,884 [INFO] PluginManager:220 - loadIPPluginJar : add dma
2025-11-24 09:02:03,888 [INFO] IPUIPlugin:80 - create IPUIPlugin
2025-11-24 09:02:03,888 [INFO] PluginManager:220 - loadIPPluginJar : add dma3
2025-11-24 09:02:03,894 [INFO] IPUIPlugin:80 - create IPUIPlugin
2025-11-24 09:02:03,894 [INFO] PluginManager:220 - loadIPPluginJar : add extmemmanager
2025-11-24 09:02:03,897 [INFO] IPUIPlugin:80 - create IPUIPlugin
2025-11-24 09:02:03,897 [INFO] PluginManager:220 - loadIPPluginJar : add fatfs
2025-11-24 09:02:03,902 [INFO] IPUIPlugin:80 - create IPUIPlugin
2025-11-24 09:02:03,902 [INFO] PluginManager:220 - loadIPPluginJar : add fmc
2025-11-24 09:02:03,910 [INFO] IPUIPlugin:80 - create IPUIPlugin
2025-11-24 09:02:03,910 [INFO] PluginManager:220 - loadIPPluginJar : add freertos
2025-11-24 09:02:03,912 [INFO] IPUIPlugin:80 - create IPUIPlugin
2025-11-24 09:02:03,913 [INFO] PluginManager:220 - loadIPPluginJar : add genericplugin
2025-11-24 09:02:03,916 [INFO] IPUIPlugin:80 - create IPUIPlugin
2025-11-24 09:02:03,916 [INFO] PluginManager:220 - loadIPPluginJar : add gfxmmu
2025-11-24 09:02:03,921 [INFO] IPUIPlugin:80 - create IPUIPlugin
2025-11-24 09:02:03,921 [INFO] PluginManager:220 - loadIPPluginJar : add gic
2025-11-24 09:02:03,929 [INFO] IPUIPlugin:80 - create IPUIPlugin
2025-11-24 09:02:03,929 [INFO] PluginManager:220 - loadIPPluginJar : add gpio
2025-11-24 09:02:03,933 [INFO] IPUIPlugin:80 - create IPUIPlugin
2025-11-24 09:02:03,933 [INFO] PluginManager:220 - loadIPPluginJar : add gtzc
2025-11-24 09:02:03,937 [INFO] IPUIPlugin:80 - create IPUIPlugin
2025-11-24 09:02:03,937 [INFO] PluginManager:220 - loadIPPluginJar : add hash
2025-11-24 09:02:03,941 [INFO] IPUIPlugin:80 - create IPUIPlugin
2025-11-24 09:02:03,941 [INFO] PluginManager:220 - loadIPPluginJar : add i2c
2025-11-24 09:02:03,944 [INFO] IPUIPlugin:80 - create IPUIPlugin
2025-11-24 09:02:03,944 [INFO] PluginManager:220 - loadIPPluginJar : add i2s
2025-11-24 09:02:03,949 [INFO] IPUIPlugin:80 - create IPUIPlugin
2025-11-24 09:02:03,950 [INFO] PluginManager:220 - loadIPPluginJar : add i3c
2025-11-24 09:02:03,954 [INFO] IPUIPlugin:80 - create IPUIPlugin
2025-11-24 09:02:03,955 [INFO] PluginManager:220 - loadIPPluginJar : add ipddr
2025-11-24 09:02:03,963 [INFO] IPUIPlugin:80 - create IPUIPlugin
2025-11-24 09:02:03,963 [INFO] PluginManager:220 - loadIPPluginJar : add linkedlist
2025-11-24 09:02:03,967 [INFO] IPUIPlugin:80 - create IPUIPlugin
2025-11-24 09:02:03,967 [INFO] PluginManager:220 - loadIPPluginJar : add lorawan
2025-11-24 09:02:03,969 [INFO] IPUIPlugin:80 - create IPUIPlugin
2025-11-24 09:02:03,969 [INFO] PluginManager:220 - loadIPPluginJar : add ltdc
2025-11-24 09:02:03,975 [INFO] IPUIPlugin:80 - create IPUIPlugin
2025-11-24 09:02:03,975 [INFO] PluginManager:220 - loadIPPluginJar : add mdma
2025-11-24 09:02:03,980 [INFO] IPUIPlugin:80 - create IPUIPlugin
2025-11-24 09:02:03,980 [INFO] PluginManager:220 - loadIPPluginJar : add nvic
2025-11-24 09:02:03,984 [INFO] IPUIPlugin:80 - create IPUIPlugin
2025-11-24 09:02:03,984 [INFO] PluginManager:220 - loadIPPluginJar : add opamp
2025-11-24 09:02:03,988 [INFO] IPUIPlugin:80 - create IPUIPlugin
2025-11-24 09:02:03,988 [INFO] PluginManager:220 - loadIPPluginJar : add openamp
2025-11-24 09:02:03,992 [INFO] IPUIPlugin:80 - create IPUIPlugin
2025-11-24 09:02:03,993 [INFO] PluginManager:220 - loadIPPluginJar : add pdm2pcm
2025-11-24 09:02:04,000 [INFO] IPUIPlugin:80 - create IPUIPlugin
2025-11-24 09:02:04,002 [INFO] PluginManager:220 - loadIPPluginJar : add plateformsettings
2025-11-24 09:02:04,018 [INFO] IPUIPlugin:80 - create IPUIPlugin
2025-11-24 09:02:04,018 [INFO] PluginManager:220 - loadIPPluginJar : add quadspi
2025-11-24 09:02:04,022 [INFO] IPUIPlugin:80 - create IPUIPlugin
2025-11-24 09:02:04,023 [INFO] PluginManager:220 - loadIPPluginJar : add radio
2025-11-24 09:02:04,027 [INFO] IPUIPlugin:80 - create IPUIPlugin
2025-11-24 09:02:04,027 [INFO] PluginManager:220 - loadIPPluginJar : add resmgrutility
2025-11-24 09:02:04,032 [INFO] IPUIPlugin:80 - create IPUIPlugin
2025-11-24 09:02:04,032 [INFO] PluginManager:220 - loadIPPluginJar : add sai
2025-11-24 09:02:04,035 [INFO] IPUIPlugin:80 - create IPUIPlugin
2025-11-24 09:02:04,035 [INFO] PluginManager:220 - loadIPPluginJar : add spi
2025-11-24 09:02:04,044 [INFO] IPUIPlugin:80 - create IPUIPlugin
2025-11-24 09:02:04,044 [INFO] PluginManager:220 - loadIPPluginJar : add stm32_wpan
2025-11-24 09:02:04,047 [INFO] IPUIPlugin:80 - create IPUIPlugin
2025-11-24 09:02:04,047 [INFO] PluginManager:220 - loadIPPluginJar : add tim
2025-11-24 09:02:04,051 [INFO] IPUIPlugin:80 - create IPUIPlugin
2025-11-24 09:02:04,051 [INFO] PluginManager:220 - loadIPPluginJar : add touchsensing
2025-11-24 09:02:04,054 [INFO] IPUIPlugin:80 - create IPUIPlugin
2025-11-24 09:02:04,054 [INFO] PluginManager:220 - loadIPPluginJar : add tracer_emb
2025-11-24 09:02:04,057 [INFO] IPUIPlugin:80 - create IPUIPlugin
2025-11-24 09:02:04,057 [INFO] PluginManager:220 - loadIPPluginJar : add ts
2025-11-24 09:02:04,060 [INFO] IPUIPlugin:80 - create IPUIPlugin
2025-11-24 09:02:04,060 [INFO] PluginManager:220 - loadIPPluginJar : add tsc
2025-11-24 09:02:04,062 [INFO] IPUIPlugin:80 - create IPUIPlugin
2025-11-24 09:02:04,063 [INFO] PluginManager:220 - loadIPPluginJar : add ucpd
2025-11-24 09:02:04,066 [INFO] IPUIPlugin:80 - create IPUIPlugin
2025-11-24 09:02:04,066 [INFO] PluginManager:220 - loadIPPluginJar : add usart
2025-11-24 09:02:04,072 [INFO] IPUIPlugin:80 - create IPUIPlugin
2025-11-24 09:02:04,072 [INFO] PluginManager:220 - loadIPPluginJar : add usbx
2025-11-24 09:02:04,212 [FATAL] Updater:351 - Updater called before beeing initialized
2025-11-24 09:02:04,272 [INFO] RulesReader:64 - Compatibility file has been processed (317 Rules)
2025-11-24 09:02:04,302 [INFO] RulesReader:64 - Compatibility file has been processed (317 Rules)
2025-11-24 09:02:04,349 [INFO] CADModel:165 - CPN selected for project level
2025-11-24 09:02:04,349 [INFO] CADModel:114 - Register for checkConnection events
2025-11-24 09:02:04,349 [FATAL] Updater:351 - Updater called before beeing initialized
2025-11-24 09:02:04,349 [ERROR] CADModel:125 - Updater not yet initialized, retry later 
2025-11-24 09:02:04,618 [FATAL] Updater:351 - Updater called before beeing initialized
2025-11-24 09:02:04,621 [INFO] CADModel:165 - CPN selected for project level
2025-11-24 09:02:04,621 [INFO] CADModel:114 - Register for checkConnection events
2025-11-24 09:02:04,621 [FATAL] Updater:351 - Updater called before beeing initialized
2025-11-24 09:02:04,621 [ERROR] CADModel:125 - Updater not yet initialized, retry later 
2025-11-24 09:02:04,624 [FATAL] Updater:351 - Updater called before beeing initialized
2025-11-24 09:02:04,774 [FATAL] Updater:351 - Updater called before beeing initialized
2025-11-24 09:02:04,778 [INFO] DbMcusAds:53 - JSON generation date=Mon Nov 10 11:43:01 CET 2025 (1762771381096)
2025-11-24 09:02:04,779 [FATAL] Updater:351 - Updater called before beeing initialized
2025-11-24 09:02:04,824 [WARN] DetailPanel:346 - Failed to get advertising image, set to default
2025-11-24 09:02:04,926 [FATAL] Updater:351 - Updater called before beeing initialized
2025-11-24 09:02:04,929 [FATAL] Updater:351 - Updater called before beeing initialized
2025-11-24 09:02:04,929 [FATAL] Updater:351 - Updater called before beeing initialized
2025-11-24 09:02:04,929 [WARN] DetailPanel:346 - Failed to get advertising image, set to default
2025-11-24 09:02:04,930 [FATAL] Updater:351 - Updater called before beeing initialized
2025-11-24 09:02:04,998 [ERROR] Updater:1198 - MainUpdater not yet initialized. External WinMGr cannot be set.
2025-11-24 09:02:05,001 [INFO] Updater:1134 - Updater Version found : 6.15.0
2025-11-24 09:02:05,024 [INFO] ApplicationProperties:184 - Using Application install path: C:\ST\STM32CubeIDE_1.19.0\STM32CubeIDE\plugins\com.st.stm32cube.common.mx_6.15.0.202507011659
2025-11-24 09:02:06,185 [INFO] ThirdPartyUpdaterWithRetryManager:70 - Updater plugin not ready yet. [2/15]
2025-11-24 09:02:06,627 [ERROR] LogOutputStream:75 - [STDERR_REDIRECT] Nov 24, 2025 9:02:06 AM java.util.prefs.WindowsPreferences <init>
2025-11-24 09:02:06,628 [ERROR] LogOutputStream:75 - [STDERR_REDIRECT] WARNING: Could not open/create prefs root node Software\JavaSoft\Prefs at root 0xffffffff80000002. Windows RegCreateKeyEx(...) returned error code 5.
2025-11-24 09:02:06,628 [ERROR] LogOutputStream:75 - [STDERR_REDIRECT] 
2025-11-24 09:02:06,995 [INFO] MainUpdater:2872 - connection check result : 10
2025-11-24 09:02:06,997 [INFO] MainUpdater:289 - Updater Check For Update Now.
2025-11-24 09:02:06,997 [INFO] MicroXplorer:498 - Change Database Version : DB.6.0.150
2025-11-24 09:02:07,007 [INFO] McuFinderGlobals:63 - Set McuFinder mode to 2 (CubeIDE integrated)
2025-11-24 09:02:07,010 [INFO] UserAuth:487 - Internet connection configuration mode: 1
2025-11-24 09:02:07,081 [INFO] JxBrowserEngine:152 - Initiate JxBrowser Engine with user profile folder
2025-11-24 09:02:07,231 [INFO] CheckServerUpdateThread:120 - End of CheckServer Thread
2025-11-24 09:02:08,967 [INFO] WebApp:169 - Instantiating new browser for Auth
2025-11-24 09:02:09,508 [WARN] PackLoader:240 - Cannot read IP mode file for STMicroelectronics.FP-SNS-MOTENVWB1.1.4.0
2025-11-24 09:02:09,521 [WARN] PackLoader:240 - Cannot read IP mode file for STMicroelectronics.FP-ATR-ASTRA1.2.0.2
2025-11-24 09:02:09,534 [WARN] PackLoader:240 - Cannot read IP mode file for STMicroelectronics.X-CUBE-SMBUS.2.1.0
2025-11-24 09:02:09,542 [WARN] PackLoader:240 - Cannot read IP mode file for STMicroelectronics.X-CUBE-ST60.1.0.0
2025-11-24 09:02:09,589 [WARN] PackLoader:240 - Cannot read IP mode file for STMicroelectronics.X-CUBE-AZRTOS-F7.1.1.0
2025-11-24 09:02:09,599 [WARN] PackLoader:240 - Cannot read IP mode file for STMicroelectronics.FP-SNS-MOTENV1.5.1.0
2025-11-24 09:02:09,614 [WARN] PackLoader:240 - Cannot read IP mode file for WES.I-CUBE-Cesium.1.4.0
2025-11-24 09:02:09,645 [WARN] PackLoader:240 - Cannot read IP mode file for Infineon.AIROC-Wi-Fi-Bluetooth-STM32.1.7.1
2025-11-24 09:02:09,674 [WARN] PackLoader:240 - Cannot read IP mode file for STMicroelectronics.X-CUBE-AZRTOS-H7.3.4.0
2025-11-24 09:02:09,686 [WARN] PackLoader:240 - Cannot read IP mode file for STMicroelectronics.X-CUBE-DISPLAY.3.0.0
2025-11-24 09:02:09,699 [WARN] PackLoader:240 - Cannot read IP mode file for STMicroelectronics.X-CUBE-NFC10.1.0.0
2025-11-24 09:02:09,704 [WARN] PackLoader:240 - Cannot read IP mode file for STMicroelectronics.X-CUBE-ST60.1.1.0
2025-11-24 09:02:09,710 [WARN] PackLoader:240 - Cannot read IP mode file for emotas.I-CUBE-CANOPEN.1.3.0
2025-11-24 09:02:09,716 [WARN] PackLoader:240 - Cannot read IP mode file for STMicroelectronics.X-CUBE-GNSS1.7.1.0
2025-11-24 09:02:09,724 [WARN] PackLoader:240 - Cannot read IP mode file for STMicroelectronics.FP-SNS-STBOX1.2.1.0
2025-11-24 09:02:09,730 [WARN] PackLoader:240 - Cannot read IP mode file for STMicroelectronics.FP-SNS-SMARTAG2.1.2.0
2025-11-24 09:02:09,735 [WARN] PackLoader:240 - Cannot read IP mode file for STMicroelectronics.FP-SNS-FLIGHT1.5.1.0
2025-11-24 09:02:09,744 [INFO] LogOutputStream:77 - [STDOUT_REDIRECT] 1 : Invalid condition id : UX_CORESTACK_Condition cause : null
2025-11-24 09:02:09,745 [INFO] LogOutputStream:77 - [STDOUT_REDIRECT] 1 : Invalid condition id : UX_CORESTACK_Condition cause : null
2025-11-24 09:02:09,747 [INFO] LogOutputStream:77 - [STDOUT_REDIRECT] 1 : Invalid condition id : UX_CORESTACK_Condition cause : null
2025-11-24 09:02:09,748 [INFO] LogOutputStream:77 - [STDOUT_REDIRECT] 1 : Invalid condition id : UX_CORESTACK_Condition cause : null
2025-11-24 09:02:09,749 [INFO] LogOutputStream:77 - [STDOUT_REDIRECT] 1 : Invalid condition id : UX_CORESTACK_Condition cause : null
2025-11-24 09:02:09,752 [WARN] PackLoader:240 - Cannot read IP mode file for STMicroelectronics.X-CUBE-AZRTOS-WL.2.0.0
2025-11-24 09:02:09,756 [WARN] PackLoader:240 - Cannot read IP mode file for STMicroelectronics.FP-SNS-MOTENV1.5.0.0
2025-11-24 09:02:09,763 [WARN] PackLoader:240 - Cannot read IP mode file for STMicroelectronics.X-CUBE-BLE2.3.3.0
2025-11-24 09:02:09,786 [WARN] PackLoader:240 - Cannot read IP mode file for STMicroelectronics.X-CUBE-NFC9.1.0.0
2025-11-24 09:02:09,793 [WARN] PackLoader:240 - Cannot read IP mode file for wolfSSL.I-CUBE-wolfSSL.5.8.2
2025-11-24 09:02:09,800 [WARN] PackLoader:240 - Cannot read IP mode file for STMicroelectronics.X-CUBE-BLE1.7.1.0
2025-11-24 09:02:09,806 [WARN] PackLoader:240 - Cannot read IP mode file for wolfSSL.I-CUBE-wolfMQTT.1.19.2
2025-11-24 09:02:09,815 [WARN] PackLoader:240 - Cannot read IP mode file for STMicroelectronics.X-CUBE-EEPRMA1.5.2.0
2025-11-24 09:02:09,827 [WARN] PackLoader:240 - Cannot read IP mode file for STMicroelectronics.X-CUBE-ST67W61.1.1.0
2025-11-24 09:02:09,856 [WARN] PackLoader:240 - Cannot read IP mode file for STMicroelectronics.X-CUBE-AZRTOS-G0.1.1.0
2025-11-24 09:02:09,870 [WARN] PackLoader:240 - Cannot read IP mode file for STMicroelectronics.X-CUBE-SAFEA1.1.2.2
2025-11-24 09:02:09,883 [WARN] PackLoader:240 - Cannot read IP mode file for STMicroelectronics.X-CUBE-NFC4.3.0.0
2025-11-24 09:02:09,897 [WARN] PackLoader:240 - Cannot read IP mode file for EmbeddedOffice.I-CUBE-FS-RTOS.1.0.1
2025-11-24 09:02:09,907 [WARN] PackLoader:240 - Cannot read IP mode file for STMicroelectronics.X-CUBE-WB05N.2.0.0
2025-11-24 09:02:09,914 [WARN] PackLoader:240 - Cannot read IP mode file for wolfSSL.I-CUBE-wolfTPM.3.8.0
2025-11-24 09:02:09,923 [WARN] PackLoader:240 - Cannot read IP mode file for STMicroelectronics.X-CUBE-TCPP.4.2.0
2025-11-24 09:02:09,934 [WARN] PackLoader:240 - Cannot read IP mode file for RealThread.X-CUBE-RT-Thread_Nano.4.1.1
2025-11-24 09:02:09,941 [WARN] PackLoader:240 - Cannot read IP mode file for STMicroelectronics.FP-ATR-SIGFOX1.3.2.0
2025-11-24 09:02:09,951 [WARN] PackLoader:240 - Cannot read IP mode file for ITTIA_DB.I-CUBE-ITTIADB.8.9.0
2025-11-24 09:02:09,959 [WARN] PackLoader:240 - Cannot read IP mode file for STMicroelectronics.X-CUBE-ST67W61.1.0.0
2025-11-24 09:02:09,966 [WARN] PackLoader:240 - Cannot read IP mode file for STMicroelectronics.X-CUBE-AI.10.2.0
2025-11-24 09:02:10,004 [WARN] PackLoader:240 - Cannot read IP mode file for SEGGER.I-CUBE-embOS.1.3.1
2025-11-24 09:02:10,066 [WARN] PackLoader:240 - Cannot read IP mode file for STMicroelectronics.X-CUBE-ALGOBUILD.1.4.0
2025-11-24 09:02:10,138 [WARN] PackLoader:240 - Cannot read IP mode file for STMicroelectronics.X-CUBE-MEMS1.11.3.0
2025-11-24 09:02:10,145 [INFO] WebApp:463 - Apply proxy settings
2025-11-24 09:02:10,145 [INFO] WebApp:548 - Chromium requires no authentication
2025-11-24 09:02:10,176 [INFO] WebApp:491 - Direct internet connection detected
2025-11-24 09:02:10,268 [INFO] WebApp:900 - Register for checkConnection events
2025-11-24 09:02:10,269 [INFO] WebApp:463 - Apply proxy settings
2025-11-24 09:02:10,269 [INFO] WebApp:548 - Chromium requires no authentication
2025-11-24 09:02:10,270 [INFO] WebApp:491 - Direct internet connection detected
2025-11-24 09:02:10,349 [WARN] PackLoader:240 - Cannot read IP mode file for STMicroelectronics.X-CUBE-PM33A1.1.0.0
2025-11-24 09:02:10,362 [WARN] PackLoader:240 - Cannot read IP mode file for STMicroelectronics.X-CUBE-AZRTOS-F4.1.1.0
2025-11-24 09:02:10,367 [WARN] PackLoader:240 - Cannot read IP mode file for Avnet-IotConnect.X-CUBE-IoTC-DA16k-PMOD.1.0.0
2025-11-24 09:02:10,372 [WARN] PackLoader:240 - Cannot read IP mode file for STMicroelectronics.X-CUBE-ISPU.2.1.0
2025-11-24 09:02:10,394 [WARN] PackLoader:240 - Cannot read IP mode file for STMicroelectronics.X-CUBE-IPS.3.2.0
2025-11-24 09:02:10,411 [WARN] PackLoader:240 - Cannot read IP mode file for STMicroelectronics.X-CUBE-NFC12.1.0.0
2025-11-24 09:02:10,434 [WARN] PackLoader:240 - Cannot read IP mode file for STMicroelectronics.X-CUBE-AZRTOS-L5.2.0.0
2025-11-24 09:02:10,444 [INFO] WebApp:191 - Connection restablished
2025-11-24 09:02:10,445 [WARN] PackLoader:240 - Cannot read IP mode file for STMicroelectronics.X-CUBE-NFC6.3.1.0
2025-11-24 09:02:10,455 [WARN] PackLoader:240 - Cannot read IP mode file for STMicroelectronics.X-CUBE-FREERTOS.1.3.1
2025-11-24 09:02:10,464 [WARN] PackLoader:240 - Cannot read IP mode file for STMicroelectronics.X-CUBE-TOUCHGFX.4.26.0
2025-11-24 09:02:10,470 [WARN] PackLoader:240 - Cannot read IP mode file for STMicroelectronics.FP-SNS-STAIOTCFT.1.0.0
2025-11-24 09:02:10,476 [WARN] PackLoader:240 - Cannot read IP mode file for STMicroelectronics.X-CUBE-DPower.1.3.0
2025-11-24 09:02:10,494 [WARN] ConditionMgr:438 - getConditionDescription Invalid condition id : LAN8742 Phy interface Condition cause : null
2025-11-24 09:02:10,495 [WARN] PackLoader:240 - Cannot read IP mode file for STMicroelectronics.X-CUBE-AZRTOS-L4.2.0.0
2025-11-24 09:02:10,496 [WARN] ConditionMgr:1044 - genDependencies : Invalid condition id : LAN8742 Phy interface Condition cause : null
2025-11-24 09:02:10,496 [WARN] ConditionMgr:1044 - genDependencies : Invalid condition id : LAN8742 Phy interface Condition cause : null
2025-11-24 09:02:10,496 [WARN] ConditionMgr:1044 - genDependencies : Invalid condition id : LAN8742 Phy interface Condition cause : null
2025-11-24 09:02:10,507 [WARN] PackLoader:240 - Cannot read IP mode file for STMicroelectronics.X-CUBE-SFXS2LP1.4.0.0
2025-11-24 09:02:10,520 [WARN] PackLoader:240 - Cannot read IP mode file for STMicroelectronics.X-CUBE-BLEMGR.4.1.0
2025-11-24 09:02:10,535 [WARN] ConditionMgr:438 - getConditionDescription Invalid condition id : UX DEVICE CLASS RTOS Condition cause : null
2025-11-24 09:02:10,536 [WARN] ConditionMgr:438 - getConditionDescription Invalid condition id : UX DEVICE CLASS RTOS Condition cause : null
2025-11-24 09:02:10,538 [WARN] PackLoader:240 - Cannot read IP mode file for STMicroelectronics.X-CUBE-AZRTOS-WB.2.0.0
2025-11-24 09:02:10,538 [WARN] ConditionMgr:1044 - genDependencies : Invalid condition id : UX DEVICE CLASS RTOS Condition cause : null
2025-11-24 09:02:10,538 [WARN] ConditionMgr:1044 - genDependencies : Invalid condition id : UX DEVICE CLASS RTOS Condition cause : null
2025-11-24 09:02:10,539 [WARN] ConditionMgr:1044 - genDependencies : Invalid condition id : UX DEVICE CLASS RTOS Condition cause : null
2025-11-24 09:02:10,539 [WARN] ConditionMgr:1044 - genDependencies : Invalid condition id : UX DEVICE CLASS RTOS Condition cause : null
2025-11-24 09:02:10,539 [WARN] ConditionMgr:1044 - genDependencies : Invalid condition id : UX DEVICE CLASS RTOS Condition cause : null
2025-11-24 09:02:10,544 [WARN] PackLoader:240 - Cannot read IP mode file for STMicroelectronics.X-CUBE-GNSS1.7.0.1
2025-11-24 09:02:10,547 [WARN] PackLoader:240 - Cannot read IP mode file for STMicroelectronics.X-CUBE-TOUCHGFX.4.25.0
2025-11-24 09:02:10,552 [WARN] ConditionMgr:438 - getConditionDescription Invalid condition id : Cortex-A Device cause : null
2025-11-24 09:02:10,561 [WARN] ConditionMgr:1044 - genDependencies : Invalid condition id : Cortex-A Device cause : null
2025-11-24 09:02:10,561 [WARN] ConditionMgr:1044 - genDependencies : Invalid condition id : Cortex-A Device cause : null
2025-11-24 09:02:10,561 [WARN] ConditionMgr:1044 - genDependencies : Invalid condition id : Cortex-A Device cause : null
2025-11-24 09:02:10,570 [WARN] PackLoader:240 - Cannot read IP mode file for STMicroelectronics.X-CUBE-SUBG2.5.0.0
2025-11-24 09:02:10,590 [WARN] PackLoader:240 - Cannot read IP mode file for STMicroelectronics.X-CUBE-AZRTOS-H7RS.1.1.0
2025-11-24 09:02:10,597 [WARN] PackLoader:240 - Cannot read IP mode file for Cesanta.I-CUBE-Mongoose.7.13.0
2025-11-24 09:02:10,607 [WARN] PackLoader:240 - Cannot read IP mode file for STMicroelectronics.X-CUBE-AZRTOS-G4.2.0.0
2025-11-24 09:02:10,613 [WARN] PackLoader:240 - Cannot read IP mode file for wolfSSL.I-CUBE-wolfSSH.1.4.20
2025-11-24 09:02:10,617 [WARN] PackLoader:240 - Cannot read IP mode file for STMicroelectronics.X-CUBE-NFC7.2.0.0
2025-11-24 09:02:10,627 [WARN] PackLoader:240 - Cannot read IP mode file for STMicroelectronics.X-CUBE-IPS.3.1.0
2025-11-24 09:02:10,635 [WARN] PackLoader:240 - Cannot read IP mode file for STMicroelectronics.X-CUBE-ALS.1.0.2
2025-11-24 09:02:10,641 [WARN] PackLoader:240 - Cannot read IP mode file for STMicroelectronics.X-CUBE-STSE01.1.0.0
2025-11-24 09:02:10,651 [WARN] PackLoader:240 - Cannot read IP mode file for STMicroelectronics.X-CUBE-TOF1.3.4.3
2025-11-24 09:02:10,656 [INFO] WebApp:225 - Starting web application
2025-11-24 09:02:10,656 [INFO] WebApp:593 - Web application path used C:\ST\STM32CubeIDE_1.19.0\STM32CubeIDE\plugins\com.st.stm32cube.common.mx_6.15.0.202507011659\db\plugins\mcufinder\reactClient1\index.html
2025-11-24 09:02:10,663 [INFO] ThirdParty:978 - Integrity check success = true
2025-11-24 09:02:10,663 [INFO] IntegrityCheckThread:100 - exiting critical section [integrity check]
2025-11-24 09:02:10,663 [INFO] IntegrityCheckThread:103 - End integrity checks thread
2025-11-24 09:02:10,925 [INFO] UserAuth:487 - Internet connection configuration mode: 1
2025-11-24 09:13:25,938 [ERROR] LogOutputStream:75 - [STDERR_REDIRECT] 
2025-11-24 09:54:43,621 [INFO] Activator:176 - 


2025-11-24 09:54:43,623 [INFO] Activator:177 - !SESSION log4j initialized
2025-11-24 09:54:49,808 [INFO] LogOutputStream:77 - [STDOUT_REDIRECT] 
2025-11-24 09:54:51,188 [INFO] ApplicationProperties:184 - Using Application install path: C:\ST\STM32CubeIDE_1.19.0\STM32CubeIDE\plugins\com.st.stm32cube.common.mx_6.15.0.202507011659
2025-11-24 09:54:51,208 [INFO] DbMcusXml:78 - Set database path to: C:\ST\STM32CubeIDE_1.19.0\STM32CubeIDE\plugins\com.st.stm32cube.common.mx_6.15.0.202507011659\\db\/mcu/
2025-11-24 09:54:51,208 [INFO] ApiDb:274 - Set plugin database path to: C:\ST\STM32CubeIDE_1.19.0\STM32CubeIDE\plugins\com.st.stm32cube.common.mx_6.15.0.202507011659\\db\/plugins/boardmanager/
2025-11-24 09:54:51,208 [WARN] ApiDb:259 - Overriding images path with different value:  => C:\ST\STM32CubeIDE_1.19.0\STM32CubeIDE\plugins\com.st.stm32cube.common.mx_6.15.0.202507011659\\db\/plugins/mcufinder/images/
2025-11-24 09:54:51,214 [INFO] ApiDb:250 - Set database path to: C:\Users\jansu\.stmcufinder\plugins\mcufinder//mcu/
2025-11-24 09:54:51,216 [INFO] DbMcusAds:125 - Set database path to: C:\Users\jansu\.stmcufinder\plugins\mcufinder//mcu/
2025-11-24 09:54:51,217 [INFO] CrossReferenceDbSqlite:203 - Set database path to: C:\Users\jansu\.stmcufinder\plugins\mcufinder//mcu/cs/
2025-11-24 09:54:51,368 [INFO] RulesReader:64 - Compatibility file has been processed (317 Rules)
2025-11-24 09:54:51,491 [INFO] DbMcusXml:78 - Set database path to: C:\ST\STM32CubeIDE_1.19.0\STM32CubeIDE\plugins\com.st.stm32cube.common.mx_6.15.0.202507011659\\db\/mcu/
2025-11-24 09:54:51,491 [INFO] ApiDb:274 - Set plugin database path to: C:\ST\STM32CubeIDE_1.19.0\STM32CubeIDE\plugins\com.st.stm32cube.common.mx_6.15.0.202507011659\\db\/plugins/boardmanager/
2025-11-24 09:54:51,491 [INFO] ApiDb:261 - Set plugin images path to: C:\ST\STM32CubeIDE_1.19.0\STM32CubeIDE\plugins\com.st.stm32cube.common.mx_6.15.0.202507011659\\db\/plugins/mcufinder/images/
2025-11-24 09:54:51,491 [WARN] DbFile:41 - Overriding database path with different value: C:\Users\jansu\.stmcufinder\plugins\mcufinder/ => C:\Users\jansu\.stmcufinder\plugins\mcufinder
2025-11-24 09:54:51,491 [INFO] ApiDb:250 - Set database path to: C:\Users\jansu\.stmcufinder\plugins\mcufinder//mcu/
2025-11-24 09:54:51,491 [WARN] DbFile:41 - Overriding database path with different value: C:\Users\jansu\.stmcufinder\plugins\mcufinder/ => C:\Users\jansu\.stmcufinder\plugins\mcufinder
2025-11-24 09:54:51,492 [INFO] DbMcusAds:125 - Set database path to: C:\Users\jansu\.stmcufinder\plugins\mcufinder//mcu/
2025-11-24 09:54:51,492 [WARN] DbFile:41 - Overriding database path with different value: C:\Users\jansu\.stmcufinder\plugins\mcufinder/ => C:\Users\jansu\.stmcufinder\plugins\mcufinder
2025-11-24 09:54:51,492 [WARN] DbFile:41 - Overriding database path with different value: C:\Users\jansu\.stmcufinder\plugins\mcufinder/ => C:\Users\jansu\.stmcufinder\plugins\mcufinder
2025-11-24 09:54:51,492 [INFO] CrossReferenceDbSqlite:203 - Set database path to: C:\Users\jansu\.stmcufinder\plugins\mcufinder//mcu/cs/
2025-11-24 09:54:51,581 [INFO] MainPanel:274 - HeapMemory: 268435456
2025-11-24 09:54:51,671 [INFO] DbMcusXml:78 - Set database path to: C:\ST\STM32CubeIDE_1.19.0\STM32CubeIDE\plugins\com.st.stm32cube.common.mx_6.15.0.202507011659\\db\/mcu/
2025-11-24 09:54:51,671 [INFO] ApiDb:274 - Set plugin database path to: C:\ST\STM32CubeIDE_1.19.0\STM32CubeIDE\plugins\com.st.stm32cube.common.mx_6.15.0.202507011659\\db\/plugins/boardmanager/
2025-11-24 09:54:51,671 [INFO] ApiDb:261 - Set plugin images path to: C:\ST\STM32CubeIDE_1.19.0\STM32CubeIDE\plugins\com.st.stm32cube.common.mx_6.15.0.202507011659\\db\/plugins/mcufinder/images/
2025-11-24 09:54:51,672 [WARN] DbFile:41 - Overriding database path with different value: C:\Users\jansu\.stmcufinder\plugins\mcufinder/ => C:\Users\jansu\.stmcufinder\plugins\mcufinder
2025-11-24 09:54:51,672 [INFO] ApiDb:250 - Set database path to: C:\Users\jansu\.stmcufinder\plugins\mcufinder//mcu/
2025-11-24 09:54:51,672 [WARN] DbFile:41 - Overriding database path with different value: C:\Users\jansu\.stmcufinder\plugins\mcufinder/ => C:\Users\jansu\.stmcufinder\plugins\mcufinder
2025-11-24 09:54:51,672 [INFO] DbMcusAds:125 - Set database path to: C:\Users\jansu\.stmcufinder\plugins\mcufinder//mcu/
2025-11-24 09:54:51,672 [WARN] DbFile:41 - Overriding database path with different value: C:\Users\jansu\.stmcufinder\plugins\mcufinder/ => C:\Users\jansu\.stmcufinder\plugins\mcufinder
2025-11-24 09:54:51,672 [WARN] DbFile:41 - Overriding database path with different value: C:\Users\jansu\.stmcufinder\plugins\mcufinder/ => C:\Users\jansu\.stmcufinder\plugins\mcufinder
2025-11-24 09:54:51,672 [INFO] CrossReferenceDbSqlite:203 - Set database path to: C:\Users\jansu\.stmcufinder\plugins\mcufinder//mcu/cs/
2025-11-24 09:54:51,715 [INFO] ApplicationProperties:184 - Using Application install path: C:\ST\STM32CubeIDE_1.19.0\STM32CubeIDE\plugins\com.st.stm32cube.common.mx_6.15.0.202507011659
2025-11-24 09:54:51,717 [INFO] PluginManage:196 - Search for loadable plugins [exclusion list=, ]
2025-11-24 09:54:51,719 [INFO] PluginManage:310 - Check plugin analytics
2025-11-24 09:54:51,936 [INFO] AnalyticsPlugin:253 - Accepted Software Licenses: 
2025-11-24 09:54:51,936 [INFO] AnalyticsPlugin:255 - Accepted CMSIS Pack Licenses: 
2025-11-24 09:54:51,936 [INFO] AnalyticsPlugin:257 - Accepted Firmware Licenses: FW.C0.1.4.0,FW.F4.1.28.0
2025-11-24 09:54:51,939 [INFO] PluginManage:359 - Loaded plugin analytics (category:tool,tabindex:-1)
2025-11-24 09:54:51,939 [INFO] PluginManage:310 - Check plugin cadmodel
2025-11-24 09:54:51,944 [INFO] CADModel:105 - Init CAD model plugin
2025-11-24 09:54:51,944 [INFO] PluginManage:359 - Loaded plugin cadmodel (category:power,tabindex:5)
2025-11-24 09:54:51,944 [INFO] PluginManage:310 - Check plugin clock
2025-11-24 09:54:51,956 [INFO] PluginManage:359 - Loaded plugin clock (category:base,tabindex:2)
2025-11-24 09:54:51,956 [INFO] PluginManage:310 - Check plugin ddr
2025-11-24 09:54:51,959 [INFO] PluginManage:359 - Loaded plugin ddr (category:tool,tabindex:6)
2025-11-24 09:54:51,959 [INFO] PluginManage:310 - Check plugin filemanager
2025-11-24 09:54:52,149 [INFO] PluginManage:359 - Loaded plugin filemanager (category:base,tabindex:10)
2025-11-24 09:54:52,149 [INFO] PluginManage:310 - Check plugin ipmanager
2025-11-24 09:54:52,157 [INFO] PluginManage:359 - Loaded plugin ipmanager (category:base,tabindex:5)
2025-11-24 09:54:52,157 [INFO] PluginManage:310 - Check plugin lpbam
2025-11-24 09:54:52,166 [INFO] PluginManage:359 - Loaded plugin lpbam (category:base,tabindex:0)
2025-11-24 09:54:52,166 [INFO] PluginManage:310 - Check plugin memorymap
2025-11-24 09:54:52,180 [INFO] PluginManage:359 - Loaded plugin memorymap (category:base,tabindex:4)
2025-11-24 09:54:52,180 [INFO] PluginManage:310 - Check plugin pinoutandconfiguration
2025-11-24 09:54:52,189 [INFO] PluginManage:359 - Loaded plugin pinoutandconfiguration (category:base,tabindex:1)
2025-11-24 09:54:52,189 [INFO] PluginManage:310 - Check plugin pinoutconfig
2025-11-24 09:54:52,329 [WARN] SupportedApi:132 - Cannot load RTOS API schema: s4s-elt-must-match.1: The content of 'definitions' must match (annotation?, (simpleType | complexType)?, (unique | key | keyref)*)). A problem was found starting at: attribute.
2025-11-24 09:54:52,501 [INFO] PluginManage:359 - Loaded plugin pinoutconfig (category:base,tabindex:0)
2025-11-24 09:54:52,501 [INFO] PluginManage:310 - Check plugin power
2025-11-24 09:54:52,510 [INFO] PluginManage:359 - Loaded plugin power (category:power,tabindex:4)
2025-11-24 09:54:52,511 [INFO] PluginManage:310 - Check plugin projectmanager
2025-11-24 09:54:52,528 [INFO] PluginManage:359 - Loaded plugin projectmanager (category:projectmanager,tabindex:4)
2025-11-24 09:54:52,529 [INFO] PluginManage:310 - Check plugin rif
2025-11-24 09:54:52,538 [INFO] PluginManage:359 - Loaded plugin rif (category:base,tabindex:3)
2025-11-24 09:54:52,539 [INFO] PluginManage:310 - Check plugin thirdparty
2025-11-24 09:54:52,687 [WARN] IntegrityCheckThread:84 - waiting for thirdparty lock release [integrity check]
2025-11-24 09:54:52,687 [INFO] PluginManage:359 - Loaded plugin thirdparty (category:base,tabindex:-1)
2025-11-24 09:54:52,688 [INFO] IntegrityCheckThread:86 - entering critical section [integrity check]
2025-11-24 09:54:52,688 [INFO] PluginManage:310 - Check plugin tools
2025-11-24 09:54:52,688 [INFO] ThirdPartyUpdaterWithRetryManager:70 - Updater plugin not ready yet. [1/15]
2025-11-24 09:54:52,691 [INFO] PluginManage:359 - Loaded plugin tools (category:base,tabindex:7)
2025-11-24 09:54:52,691 [INFO] PluginManage:310 - Check plugin tutovideos
2025-11-24 09:54:52,901 [INFO] PluginManage:359 - Loaded plugin tutovideos (category:base,tabindex:-1)
2025-11-24 09:54:52,902 [INFO] PluginManage:310 - Check plugin updater
2025-11-24 09:54:52,933 [INFO] PluginManage:359 - Loaded plugin updater (category:base,tabindex:12)
2025-11-24 09:54:52,934 [INFO] PluginManage:310 - Check plugin userauth
2025-11-24 09:54:52,938 [INFO] UserAuth:118 - Init User Auth plugin
2025-11-24 09:54:52,939 [INFO] PluginManage:359 - Loaded plugin userauth (category:base,tabindex:14)
2025-11-24 09:54:52,939 [INFO] PluginManage:283 - PluginManage : Loaded plugins [18]
2025-11-24 09:54:53,218 [INFO] PinOutPanel:1589 - setPackage(No Configuration,No Configuration)
2025-11-24 09:54:53,321 [INFO] CADModel:165 - CPN selected for project level
2025-11-24 09:54:53,322 [INFO] CADModel:114 - Register for checkConnection events
2025-11-24 09:54:53,342 [INFO] IPUIPlugin:80 - create IPUIPlugin
2025-11-24 09:54:53,343 [INFO] PluginManager:220 - loadIPPluginJar : add adc
2025-11-24 09:54:53,345 [INFO] IPUIPlugin:80 - create IPUIPlugin
2025-11-24 09:54:53,345 [INFO] PluginManager:220 - loadIPPluginJar : add aes
2025-11-24 09:54:53,348 [INFO] IPUIPlugin:80 - create IPUIPlugin
2025-11-24 09:54:53,348 [INFO] PluginManager:220 - loadIPPluginJar : add can
2025-11-24 09:54:53,349 [INFO] IPUIPlugin:80 - create IPUIPlugin
2025-11-24 09:54:53,349 [INFO] PluginManager:220 - loadIPPluginJar : add comp
2025-11-24 09:54:53,351 [INFO] IPUIPlugin:80 - create IPUIPlugin
2025-11-24 09:54:53,353 [INFO] PluginManager:220 - loadIPPluginJar : add cryp
2025-11-24 09:54:53,355 [INFO] IPUIPlugin:80 - create IPUIPlugin
2025-11-24 09:54:53,355 [INFO] PluginManager:220 - loadIPPluginJar : add ddr_ctrl_phy
2025-11-24 09:54:53,358 [INFO] IPUIPlugin:80 - create IPUIPlugin
2025-11-24 09:54:53,358 [INFO] PluginManager:220 - loadIPPluginJar : add dfsdm
2025-11-24 09:54:53,363 [INFO] IPUIPlugin:80 - create IPUIPlugin
2025-11-24 09:54:53,364 [INFO] PluginManager:220 - loadIPPluginJar : add dma
2025-11-24 09:54:53,368 [INFO] IPUIPlugin:80 - create IPUIPlugin
2025-11-24 09:54:53,368 [INFO] PluginManager:220 - loadIPPluginJar : add dma3
2025-11-24 09:54:53,372 [INFO] IPUIPlugin:80 - create IPUIPlugin
2025-11-24 09:54:53,373 [INFO] PluginManager:220 - loadIPPluginJar : add extmemmanager
2025-11-24 09:54:53,373 [INFO] IPUIPlugin:80 - create IPUIPlugin
2025-11-24 09:54:53,373 [INFO] PluginManager:220 - loadIPPluginJar : add fatfs
2025-11-24 09:54:53,379 [INFO] IPUIPlugin:80 - create IPUIPlugin
2025-11-24 09:54:53,379 [INFO] PluginManager:220 - loadIPPluginJar : add fmc
2025-11-24 09:54:53,386 [INFO] IPUIPlugin:80 - create IPUIPlugin
2025-11-24 09:54:53,386 [INFO] PluginManager:220 - loadIPPluginJar : add freertos
2025-11-24 09:54:53,388 [INFO] IPUIPlugin:80 - create IPUIPlugin
2025-11-24 09:54:53,388 [INFO] PluginManager:220 - loadIPPluginJar : add genericplugin
2025-11-24 09:54:53,390 [INFO] IPUIPlugin:80 - create IPUIPlugin
2025-11-24 09:54:53,390 [INFO] PluginManager:220 - loadIPPluginJar : add gfxmmu
2025-11-24 09:54:53,396 [INFO] IPUIPlugin:80 - create IPUIPlugin
2025-11-24 09:54:53,396 [INFO] PluginManager:220 - loadIPPluginJar : add gic
2025-11-24 09:54:53,400 [INFO] IPUIPlugin:80 - create IPUIPlugin
2025-11-24 09:54:53,401 [INFO] PluginManager:220 - loadIPPluginJar : add gpio
2025-11-24 09:54:53,403 [INFO] IPUIPlugin:80 - create IPUIPlugin
2025-11-24 09:54:53,403 [INFO] PluginManager:220 - loadIPPluginJar : add gtzc
2025-11-24 09:54:53,406 [INFO] IPUIPlugin:80 - create IPUIPlugin
2025-11-24 09:54:53,406 [INFO] PluginManager:220 - loadIPPluginJar : add hash
2025-11-24 09:54:53,409 [INFO] IPUIPlugin:80 - create IPUIPlugin
2025-11-24 09:54:53,409 [INFO] PluginManager:220 - loadIPPluginJar : add i2c
2025-11-24 09:54:53,411 [INFO] IPUIPlugin:80 - create IPUIPlugin
2025-11-24 09:54:53,412 [INFO] PluginManager:220 - loadIPPluginJar : add i2s
2025-11-24 09:54:53,415 [INFO] IPUIPlugin:80 - create IPUIPlugin
2025-11-24 09:54:53,415 [INFO] PluginManager:220 - loadIPPluginJar : add i3c
2025-11-24 09:54:53,418 [INFO] IPUIPlugin:80 - create IPUIPlugin
2025-11-24 09:54:53,419 [INFO] PluginManager:220 - loadIPPluginJar : add ipddr
2025-11-24 09:54:53,427 [INFO] IPUIPlugin:80 - create IPUIPlugin
2025-11-24 09:54:53,428 [INFO] PluginManager:220 - loadIPPluginJar : add linkedlist
2025-11-24 09:54:53,432 [INFO] IPUIPlugin:80 - create IPUIPlugin
2025-11-24 09:54:53,432 [INFO] PluginManager:220 - loadIPPluginJar : add lorawan
2025-11-24 09:54:53,434 [INFO] IPUIPlugin:80 - create IPUIPlugin
2025-11-24 09:54:53,434 [INFO] PluginManager:220 - loadIPPluginJar : add ltdc
2025-11-24 09:54:53,441 [INFO] IPUIPlugin:80 - create IPUIPlugin
2025-11-24 09:54:53,441 [INFO] PluginManager:220 - loadIPPluginJar : add mdma
2025-11-24 09:54:53,445 [INFO] IPUIPlugin:80 - create IPUIPlugin
2025-11-24 09:54:53,445 [INFO] PluginManager:220 - loadIPPluginJar : add nvic
2025-11-24 09:54:53,448 [INFO] IPUIPlugin:80 - create IPUIPlugin
2025-11-24 09:54:53,448 [INFO] PluginManager:220 - loadIPPluginJar : add opamp
2025-11-24 09:54:53,452 [INFO] IPUIPlugin:80 - create IPUIPlugin
2025-11-24 09:54:53,453 [INFO] PluginManager:220 - loadIPPluginJar : add openamp
2025-11-24 09:54:53,456 [INFO] IPUIPlugin:80 - create IPUIPlugin
2025-11-24 09:54:53,456 [INFO] PluginManager:220 - loadIPPluginJar : add pdm2pcm
2025-11-24 09:54:53,463 [INFO] IPUIPlugin:80 - create IPUIPlugin
2025-11-24 09:54:53,466 [INFO] PluginManager:220 - loadIPPluginJar : add plateformsettings
2025-11-24 09:54:53,469 [INFO] IPUIPlugin:80 - create IPUIPlugin
2025-11-24 09:54:53,469 [INFO] PluginManager:220 - loadIPPluginJar : add quadspi
2025-11-24 09:54:53,471 [INFO] IPUIPlugin:80 - create IPUIPlugin
2025-11-24 09:54:53,472 [INFO] PluginManager:220 - loadIPPluginJar : add radio
2025-11-24 09:54:53,476 [INFO] IPUIPlugin:80 - create IPUIPlugin
2025-11-24 09:54:53,476 [INFO] PluginManager:220 - loadIPPluginJar : add resmgrutility
2025-11-24 09:54:53,479 [INFO] IPUIPlugin:80 - create IPUIPlugin
2025-11-24 09:54:53,479 [INFO] PluginManager:220 - loadIPPluginJar : add sai
2025-11-24 09:54:53,482 [INFO] IPUIPlugin:80 - create IPUIPlugin
2025-11-24 09:54:53,482 [INFO] PluginManager:220 - loadIPPluginJar : add spi
2025-11-24 09:54:53,491 [INFO] IPUIPlugin:80 - create IPUIPlugin
2025-11-24 09:54:53,491 [INFO] PluginManager:220 - loadIPPluginJar : add stm32_wpan
2025-11-24 09:54:53,492 [INFO] IPUIPlugin:80 - create IPUIPlugin
2025-11-24 09:54:53,493 [INFO] PluginManager:220 - loadIPPluginJar : add tim
2025-11-24 09:54:53,496 [INFO] IPUIPlugin:80 - create IPUIPlugin
2025-11-24 09:54:53,497 [INFO] PluginManager:220 - loadIPPluginJar : add touchsensing
2025-11-24 09:54:53,500 [INFO] IPUIPlugin:80 - create IPUIPlugin
2025-11-24 09:54:53,501 [INFO] PluginManager:220 - loadIPPluginJar : add tracer_emb
2025-11-24 09:54:53,503 [INFO] IPUIPlugin:80 - create IPUIPlugin
2025-11-24 09:54:53,503 [INFO] PluginManager:220 - loadIPPluginJar : add ts
2025-11-24 09:54:53,504 [INFO] IPUIPlugin:80 - create IPUIPlugin
2025-11-24 09:54:53,504 [INFO] PluginManager:220 - loadIPPluginJar : add tsc
2025-11-24 09:54:53,518 [INFO] IPUIPlugin:80 - create IPUIPlugin
2025-11-24 09:54:53,518 [INFO] PluginManager:220 - loadIPPluginJar : add ucpd
2025-11-24 09:54:53,521 [INFO] IPUIPlugin:80 - create IPUIPlugin
2025-11-24 09:54:53,521 [INFO] PluginManager:220 - loadIPPluginJar : add usart
2025-11-24 09:54:53,526 [INFO] IPUIPlugin:80 - create IPUIPlugin
2025-11-24 09:54:53,526 [INFO] PluginManager:220 - loadIPPluginJar : add usbx
2025-11-24 09:54:53,690 [FATAL] Updater:351 - Updater called before beeing initialized
2025-11-24 09:54:53,725 [INFO] RulesReader:64 - Compatibility file has been processed (317 Rules)
2025-11-24 09:54:53,740 [INFO] RulesReader:64 - Compatibility file has been processed (317 Rules)
2025-11-24 09:54:53,751 [INFO] CADModel:165 - CPN selected for project level
2025-11-24 09:54:53,751 [INFO] CADModel:114 - Register for checkConnection events
2025-11-24 09:54:53,751 [FATAL] Updater:351 - Updater called before beeing initialized
2025-11-24 09:54:53,751 [ERROR] CADModel:125 - Updater not yet initialized, retry later 
2025-11-24 09:54:53,968 [FATAL] Updater:351 - Updater called before beeing initialized
2025-11-24 09:54:53,971 [INFO] CADModel:165 - CPN selected for project level
2025-11-24 09:54:53,971 [INFO] CADModel:114 - Register for checkConnection events
2025-11-24 09:54:53,971 [FATAL] Updater:351 - Updater called before beeing initialized
2025-11-24 09:54:53,971 [ERROR] CADModel:125 - Updater not yet initialized, retry later 
2025-11-24 09:54:54,000 [FATAL] Updater:351 - Updater called before beeing initialized
2025-11-24 09:54:54,144 [FATAL] Updater:351 - Updater called before beeing initialized
2025-11-24 09:54:54,149 [INFO] DbMcusAds:53 - JSON generation date=Mon Nov 10 11:43:01 CET 2025 (1762771381096)
2025-11-24 09:54:54,149 [FATAL] Updater:351 - Updater called before beeing initialized
2025-11-24 09:54:54,191 [WARN] DetailPanel:346 - Failed to get advertising image, set to default
2025-11-24 09:54:54,301 [FATAL] Updater:351 - Updater called before beeing initialized
2025-11-24 09:54:54,303 [FATAL] Updater:351 - Updater called before beeing initialized
2025-11-24 09:54:54,303 [FATAL] Updater:351 - Updater called before beeing initialized
2025-11-24 09:54:54,303 [WARN] DetailPanel:346 - Failed to get advertising image, set to default
2025-11-24 09:54:54,305 [FATAL] Updater:351 - Updater called before beeing initialized
2025-11-24 09:54:54,390 [ERROR] Updater:1198 - MainUpdater not yet initialized. External WinMGr cannot be set.
2025-11-24 09:54:54,393 [INFO] Updater:1134 - Updater Version found : 6.15.0
2025-11-24 09:54:54,412 [INFO] ApplicationProperties:184 - Using Application install path: C:\ST\STM32CubeIDE_1.19.0\STM32CubeIDE\plugins\com.st.stm32cube.common.mx_6.15.0.202507011659
2025-11-24 09:54:55,690 [INFO] ThirdPartyUpdaterWithRetryManager:70 - Updater plugin not ready yet. [2/15]
2025-11-24 09:54:55,995 [ERROR] LogOutputStream:75 - [STDERR_REDIRECT] Nov 24, 2025 9:54:55 AM java.util.prefs.WindowsPreferences <init>
2025-11-24 09:54:55,997 [ERROR] LogOutputStream:75 - [STDERR_REDIRECT] WARNING: Could not open/create prefs root node Software\JavaSoft\Prefs at root 0xffffffff80000002. Windows RegCreateKeyEx(...) returned error code 5.
2025-11-24 09:54:55,997 [ERROR] LogOutputStream:75 - [STDERR_REDIRECT] 
2025-11-24 09:54:56,347 [INFO] MainUpdater:2872 - connection check result : 10
2025-11-24 09:54:56,348 [INFO] MainUpdater:289 - Updater Check For Update Now.
2025-11-24 09:54:56,349 [INFO] MicroXplorer:498 - Change Database Version : DB.6.0.150
2025-11-24 09:54:56,354 [INFO] McuFinderGlobals:63 - Set McuFinder mode to 2 (CubeIDE integrated)
2025-11-24 09:54:56,355 [INFO] UserAuth:487 - Internet connection configuration mode: 1
2025-11-24 09:54:56,378 [INFO] JxBrowserEngine:152 - Initiate JxBrowser Engine with user profile folder
2025-11-24 09:54:56,553 [INFO] CheckServerUpdateThread:120 - End of CheckServer Thread
2025-11-24 09:54:57,276 [INFO] WebApp:169 - Instantiating new browser for Auth
2025-11-24 09:54:58,137 [INFO] WebApp:463 - Apply proxy settings
2025-11-24 09:54:58,138 [INFO] WebApp:548 - Chromium requires no authentication
2025-11-24 09:54:58,147 [INFO] WebApp:491 - Direct internet connection detected
2025-11-24 09:54:58,172 [INFO] WebApp:900 - Register for checkConnection events
2025-11-24 09:54:58,172 [INFO] WebApp:463 - Apply proxy settings
2025-11-24 09:54:58,172 [INFO] WebApp:548 - Chromium requires no authentication
2025-11-24 09:54:58,173 [INFO] WebApp:491 - Direct internet connection detected
2025-11-24 09:54:58,350 [INFO] WebApp:225 - Starting web application
2025-11-24 09:54:58,350 [INFO] WebApp:593 - Web application path used C:\ST\STM32CubeIDE_1.19.0\STM32CubeIDE\plugins\com.st.stm32cube.common.mx_6.15.0.202507011659\db\plugins\mcufinder\reactClient1\index.html
2025-11-24 09:54:58,389 [INFO] WebApp:191 - Connection restablished
2025-11-24 09:54:58,479 [INFO] UserAuth:487 - Internet connection configuration mode: 1
2025-11-24 09:54:58,998 [WARN] PackLoader:240 - Cannot read IP mode file for STMicroelectronics.FP-SNS-MOTENVWB1.1.4.0
2025-11-24 09:54:59,011 [WARN] PackLoader:240 - Cannot read IP mode file for STMicroelectronics.FP-ATR-ASTRA1.2.0.2
2025-11-24 09:54:59,025 [WARN] PackLoader:240 - Cannot read IP mode file for STMicroelectronics.X-CUBE-SMBUS.2.1.0
2025-11-24 09:54:59,030 [WARN] PackLoader:240 - Cannot read IP mode file for STMicroelectronics.X-CUBE-ST60.1.0.0
2025-11-24 09:54:59,072 [WARN] PackLoader:240 - Cannot read IP mode file for STMicroelectronics.X-CUBE-AZRTOS-F7.1.1.0
2025-11-24 09:54:59,081 [WARN] PackLoader:240 - Cannot read IP mode file for STMicroelectronics.FP-SNS-MOTENV1.5.1.0
2025-11-24 09:54:59,093 [WARN] PackLoader:240 - Cannot read IP mode file for WES.I-CUBE-Cesium.1.4.0
2025-11-24 09:54:59,123 [WARN] PackLoader:240 - Cannot read IP mode file for Infineon.AIROC-Wi-Fi-Bluetooth-STM32.1.7.1
2025-11-24 09:54:59,150 [WARN] PackLoader:240 - Cannot read IP mode file for STMicroelectronics.X-CUBE-AZRTOS-H7.3.4.0
2025-11-24 09:54:59,161 [WARN] PackLoader:240 - Cannot read IP mode file for STMicroelectronics.X-CUBE-DISPLAY.3.0.0
2025-11-24 09:54:59,173 [WARN] PackLoader:240 - Cannot read IP mode file for STMicroelectronics.X-CUBE-NFC10.1.0.0
2025-11-24 09:54:59,179 [WARN] PackLoader:240 - Cannot read IP mode file for STMicroelectronics.X-CUBE-ST60.1.1.0
2025-11-24 09:54:59,185 [WARN] PackLoader:240 - Cannot read IP mode file for emotas.I-CUBE-CANOPEN.1.3.0
2025-11-24 09:54:59,191 [WARN] PackLoader:240 - Cannot read IP mode file for STMicroelectronics.X-CUBE-GNSS1.7.1.0
2025-11-24 09:54:59,198 [WARN] PackLoader:240 - Cannot read IP mode file for STMicroelectronics.FP-SNS-STBOX1.2.1.0
2025-11-24 09:54:59,204 [WARN] PackLoader:240 - Cannot read IP mode file for STMicroelectronics.FP-SNS-SMARTAG2.1.2.0
2025-11-24 09:54:59,209 [WARN] PackLoader:240 - Cannot read IP mode file for STMicroelectronics.FP-SNS-FLIGHT1.5.1.0
2025-11-24 09:54:59,227 [INFO] LogOutputStream:77 - [STDOUT_REDIRECT] 1 : Invalid condition id : UX_CORESTACK_Condition cause : null
2025-11-24 09:54:59,228 [INFO] LogOutputStream:77 - [STDOUT_REDIRECT] 1 : Invalid condition id : UX_CORESTACK_Condition cause : null
2025-11-24 09:54:59,229 [INFO] LogOutputStream:77 - [STDOUT_REDIRECT] 1 : Invalid condition id : UX_CORESTACK_Condition cause : null
2025-11-24 09:54:59,231 [INFO] LogOutputStream:77 - [STDOUT_REDIRECT] 1 : Invalid condition id : UX_CORESTACK_Condition cause : null
2025-11-24 09:54:59,232 [INFO] LogOutputStream:77 - [STDOUT_REDIRECT] 1 : Invalid condition id : UX_CORESTACK_Condition cause : null
2025-11-24 09:54:59,236 [WARN] PackLoader:240 - Cannot read IP mode file for STMicroelectronics.X-CUBE-AZRTOS-WL.2.0.0
2025-11-24 09:54:59,241 [WARN] PackLoader:240 - Cannot read IP mode file for STMicroelectronics.FP-SNS-MOTENV1.5.0.0
2025-11-24 09:54:59,247 [WARN] PackLoader:240 - Cannot read IP mode file for STMicroelectronics.X-CUBE-BLE2.3.3.0
2025-11-24 09:54:59,270 [WARN] PackLoader:240 - Cannot read IP mode file for STMicroelectronics.X-CUBE-NFC9.1.0.0
2025-11-24 09:54:59,277 [WARN] PackLoader:240 - Cannot read IP mode file for wolfSSL.I-CUBE-wolfSSL.5.8.2
2025-11-24 09:54:59,282 [WARN] PackLoader:240 - Cannot read IP mode file for STMicroelectronics.X-CUBE-BLE1.7.1.0
2025-11-24 09:54:59,285 [WARN] PackLoader:240 - Cannot read IP mode file for wolfSSL.I-CUBE-wolfMQTT.1.19.2
2025-11-24 09:54:59,290 [WARN] PackLoader:240 - Cannot read IP mode file for STMicroelectronics.X-CUBE-EEPRMA1.5.2.0
2025-11-24 09:54:59,298 [WARN] PackLoader:240 - Cannot read IP mode file for STMicroelectronics.X-CUBE-ST67W61.1.1.0
2025-11-24 09:54:59,311 [WARN] PackLoader:240 - Cannot read IP mode file for STMicroelectronics.X-CUBE-AZRTOS-G0.1.1.0
2025-11-24 09:54:59,318 [WARN] PackLoader:240 - Cannot read IP mode file for STMicroelectronics.X-CUBE-SAFEA1.1.2.2
2025-11-24 09:54:59,324 [WARN] PackLoader:240 - Cannot read IP mode file for STMicroelectronics.X-CUBE-NFC4.3.0.0
2025-11-24 09:54:59,332 [WARN] PackLoader:240 - Cannot read IP mode file for EmbeddedOffice.I-CUBE-FS-RTOS.1.0.1
2025-11-24 09:54:59,337 [WARN] PackLoader:240 - Cannot read IP mode file for STMicroelectronics.X-CUBE-WB05N.2.0.0
2025-11-24 09:54:59,341 [WARN] PackLoader:240 - Cannot read IP mode file for wolfSSL.I-CUBE-wolfTPM.3.8.0
2025-11-24 09:54:59,345 [WARN] PackLoader:240 - Cannot read IP mode file for STMicroelectronics.X-CUBE-TCPP.4.2.0
2025-11-24 09:54:59,352 [WARN] PackLoader:240 - Cannot read IP mode file for RealThread.X-CUBE-RT-Thread_Nano.4.1.1
2025-11-24 09:54:59,356 [WARN] PackLoader:240 - Cannot read IP mode file for STMicroelectronics.FP-ATR-SIGFOX1.3.2.0
2025-11-24 09:54:59,362 [WARN] PackLoader:240 - Cannot read IP mode file for ITTIA_DB.I-CUBE-ITTIADB.8.9.0
2025-11-24 09:54:59,367 [WARN] PackLoader:240 - Cannot read IP mode file for STMicroelectronics.X-CUBE-ST67W61.1.0.0
2025-11-24 09:54:59,371 [WARN] PackLoader:240 - Cannot read IP mode file for STMicroelectronics.X-CUBE-AI.10.2.0
2025-11-24 09:54:59,393 [WARN] PackLoader:240 - Cannot read IP mode file for SEGGER.I-CUBE-embOS.1.3.1
2025-11-24 09:54:59,430 [WARN] PackLoader:240 - Cannot read IP mode file for STMicroelectronics.X-CUBE-ALGOBUILD.1.4.0
2025-11-24 09:54:59,489 [WARN] PackLoader:240 - Cannot read IP mode file for STMicroelectronics.X-CUBE-MEMS1.11.3.0
2025-11-24 09:54:59,685 [WARN] PackLoader:240 - Cannot read IP mode file for STMicroelectronics.X-CUBE-PM33A1.1.0.0
2025-11-24 09:54:59,698 [WARN] PackLoader:240 - Cannot read IP mode file for STMicroelectronics.X-CUBE-AZRTOS-F4.1.1.0
2025-11-24 09:54:59,703 [WARN] PackLoader:240 - Cannot read IP mode file for Avnet-IotConnect.X-CUBE-IoTC-DA16k-PMOD.1.0.0
2025-11-24 09:54:59,706 [WARN] PackLoader:240 - Cannot read IP mode file for STMicroelectronics.X-CUBE-ISPU.2.1.0
2025-11-24 09:54:59,716 [WARN] PackLoader:240 - Cannot read IP mode file for STMicroelectronics.X-CUBE-IPS.3.2.0
2025-11-24 09:54:59,728 [WARN] PackLoader:240 - Cannot read IP mode file for STMicroelectronics.X-CUBE-NFC12.1.0.0
2025-11-24 09:54:59,741 [WARN] PackLoader:240 - Cannot read IP mode file for STMicroelectronics.X-CUBE-AZRTOS-L5.2.0.0
2025-11-24 09:54:59,749 [WARN] PackLoader:240 - Cannot read IP mode file for STMicroelectronics.X-CUBE-NFC6.3.1.0
2025-11-24 09:54:59,755 [WARN] PackLoader:240 - Cannot read IP mode file for STMicroelectronics.X-CUBE-FREERTOS.1.3.1
2025-11-24 09:54:59,783 [WARN] PackLoader:240 - Cannot read IP mode file for STMicroelectronics.X-CUBE-TOUCHGFX.4.26.0
2025-11-24 09:54:59,787 [WARN] PackLoader:240 - Cannot read IP mode file for STMicroelectronics.FP-SNS-STAIOTCFT.1.0.0
2025-11-24 09:54:59,792 [WARN] PackLoader:240 - Cannot read IP mode file for STMicroelectronics.X-CUBE-DPower.1.3.0
2025-11-24 09:54:59,806 [WARN] ConditionMgr:438 - getConditionDescription Invalid condition id : LAN8742 Phy interface Condition cause : null
2025-11-24 09:54:59,806 [WARN] PackLoader:240 - Cannot read IP mode file for STMicroelectronics.X-CUBE-AZRTOS-L4.2.0.0
2025-11-24 09:54:59,807 [WARN] ConditionMgr:1044 - genDependencies : Invalid condition id : LAN8742 Phy interface Condition cause : null
2025-11-24 09:54:59,807 [WARN] ConditionMgr:1044 - genDependencies : Invalid condition id : LAN8742 Phy interface Condition cause : null
2025-11-24 09:54:59,808 [WARN] ConditionMgr:1044 - genDependencies : Invalid condition id : LAN8742 Phy interface Condition cause : null
2025-11-24 09:54:59,814 [WARN] PackLoader:240 - Cannot read IP mode file for STMicroelectronics.X-CUBE-SFXS2LP1.4.0.0
2025-11-24 09:54:59,822 [WARN] PackLoader:240 - Cannot read IP mode file for STMicroelectronics.X-CUBE-BLEMGR.4.1.0
2025-11-24 09:54:59,834 [WARN] ConditionMgr:438 - getConditionDescription Invalid condition id : UX DEVICE CLASS RTOS Condition cause : null
2025-11-24 09:54:59,835 [WARN] ConditionMgr:438 - getConditionDescription Invalid condition id : UX DEVICE CLASS RTOS Condition cause : null
2025-11-24 09:54:59,837 [WARN] PackLoader:240 - Cannot read IP mode file for STMicroelectronics.X-CUBE-AZRTOS-WB.2.0.0
2025-11-24 09:54:59,837 [WARN] ConditionMgr:1044 - genDependencies : Invalid condition id : UX DEVICE CLASS RTOS Condition cause : null
2025-11-24 09:54:59,837 [WARN] ConditionMgr:1044 - genDependencies : Invalid condition id : UX DEVICE CLASS RTOS Condition cause : null
2025-11-24 09:54:59,838 [WARN] ConditionMgr:1044 - genDependencies : Invalid condition id : UX DEVICE CLASS RTOS Condition cause : null
2025-11-24 09:54:59,838 [WARN] ConditionMgr:1044 - genDependencies : Invalid condition id : UX DEVICE CLASS RTOS Condition cause : null
2025-11-24 09:54:59,838 [WARN] ConditionMgr:1044 - genDependencies : Invalid condition id : UX DEVICE CLASS RTOS Condition cause : null
2025-11-24 09:54:59,843 [WARN] PackLoader:240 - Cannot read IP mode file for STMicroelectronics.X-CUBE-GNSS1.7.0.1
2025-11-24 09:54:59,846 [WARN] PackLoader:240 - Cannot read IP mode file for STMicroelectronics.X-CUBE-TOUCHGFX.4.25.0
2025-11-24 09:54:59,851 [WARN] ConditionMgr:438 - getConditionDescription Invalid condition id : Cortex-A Device cause : null
2025-11-24 09:54:59,859 [WARN] ConditionMgr:1044 - genDependencies : Invalid condition id : Cortex-A Device cause : null
2025-11-24 09:54:59,859 [WARN] ConditionMgr:1044 - genDependencies : Invalid condition id : Cortex-A Device cause : null
2025-11-24 09:54:59,859 [WARN] ConditionMgr:1044 - genDependencies : Invalid condition id : Cortex-A Device cause : null
2025-11-24 09:54:59,867 [WARN] PackLoader:240 - Cannot read IP mode file for STMicroelectronics.X-CUBE-SUBG2.5.0.0
2025-11-24 09:54:59,881 [WARN] PackLoader:240 - Cannot read IP mode file for STMicroelectronics.X-CUBE-AZRTOS-H7RS.1.1.0
2025-11-24 09:54:59,887 [WARN] PackLoader:240 - Cannot read IP mode file for Cesanta.I-CUBE-Mongoose.7.13.0
2025-11-24 09:54:59,897 [WARN] PackLoader:240 - Cannot read IP mode file for STMicroelectronics.X-CUBE-AZRTOS-G4.2.0.0
2025-11-24 09:54:59,926 [WARN] PackLoader:240 - Cannot read IP mode file for wolfSSL.I-CUBE-wolfSSH.1.4.20
2025-11-24 09:54:59,930 [WARN] PackLoader:240 - Cannot read IP mode file for STMicroelectronics.X-CUBE-NFC7.2.0.0
2025-11-24 09:54:59,946 [WARN] PackLoader:240 - Cannot read IP mode file for STMicroelectronics.X-CUBE-IPS.3.1.0
2025-11-24 09:54:59,954 [WARN] PackLoader:240 - Cannot read IP mode file for STMicroelectronics.X-CUBE-ALS.1.0.2
2025-11-24 09:54:59,959 [WARN] PackLoader:240 - Cannot read IP mode file for STMicroelectronics.X-CUBE-STSE01.1.0.0
2025-11-24 09:54:59,969 [WARN] PackLoader:240 - Cannot read IP mode file for STMicroelectronics.X-CUBE-TOF1.3.4.3
2025-11-24 09:54:59,976 [INFO] ThirdParty:978 - Integrity check success = true
2025-11-24 09:54:59,976 [INFO] IntegrityCheckThread:100 - exiting critical section [integrity check]
2025-11-24 09:54:59,976 [INFO] IntegrityCheckThread:103 - End integrity checks thread
2025-11-24 09:57:05,511 [INFO] McuFinderGlobals:63 - Set McuFinder mode to 2 (CubeIDE integrated)
2025-11-24 09:57:05,519 [INFO] MainUpdater:2872 - connection check result : 10
2025-11-24 09:57:05,521 [INFO] MainUpdater:2872 - connection check result : 10
2025-11-24 09:57:05,576 [INFO] MicroXplorer:468 - Change Database Path : 
2025-11-24 09:57:05,576 [INFO] MicroXplorer:498 - Change Database Version : DB.6.0.150
2025-11-24 09:57:05,588 [WARN] ThirdParty:871 - waiting for thirdparty lock release [close project]
2025-11-24 09:57:05,588 [INFO] ThirdParty:873 - entering critical section [close project]
2025-11-24 09:57:05,589 [INFO] ThirdParty:883 - exiting critical section [close project]
2025-11-24 09:57:05,591 [INFO] PinOutPanel:1589 - setPackage(No Configuration,No Configuration)
2025-11-24 09:57:05,593 [INFO] UtilMem:75 - Begin LoadConfig() Used Memory: 635185808 Bytes (1073741824)
2025-11-24 09:57:05,594 [INFO] MicroXplorer:468 - Change Database Path : 
2025-11-24 09:57:05,594 [INFO] MicroXplorer:498 - Change Database Version : DB.6.0.150
2025-11-24 09:57:05,594 [INFO] OpenFileManager:355 - Change cursor
2025-11-24 09:57:05,630 [INFO] Mcu:2029 - Initializing MCU STM32F030C8Tx STM32F030C8Tx STM32F030C8T6
2025-11-24 09:57:06,890 [INFO] Context:786 - Trying to add GPIOservice into a context  which must be forbidden
2025-11-24 09:57:07,242 [INFO] ImportTextPane:234 - (OptionalMessage_ERROR) Pin23 (VP_RIF_VS_RIF1) cannot be retrieved for this MCU
2025-11-24 09:57:07,352 [INFO] RtosManager:558 - Registered RTOS mode: class=CMSIS, group=RTOS, mode=CMSIS_V1, owner=FREERTOS
2025-11-24 09:57:07,353 [INFO] RtosManager:558 - Registered RTOS mode: class=CMSIS, group=RTOS2, mode=CMSIS_V2, owner=FREERTOS
2025-11-24 09:57:07,353 [INFO] RtosManager:558 - Registered RTOS mode: class=RTOS, group=Core, mode=CMSIS_V1, owner=FREERTOS
2025-11-24 09:57:07,353 [INFO] RtosManager:558 - Registered RTOS mode: class=RTOS, group=Core, mode=CMSIS_V2, owner=FREERTOS
2025-11-24 09:57:07,353 [WARN] ModelIntegratedComponent:184 - Missing modes for component STMicroelectronics:FreeRTOS:0.0.1:STMicroelectronics:RTOS:FreeRTOS:Core:::10.2.0:
2025-11-24 09:57:07,372 [WARN] ModelIntegratedComponent:63 - No mode defined for component null
2025-11-24 09:57:07,372 [WARN] ModelIntegratedComponent:63 - No mode defined for component null
2025-11-24 09:57:07,372 [WARN] ModelIntegratedComponent:63 - No mode defined for component null
2025-11-24 09:57:07,372 [WARN] ModelIntegratedComponent:63 - No mode defined for component null
2025-11-24 09:57:07,372 [WARN] ModelIntegratedComponent:63 - No mode defined for component null
2025-11-24 09:57:07,372 [WARN] ModelIntegratedComponent:63 - No mode defined for component null
2025-11-24 09:57:07,372 [WARN] ModelIntegratedComponent:63 - No mode defined for component null
2025-11-24 09:57:07,372 [WARN] ModelIntegratedComponent:63 - No mode defined for component null
2025-11-24 09:57:07,372 [WARN] ModelIntegratedComponent:63 - No mode defined for component null
2025-11-24 09:57:07,372 [WARN] ModelIntegratedComponent:63 - No mode defined for component null
2025-11-24 09:57:07,372 [WARN] ModelIntegratedComponent:63 - No mode defined for component null
2025-11-24 09:57:07,372 [WARN] ModelIntegratedComponent:63 - No mode defined for component null
2025-11-24 09:57:07,374 [WARN] ModelIntegratedComponent:63 - No mode defined for component null
2025-11-24 09:57:07,374 [WARN] ModelIntegratedComponent:63 - No mode defined for component null
2025-11-24 09:57:07,374 [WARN] ModelIntegratedComponent:63 - No mode defined for component null
2025-11-24 09:57:07,374 [WARN] ModelIntegratedComponent:63 - No mode defined for component null
2025-11-24 09:57:07,374 [WARN] ModelIntegratedComponent:63 - No mode defined for component null
2025-11-24 09:57:07,374 [WARN] ModelIntegratedComponent:63 - No mode defined for component null
2025-11-24 09:57:07,374 [WARN] ModelIntegratedComponent:63 - No mode defined for component null
2025-11-24 09:57:07,374 [WARN] ModelIntegratedComponent:63 - No mode defined for component null
2025-11-24 09:57:07,374 [WARN] ModelIntegratedComponent:63 - No mode defined for component null
2025-11-24 09:57:07,374 [WARN] ModelIntegratedComponent:63 - No mode defined for component null
2025-11-24 09:57:07,374 [WARN] ModelIntegratedComponent:63 - No mode defined for component null
2025-11-24 09:57:07,374 [WARN] ModelIntegratedComponent:63 - No mode defined for component null
2025-11-24 09:57:07,374 [WARN] ModelIntegratedComponent:63 - No mode defined for component null
2025-11-24 09:57:07,374 [WARN] ModelIntegratedComponent:63 - No mode defined for component null
2025-11-24 09:57:07,374 [WARN] ModelIntegratedComponent:63 - No mode defined for component null
2025-11-24 09:57:07,374 [WARN] ModelIntegratedComponent:63 - No mode defined for component null
2025-11-24 09:57:07,374 [WARN] ModelIntegratedComponent:63 - No mode defined for component null
2025-11-24 09:57:07,374 [WARN] ModelIntegratedComponent:63 - No mode defined for component null
2025-11-24 09:57:07,374 [WARN] ModelIntegratedComponent:63 - No mode defined for component null
2025-11-24 09:57:07,374 [WARN] ModelIntegratedComponent:63 - No mode defined for component null
2025-11-24 09:57:07,374 [WARN] ModelIntegratedComponent:63 - No mode defined for component null
2025-11-24 09:57:07,374 [WARN] ModelIntegratedComponent:63 - No mode defined for component null
2025-11-24 09:57:07,374 [WARN] ModelIntegratedComponent:63 - No mode defined for component null
2025-11-24 09:57:07,374 [WARN] ModelPack:524 - Component already loaded: STMicroelectronics:HAL Drivers:0.0.0:STMicroelectronics:Device:STMicro_Driver:XSPI:HAL::0.0.1:HAL_XSPI
2025-11-24 09:57:07,470 [INFO] ThirdPartyModel:298 - Start build external matchings
2025-11-24 09:57:07,840 [INFO] ThirdPartyModel:316 - End build external matchings
2025-11-24 09:57:07,863 [INFO] ImportTextPane:234 - (OptionalMessage_ERROR) IP (RCC) : Invalid parameter (FamilyName)
2025-11-24 09:57:08,133 [INFO] ApiDb:581 - Connected to CubeFinder SQLite database (C:\Users\jansu\.stmcufinder\plugins\mcufinder\mcu\cube-finder-db.db)
2025-11-24 09:57:08,261 [INFO] ApiDb:668 - CubeFinder database Data Model version=2.1
2025-11-24 09:57:08,262 [INFO] ApiDb:669 - CubeFinder database Configuration version=3.0.39
2025-11-24 09:57:08,262 [INFO] ApiDb:670 - CubeFinder database generation date=2025-10-27 (1761571959)
2025-11-24 09:57:08,262 [INFO] ApiDb:671 - CubeFinder database FW Pack versions=[FP-ATR-ASTRA1_V2.0.0, FP-SNS-FLIGHT1_V5.1.0, FP-SNS-MOTENV1_V5.0.0, FP-SNS-MOTENVWB1_V1.4.0, FP-SNS-SMARTAG2_V1.2.0, FP-SNS-STBOX1_V2.1.0, STM32Cube_FW_C0_V1.4.0, STM32Cube_FW_F4_V1.28.3, STM32Cube_FW_F7_V1.17.4, STM32Cube_FW_G0_V1.6.2, STM32Cube_FW_G4_V1.6.1, STM32Cube_FW_H5_V1.5.0, STM32Cube_FW_H7RS_V1.2.0, STM32Cube_FW_H7_V1.12.1, STM32Cube_FW_L0_V1.12.2, STM32Cube_FW_L4_V1.18.1, STM32Cube_FW_L5_V1.5.1, STM32Cube_FW_N6_V1.2.0, STM32Cube_FW_U0_V1.3.0, STM32Cube_FW_U3_V1.2.1, STM32Cube_FW_U5_V1.8.0, STM32Cube_FW_WB0_V1.3.0, STM32Cube_FW_WBA_V1.7.0, STM32Cube_FW_WB_V1.23.0, STM32Cube_FW_WL3_V1.2.0, STM32Cube_FW_WL_V1.3.1, X-CUBE-ALGOBUILD_V1.4.0, X-CUBE-ALS_V1.0.2, X-CUBE-AZRTOS-F4_V1.1.0, X-CUBE-AZRTOS-F7_V1.1.0, X-CUBE-AZRTOS-G0_V1.1.0, X-CUBE-AZRTOS-G4_V2.0.0, X-CUBE-AZRTOS-H7RS_V1.1.0, X-CUBE-AZRTOS-H7_V3.4.0, X-CUBE-AZRTOS-L4_V2.0.0, X-CUBE-AZRTOS-L5_V2.0.0, X-CUBE-AZRTOS-WB_V2.0.0, X-CUBE-AZRTOS-WL_V2.0.0, X-CUBE-BLE1_V7.1.0, X-CUBE-BLE2_V3.3.0, X-CUBE-BLEMGR_V4.1.0, X-CUBE-EEPRMA1_V5.2.0, X-CUBE-FREERTOS_V1.3.1, X-CUBE-GNSS1_V6.0.0, X-CUBE-MEMS1_V11.3.0, X-CUBE-NFC4_V3.0.0, X-CUBE-NFC7_V2.0.0, X-CUBE-SFXS2LP1_V4.0.0, X-CUBE-ST67W61_V1.1.0, X-CUBE-SUBG2_V5.0.0, X-CUBE-TOF1_V3.4.3]
2025-11-24 09:57:08,409 [INFO] DbBoardsSqlite:226 - include board P-NUCLEO-WB55-NUCLEO as a kit item of type 'Nucleo-64'
2025-11-24 09:57:08,409 [INFO] DbBoardsSqlite:226 - include board P-NUCLEO-WB55-USBDONGLE as a kit item of type 'Nucleo USB Dongle'
2025-11-24 09:57:08,411 [INFO] DbBoardsSqlite:226 - include board STEVAL-IDP005V1 as a kit item of type 'Evaluation Board'
2025-11-24 09:57:08,411 [INFO] DbBoardsSqlite:226 - include board STEVAL-IDP005V2 as a kit item of type 'Evaluation Board'
2025-11-24 09:57:08,948 [INFO] ApiDb:240 - Found 880 in-development CPN: [B-G473E-ZEST1S, B-WB1M-WPAN1, B-WBA5M-WPAN, B-WL5M-SUBG1, NUCLEO-C031C6, NUCLEO-C051C8, NUCLEO-C071RB, NUCLEO-C092RC, NUCLEO-H503RB, NUCLEO-H533RE, NUCLEO-H563ZI, NUCLEO-H7S3L8, NUCLEO-N657X0-Q, NUCLEO-U031R8, NUCLEO-U083RC, NUCLEO-U385RG-Q, NUCLEO-U545RE-Q, NUCLEO-U5A5ZJ-Q, NUCLEO-WB05KZ, NUCLEO-WB07CC, NUCLEO-WB09KE, NUCLEO-WBA52CG, NUCLEO-WBA55CG, NUCLEO-WL33CC1, NUCLEO-WL33CC2, STEVAL-PROTEUS1, STEVAL-SMARTAG2, STEVAL-STWINBX1, STM320518-EVAL, STM32C0116-DK, STM32C011D6Y3TR, STM32C011D6Y6TR, STM32C011F4P3, STM32C011F4P6, STM32C011F4U3, STM32C011F4U6TR, STM32C011F6P3, STM32C011F6P6, STM32C011F6U3, STM32C011F6U6TR, STM32C011J4M3, STM32C011J4M6, STM32C011J6M3, STM32C011J6M6, STM32C0316-DK, STM32C031C4T3, STM32C031C4T6, STM32C031C4U3, STM32C031C4U6, STM32C031C6T3, STM32C031C6T6, STM32C031C6U3, STM32C031C6U6, STM32C031F4P3, STM32C031F4P6, STM32C031F6P3, STM32C031F6P6, STM32C031G4U3, STM32C031G4U6, STM32C031G6U3, STM32C031G6U6, STM32C031K4T3, STM32C031K4T6, STM32C031K4U3, STM32C031K4U6, STM32C031K6T3, STM32C031K6T6, STM32C031K6U3, STM32C031K6U6, STM32C051C6T6, STM32C051C6U6, STM32C051C8T6, STM32C051C8U6, STM32C051D8Y6TR, STM32C051F6P6, STM32C051F8P6, STM32C051G6U6, STM32C051G8U6, STM32C051K6T6, STM32C051K6U6, STM32C051K8T6, STM32C071C8T6, STM32C071C8T6N, STM32C071C8U6, STM32C071C8U6N, STM32C071CBT6, STM32C071CBT6N, STM32C071CBU6, STM32C071CBU6N, STM32C071F8P6, STM32C071F8P6N, STM32C071FBP6, STM32C071FBP6N, STM32C071FBY6TR, STM32C071G8U6, STM32C071G8U6N, STM32C071GBU6, STM32C071GBU6N, STM32C071K8T6, STM32C071K8T6N, STM32C071K8U6, STM32C071K8U6N, STM32C071KBT6, STM32C071KBT6N, STM32C071KBU6, STM32C071KBU6N, STM32C071R8T6, STM32C071R8T6N, STM32C071RBI6N, STM32C071RBT6, STM32C071RBT6N, STM32C091CBT6, STM32C091CBU6, STM32C091CCT6, STM32C091CCU6, STM32C091ECY6TR, STM32C091FBP6, STM32C091FCP6, STM32C091GBU6, STM32C091GCU6, STM32C091KBT6, STM32C091KBU6, STM32C091KCT6, STM32C091KCU6, STM32C091RBT6, STM32C091RCI6, STM32C091RCT6, STM32C092CBT6, STM32C092CBU6, STM32C092CCT6, STM32C092CCU6, STM32C092ECY6TR, STM32C092FBP6, STM32C092FCP6, STM32C092GBU6, STM32C092GCU6, STM32C092KBT6, STM32C092KBU6, STM32C092KCT6, STM32C092KCU6, STM32C092RBT6, STM32C092RCI6, STM32C092RCT6, STM32G071K8TXN, STM32G071K8UXN, STM32G081GBU6N, STM32G081KBT6N, STM32G081KBUXN, STM32G0B1CCT6N, STM32G0B1KCT6, STM32G0B1NEY6TR, STM32G0B1RCT6N, STM32G0C1CCT6, STM32G0C1CCT6N, STM32G0C1CCU6N, STM32G0C1CET6N, STM32G0C1CEU6N, STM32G0C1KCT6, STM32G0C1NEY6TR, STM32G0C1RCI6N, STM32G0C1RCT6N, STM32G0C1REI6N, STM32G0C1RET6N, STM32G0C1VCI6, STM32G0C1VEI6, STM32G411C6T3, STM32G411C6T6, STM32G411C6U3, STM32G411C6U6, STM32G411C8T3, STM32G411C8T6, STM32G411C8U3, STM32G411C8U6, STM32G411CBT3, STM32G411CBT6, STM32G411CBU3, STM32G411CBU6, STM32G411K6T3, STM32G411K6T6, STM32G411K6U3, STM32G411K6U6, STM32G411K8T3, STM32G411K8T6, STM32G411K8U3, STM32G411K8U6, STM32G411KBT3, STM32G411KBT6, STM32G411KBU3, STM32G411KBU6, STM32G411M6T3, STM32G411M6T6, STM32G411M8T3, STM32G411M8T6, STM32G411MBT3, STM32G411MBT6, STM32G411R6T3, STM32G411R6T6, STM32G411R8T3, STM32G411R8T6, STM32G411RBT3, STM32G411RBT6, STM32G414CBT3, STM32G414CBT6, STM32G414CBU3, STM32G414CBU6, STM32G414CCT3, STM32G414CCT6, STM32G414CCU3, STM32G414CCU6, STM32G414MBT3, STM32G414MBT6, STM32G414MCT3, STM32G414MCT6, STM32G414RBT3, STM32G414RBT6, STM32G414RCT3, STM32G414RCT6, STM32G414VBT3, STM32G414VBT6, STM32G414VCT3, STM32G414VCT6, STM32G431CBT3Z, STM32G431RBT3Z, STM32G471CCT6, STM32G471CCU6, STM32G471CET3, STM32G471CET6, STM32G471CEU3, STM32G471CEU6, STM32G471MCT6, STM32G471MET3, STM32G471MET6, STM32G471MEY6TR, STM32G471QCT6, STM32G471QET3, STM32G471RCT6, STM32G471RET3, STM32G471RET6, STM32G471VCH6, STM32G471VCI6, STM32G471VCT6, STM32G471VEH3, STM32G471VEH6, STM32G471VEI3, STM32G471VEI6, STM32G471VET3, STM32G471VET6, STM32G473QET3Z, STM32G473RET3Z, STM32G474CCT6, STM32G491RET3Z, STM32H503CBT6, STM32H503CBU6, STM32H503EBY6TR, STM32H503KBU6, STM32H503RBT6, STM32H523CCT6, STM32H523CCU6, STM32H523CET6, STM32H523CEU6, STM32H523HEY6TR, STM32H523RCT6, STM32H523RET6, STM32H523VCI6, STM32H523VCT6, STM32H523VEI6, STM32H523VET6, STM32H523ZCJ6, STM32H523ZCT6, STM32H523ZEJ6, STM32H523ZET6, STM32H533CET6, STM32H533CEU6, STM32H533HEY6TR, STM32H533RET6, STM32H533VEI6, STM32H533VET6, STM32H533ZEJ6, STM32H533ZET6, STM32H562AGI6, STM32H562AII6, STM32H562IGK6, STM32H562IGT6, STM32H562IIK6, STM32H562IIT6, STM32H562RGT6, STM32H562RGV6, STM32H562RIT6, STM32H562RIV6, STM32H562VGT6, STM32H562VIT6, STM32H562ZGT6, STM32H562ZIT6, STM32H563AGI6, STM32H563AII3Q, STM32H563AII6, STM32H563IGK6, STM32H563IGT6, STM32H563IIK3Q, STM32H563IIK6, STM32H563IIT3Q, STM32H563IIT6, STM32H563MIY3QTR, STM32H563RGT6, STM32H563RGV6, STM32H563RIT6, STM32H563RIV6, STM32H563VGT6, STM32H563VIT3Q, STM32H563VIT6, STM32H563ZGT6, STM32H563ZIT3Q, STM32H563ZIT6, STM32H573AII3Q, STM32H573AII6, STM32H573I-DK, STM32H573IIK3Q, STM32H573IIK6, STM32H573IIT3Q, STM32H573IIT6, STM32H573MIY3QTR, STM32H573RIT6, STM32H573RIV6, STM32H573VIT3Q, STM32H573VIT6, STM32H573ZIT3Q, STM32H573ZIT6, STM32H7R3A8I6, STM32H7R3I8K6, STM32H7R3I8T6, STM32H7R3L8H6, STM32H7R3L8H6H, STM32H7R3R8V6, STM32H7R3V8H6, STM32H7R3V8T6, STM32H7R3V8Y6TR, STM32H7R3Z8J6, STM32H7R3Z8T6, STM32H7R7A8I6, STM32H7R7I8K6, STM32H7R7I8T6, STM32H7R7L8H6, STM32H7R7L8H6H, STM32H7R7Z8J6, STM32H7S3A8I6, STM32H7S3I8K6, STM32H7S3I8T6, STM32H7S3L8H6, STM32H7S3L8H6H, STM32H7S3R8V6, STM32H7S3V8H6, STM32H7S3V8T6, STM32H7S3V8Y6TR, STM32H7S3Z8J6, STM32H7S3Z8T6, STM32H7S78-DK, STM32H7S7A8I6, STM32H7S7I8K6, STM32H7S7I8T6, STM32H7S7L8H6, STM32H7S7L8H6H, STM32H7S7Z8J6, STM32L4R5QGI6STR, STM32MP131AAE3, STM32MP131AAF3, STM32MP131AAG3, STM32MP131CAE3, STM32MP131CAF3, STM32MP131CAG3, STM32MP131DAE7, STM32MP131DAF7, STM32MP131DAG7, STM32MP131FAE7, STM32MP131FAF7, STM32MP131FAG7, STM32MP133AAE3, STM32MP133AAF3, STM32MP133AAG3, STM32MP133CAE3, STM32MP133CAF3, STM32MP133CAG3, STM32MP133DAE7, STM32MP133DAF7, STM32MP133DAG7, STM32MP133FAE7, STM32MP133FAF7, STM32MP133FAG7, STM32MP135AAE3, STM32MP135AAF3, STM32MP135AAG3, STM32MP135CAE3, STM32MP135CAF3, STM32MP135CAG3, STM32MP135DAE7, STM32MP135DAF7, STM32MP135DAG7, STM32MP135F-DK, STM32MP135FAE7, STM32MP135FAF7, STM32MP135FAF7T, STM32MP135FAF7U, STM32MP135FAG7, STM32MP211AAL3, STM32MP211AAM3, STM32MP211AAN3, STM32MP211AAO3, STM32MP211CAL3, STM32MP211CAM3, STM32MP211CAN3, STM32MP211CAO3, STM32MP211DAL3, STM32MP211DAM3, STM32MP211DAN3, STM32MP211DAO3, STM32MP211FAL3, STM32MP211FAM3, STM32MP211FAN3, STM32MP211FAO3, STM32MP213AAL3, STM32MP213AAM3, STM32MP213AAN3, STM32MP213AAO3, STM32MP213CAL3, STM32MP213CAM3, STM32MP213CAN3, STM32MP213CAO3, STM32MP213DAL3, STM32MP213DAM3, STM32MP213DAN3, STM32MP213DAO3, STM32MP213FAL3, STM32MP213FAM3, STM32MP213FAN3, STM32MP213FAO3, STM32MP215AAL3, STM32MP215AAM3, STM32MP215AAN3, STM32MP215AAO3, STM32MP215CAL3, STM32MP215CAM3, STM32MP215CAN3, STM32MP215CAO3, STM32MP215DAL3, STM32MP215DAM3, STM32MP215DAN3, STM32MP215DAO3, STM32MP215F-DK, STM32MP215FAL3, STM32MP215FAM3, STM32MP215FAN3, STM32MP215FAO3, STM32MP231AAJ3, STM32MP231AAK3, STM32MP231AAL3, STM32MP231CAJ3, STM32MP231CAK3, STM32MP231CAL3, STM32MP231DAJ3, STM32MP231DAK3, STM32MP231DAL3, STM32MP231FAJ3, STM32MP231FAK3, STM32MP231FAL3, STM32MP233AAJ3, STM32MP233AAK3, STM32MP233AAL3, STM32MP233CAJ3, STM32MP233CAK3, STM32MP233CAL3, STM32MP233DAJ3, STM32MP233DAK3, STM32MP233DAL3, STM32MP233FAJ3, STM32MP233FAK3, STM32MP233FAL3, STM32MP235AAJ3, STM32MP235AAK3, STM32MP235AAL3, STM32MP235CAJ3, STM32MP235CAK3, STM32MP235CAL3, STM32MP235DAJ3, STM32MP235DAK3, STM32MP235DAL3, STM32MP235FAJ3, STM32MP235FAK3, STM32MP235FAL3, STM32MP251AAI3, STM32MP251AAK3, STM32MP251AAL3, STM32MP251CAI3, STM32MP251CAK3, STM32MP251CAL3, STM32MP251DAI3, STM32MP251DAK3, STM32MP251DAL3, STM32MP251FAI3, STM32MP251FAK3, STM32MP251FAL3, STM32MP253AAI3, STM32MP253AAK3, STM32MP253AAL3, STM32MP253CAI3, STM32MP253CAK3, STM32MP253CAL3, STM32MP253DAI3, STM32MP253DAK3, STM32MP253DAL3, STM32MP253FAI3, STM32MP253FAK3, STM32MP253FAL3, STM32MP255AAI3, STM32MP255AAK3, STM32MP255AAL3, STM32MP255CAI3, STM32MP255CAK3, STM32MP255CAL3, STM32MP255DAI3, STM32MP255DAK3, STM32MP255DAL3, STM32MP255FAI3, STM32MP255FAK3, STM32MP255FAL3, STM32MP257AAI3, STM32MP257AAK3, STM32MP257AAL3, STM32MP257CAI3, STM32MP257CAK3, STM32MP257CAL3, STM32MP257DAI3, STM32MP257DAK3, STM32MP257DAL3, STM32MP257F-DK, STM32MP257F-EV1, STM32MP257FAI3, STM32MP257FAK3, STM32MP257FAL3, STM32N645A0H3Q, STM32N645B0H3Q, STM32N645I0H3Q, STM32N645L0H3Q, STM32N645X0H3Q, STM32N645Z0H3Q, STM32N647A0H3Q, STM32N647B0H3Q, STM32N647I0H3Q, STM32N647L0H3Q, STM32N647X0H3Q, STM32N647Z0H3Q, STM32N655A0H3Q, STM32N655B0H3Q, STM32N655I0H3Q, STM32N655L0H3Q, STM32N655X0H3Q, STM32N655Z0H3Q, STM32N6570-DK, STM32N657A0H3Q, STM32N657B0H3Q, STM32N657I0H3Q, STM32N657L0H3Q, STM32N657X0H3Q, STM32N657Z0H3Q, STM32U031C6T6, STM32U031C6U6, STM32U031C8T6, STM32U031C8U6, STM32U031F4P6, STM32U031F6P6, STM32U031F8P6, STM32U031G6Y6TR, STM32U031G8Y6TR, STM32U031K4U6, STM32U031K6U6, STM32U031K8U6, STM32U031R6I6, STM32U031R6T6, STM32U031R8I6, STM32U031R8T6, STM32U073C8T6, STM32U073C8U6, STM32U073CBT6, STM32U073CBU6, STM32U073CCT6, STM32U073CCU6, STM32U073H8Y6TR, STM32U073HBY6TR, STM32U073HCY6TR, STM32U073K8U6, STM32U073KBU6, STM32U073KCU6, STM32U073M8I6, STM32U073M8T6, STM32U073MBI6, STM32U073MBT6, STM32U073MCI6, STM32U073MCT6, STM32U073R8I6, STM32U073R8T6, STM32U073RBI6, STM32U073RBT6, STM32U073RCI6, STM32U073RCT6, STM32U083C-DK, STM32U083CCT6, STM32U083CCU6, STM32U083HCY6TR, STM32U083KCU6, STM32U083MCI6, STM32U083MCT6, STM32U083RCI6, STM32U083RCT6, STM32U375CET6, STM32U375CET6Q, STM32U375CEU6, STM32U375CEU6Q, STM32U375CEY6QTR, STM32U375CGT6, STM32U375CGT6Q, STM32U375CGU6, STM32U375CGU6Q, STM32U375CGY6QTR, STM32U375KEU6, STM32U375KGU6, STM32U375REI6, STM32U375REI6Q, STM32U375RET6, STM32U375RET6Q, STM32U375REY6GTR, STM32U375REY6QTR, STM32U375RGI6, STM32U375RGI6Q, STM32U375RGT6, STM32U375RGT6Q, STM32U375RGY6GTR, STM32U375RGY6QTR, STM32U375VEI6, STM32U375VEI6Q, STM32U375VET6, STM32U375VET6Q, STM32U375VGI6, STM32U375VGI6Q, STM32U375VGT6, STM32U375VGT6Q, STM32U385CGT6, STM32U385CGT6Q, STM32U385CGU6, STM32U385CGU6Q, STM32U385CGY6QTR, STM32U385KGU6, STM32U385RGI6, STM32U385RGI6Q, STM32U385RGT6, STM32U385RGT6Q, STM32U385RGY6GTR, STM32U385RGY6QTR, STM32U385VGI6, STM32U385VGI6Q, STM32U385VGT6, STM32U385VGT6Q, STM32U535CBT6, STM32U535CBT6Q, STM32U535CBU6, STM32U535CBU6Q, STM32U535CCT6, STM32U535CCT6Q, STM32U535CCU6, STM32U535CCU6Q, STM32U535CET6, STM32U535CET6Q, STM32U535CEU6, STM32U535CEU6Q, STM32U535JEY6QTR, STM32U535NCY6QTR, STM32U535NEY6QTR, STM32U535RBI6, STM32U535RBI6Q, STM32U535RBT6, STM32U535RBT6Q, STM32U535RCI6, STM32U535RCI6Q, STM32U535RCT6, STM32U535RCT6Q, STM32U535REI6, STM32U535REI6Q, STM32U535RET6, STM32U535RET6Q, STM32U535VCI6, STM32U535VCI6Q, STM32U535VCT6, STM32U535VCT6Q, STM32U535VEI6, STM32U535VEI6Q, STM32U535VET6, STM32U535VET6Q, STM32U545CET6, STM32U545CET6Q, STM32U545CEU6, STM32U545CEU6Q, STM32U545JEY6QTR, STM32U545NEY6QTR, STM32U545REI6, STM32U545REI6Q, STM32U545RET6, STM32U545RET6Q, STM32U545VEI6, STM32U545VEI6Q, STM32U545VET6, STM32U545VET6Q, STM32U595AIH6, STM32U595AIH6Q, STM32U595AJH6, STM32U595AJH6Q, STM32U595QII6, STM32U595QII6Q, STM32U595QJI6, STM32U595QJI6Q, STM32U595RIT6, STM32U595RIT6Q, STM32U595RJT6, STM32U595RJT6Q, STM32U595VIT6, STM32U595VIT6Q, STM32U595VJT6, STM32U595VJT6Q, STM32U595ZIT6, STM32U595ZIT6Q, STM32U595ZIY6QTR, STM32U595ZJT6, STM32U595ZJT6Q, STM32U595ZJY6QTR, STM32U599BJY6QTR, STM32U599NIH6Q, STM32U599NJH6Q, STM32U599VIT6Q, STM32U599VJT6, STM32U599VJT6Q, STM32U599ZIT6Q, STM32U599ZIY6QTR, STM32U599ZJT6Q, STM32U599ZJY6QTR, STM32U5A5AJH6, STM32U5A5AJH6Q, STM32U5A5QII3Q , STM32U5A5QJI6, STM32U5A5QJI6Q, STM32U5A5RJT6, STM32U5A5RJT6Q, STM32U5A5VJT6, STM32U5A5VJT6Q, STM32U5A5ZJT6, STM32U5A5ZJT6Q, STM32U5A5ZJY6QTR, STM32U5A9BJY6QTR, STM32U5A9J-DK, STM32U5A9NJH6Q, STM32U5A9VJT6Q, STM32U5A9ZJT6Q, STM32U5A9ZJY6QTR, STM32U5F7VIT6, STM32U5F7VIT6Q, STM32U5F7VJT6, STM32U5F7VJT6Q, STM32U5F9BJY6QTR, STM32U5F9NJH6Q, STM32U5F9VIT6Q, STM32U5F9VJT6Q, STM32U5F9ZIJ6QTR, STM32U5F9ZIT6Q, STM32U5F9ZJJ6QTR, STM32U5F9ZJT6Q, STM32U5G7VJT6, STM32U5G7VJT6Q, STM32U5G9BJY6QTR, STM32U5G9J-DK1, STM32U5G9J-DK2, STM32U5G9NJH6Q, STM32U5G9VJT6Q, STM32U5G9ZJJ6QTR, STM32U5G9ZJT6Q, STM32WB05KZV6TR, STM32WB05KZV7TR, STM32WB05TZF6TR, STM32WB05TZF7TR, STM32WB06CCF6TR, STM32WB06CCF7TR, STM32WB06CCV6TR, STM32WB06CCV7TR, STM32WB06KCV6TR, STM32WB06KCV7TR, STM32WB07CCF6TR, STM32WB07CCF7TR, STM32WB07CCV6TR, STM32WB07CCV7TR, STM32WB07KCV6TR, STM32WB07KCV7TR, STM32WB09KEV6TR, STM32WB09KEV7TR, STM32WB09TEF6TR, STM32WB09TEF7TR, STM32WB1MMCH6, STM32WBA50KGU6, STM32WBA50KGU6TR, STM32WBA52CEU6, STM32WBA52CEU6TR, STM32WBA52CEU7, STM32WBA52CEU7TR, STM32WBA52CGU6, STM32WBA52CGU6TR, STM32WBA52CGU6U, STM32WBA52CGU7, STM32WBA52CGU7TR, STM32WBA52KEU6, STM32WBA52KEU6TR, STM32WBA52KGU6, STM32WBA52KGU6TR, STM32WBA54CEU6, STM32WBA54CEU6TR, STM32WBA54CEU7, STM32WBA54CEU7TR, STM32WBA54CGU6, STM32WBA54CGU6TR, STM32WBA54CGU7, STM32WBA54CGU7TR, STM32WBA54KEU6, STM32WBA54KEU6TR, STM32WBA54KEU7, STM32WBA54KEU7TR, STM32WBA54KGU6, STM32WBA54KGU6TR, STM32WBA54KGU7, STM32WBA54KGU7TR, STM32WBA55CEU6, STM32WBA55CEU6TR, STM32WBA55CEU7, STM32WBA55CEU7TR, STM32WBA55CGU6, STM32WBA55CGU6TR, STM32WBA55CGU6U, STM32WBA55CGU7, STM32WBA55CGU7TR, STM32WBA55G-DK1, STM32WBA55HEF6, STM32WBA55HEF7, STM32WBA55HGF6, STM32WBA55HGF7, STM32WBA55UEI6, STM32WBA55UEI6TR, STM32WBA55UEI7, STM32WBA55UEI7TR, STM32WBA55UGI6, STM32WBA55UGI6TR, STM32WBA55UGI7, STM32WBA55UGI7TR, STM32WBA5MMGH6TR, STM32WBA62MGF6, STM32WBA62MIF6, STM32WBA65MGF7, STM32WBA65MIF6, STM32WBA65MIF7, STM32WL30K8V6, STM32WL30KBV6, STM32WL31C8V6, STM32WL31CBV6, STM32WL31K8V6, STM32WL31KBV6, STM32WL33C8V6, STM32WL33C8V6X, STM32WL33CBV6, STM32WL33CBV6X, STM32WL33CCV6, STM32WL33CCV6A, STM32WL33CCV6X, STM32WL33K8V7, STM32WL33K8V7X, STM32WL33KBV7 , STM32WL33KBV7X, STM32WL33KCV7, STM32WL33KCV7X, STM32WL5MOCH6, STM32WL5MOCH6TR]
2025-11-24 09:57:09,260 [INFO] BoardInfo:889 - No configuration file found for board P-NUCLEO-WB55
2025-11-24 09:57:09,262 [INFO] DbBoards:161 - Kit is not supported: P-NUCLEO-WB55
2025-11-24 09:57:09,271 [INFO] BoardInfo:889 - No configuration file found for board STEVAL-BFA001V1B
2025-11-24 09:57:09,272 [INFO] DbBoards:161 - Kit is not supported: STEVAL-BFA001V1B
2025-11-24 09:57:09,274 [INFO] BoardInfo:889 - No configuration file found for board STEVAL-BFA001V2B
2025-11-24 09:57:09,275 [INFO] DbBoards:161 - Kit is not supported: STEVAL-BFA001V2B
2025-11-24 09:57:09,565 [INFO] DbBoards:168 - Found 212 boards, 209 are supported
2025-11-24 09:57:09,565 [INFO] DbBoards:169 - Found 212 boards, 43 of them is supported for  Bsp
2025-11-24 09:57:09,571 [INFO] ApiDb:668 - CubeFinder database Data Model version=2.1
2025-11-24 09:57:09,571 [INFO] ApiDb:669 - CubeFinder database Configuration version=3.0.39
2025-11-24 09:57:09,571 [INFO] ApiDb:670 - CubeFinder database generation date=2025-10-27 (1761571959)
2025-11-24 09:57:09,571 [INFO] ApiDb:671 - CubeFinder database FW Pack versions=[FP-ATR-ASTRA1_V2.0.0, FP-SNS-FLIGHT1_V5.1.0, FP-SNS-MOTENV1_V5.0.0, FP-SNS-MOTENVWB1_V1.4.0, FP-SNS-SMARTAG2_V1.2.0, FP-SNS-STBOX1_V2.1.0, STM32Cube_FW_C0_V1.4.0, STM32Cube_FW_F4_V1.28.3, STM32Cube_FW_F7_V1.17.4, STM32Cube_FW_G0_V1.6.2, STM32Cube_FW_G4_V1.6.1, STM32Cube_FW_H5_V1.5.0, STM32Cube_FW_H7RS_V1.2.0, STM32Cube_FW_H7_V1.12.1, STM32Cube_FW_L0_V1.12.2, STM32Cube_FW_L4_V1.18.1, STM32Cube_FW_L5_V1.5.1, STM32Cube_FW_N6_V1.2.0, STM32Cube_FW_U0_V1.3.0, STM32Cube_FW_U3_V1.2.1, STM32Cube_FW_U5_V1.8.0, STM32Cube_FW_WB0_V1.3.0, STM32Cube_FW_WBA_V1.7.0, STM32Cube_FW_WB_V1.23.0, STM32Cube_FW_WL3_V1.2.0, STM32Cube_FW_WL_V1.3.1, X-CUBE-ALGOBUILD_V1.4.0, X-CUBE-ALS_V1.0.2, X-CUBE-AZRTOS-F4_V1.1.0, X-CUBE-AZRTOS-F7_V1.1.0, X-CUBE-AZRTOS-G0_V1.1.0, X-CUBE-AZRTOS-G4_V2.0.0, X-CUBE-AZRTOS-H7RS_V1.1.0, X-CUBE-AZRTOS-H7_V3.4.0, X-CUBE-AZRTOS-L4_V2.0.0, X-CUBE-AZRTOS-L5_V2.0.0, X-CUBE-AZRTOS-WB_V2.0.0, X-CUBE-AZRTOS-WL_V2.0.0, X-CUBE-BLE1_V7.1.0, X-CUBE-BLE2_V3.3.0, X-CUBE-BLEMGR_V4.1.0, X-CUBE-EEPRMA1_V5.2.0, X-CUBE-FREERTOS_V1.3.1, X-CUBE-GNSS1_V6.0.0, X-CUBE-MEMS1_V11.3.0, X-CUBE-NFC4_V3.0.0, X-CUBE-NFC7_V2.0.0, X-CUBE-SFXS2LP1_V4.0.0, X-CUBE-ST67W61_V1.1.0, X-CUBE-SUBG2_V5.0.0, X-CUBE-TOF1_V3.4.3]
2025-11-24 09:57:13,070 [INFO] ApiDb:240 - Found 880 in-development CPN: [B-G473E-ZEST1S, B-WB1M-WPAN1, B-WBA5M-WPAN, B-WL5M-SUBG1, NUCLEO-C031C6, NUCLEO-C051C8, NUCLEO-C071RB, NUCLEO-C092RC, NUCLEO-H503RB, NUCLEO-H533RE, NUCLEO-H563ZI, NUCLEO-H7S3L8, NUCLEO-N657X0-Q, NUCLEO-U031R8, NUCLEO-U083RC, NUCLEO-U385RG-Q, NUCLEO-U545RE-Q, NUCLEO-U5A5ZJ-Q, NUCLEO-WB05KZ, NUCLEO-WB07CC, NUCLEO-WB09KE, NUCLEO-WBA52CG, NUCLEO-WBA55CG, NUCLEO-WL33CC1, NUCLEO-WL33CC2, STEVAL-PROTEUS1, STEVAL-SMARTAG2, STEVAL-STWINBX1, STM320518-EVAL, STM32C0116-DK, STM32C011D6Y3TR, STM32C011D6Y6TR, STM32C011F4P3, STM32C011F4P6, STM32C011F4U3, STM32C011F4U6TR, STM32C011F6P3, STM32C011F6P6, STM32C011F6U3, STM32C011F6U6TR, STM32C011J4M3, STM32C011J4M6, STM32C011J6M3, STM32C011J6M6, STM32C0316-DK, STM32C031C4T3, STM32C031C4T6, STM32C031C4U3, STM32C031C4U6, STM32C031C6T3, STM32C031C6T6, STM32C031C6U3, STM32C031C6U6, STM32C031F4P3, STM32C031F4P6, STM32C031F6P3, STM32C031F6P6, STM32C031G4U3, STM32C031G4U6, STM32C031G6U3, STM32C031G6U6, STM32C031K4T3, STM32C031K4T6, STM32C031K4U3, STM32C031K4U6, STM32C031K6T3, STM32C031K6T6, STM32C031K6U3, STM32C031K6U6, STM32C051C6T6, STM32C051C6U6, STM32C051C8T6, STM32C051C8U6, STM32C051D8Y6TR, STM32C051F6P6, STM32C051F8P6, STM32C051G6U6, STM32C051G8U6, STM32C051K6T6, STM32C051K6U6, STM32C051K8T6, STM32C071C8T6, STM32C071C8T6N, STM32C071C8U6, STM32C071C8U6N, STM32C071CBT6, STM32C071CBT6N, STM32C071CBU6, STM32C071CBU6N, STM32C071F8P6, STM32C071F8P6N, STM32C071FBP6, STM32C071FBP6N, STM32C071FBY6TR, STM32C071G8U6, STM32C071G8U6N, STM32C071GBU6, STM32C071GBU6N, STM32C071K8T6, STM32C071K8T6N, STM32C071K8U6, STM32C071K8U6N, STM32C071KBT6, STM32C071KBT6N, STM32C071KBU6, STM32C071KBU6N, STM32C071R8T6, STM32C071R8T6N, STM32C071RBI6N, STM32C071RBT6, STM32C071RBT6N, STM32C091CBT6, STM32C091CBU6, STM32C091CCT6, STM32C091CCU6, STM32C091ECY6TR, STM32C091FBP6, STM32C091FCP6, STM32C091GBU6, STM32C091GCU6, STM32C091KBT6, STM32C091KBU6, STM32C091KCT6, STM32C091KCU6, STM32C091RBT6, STM32C091RCI6, STM32C091RCT6, STM32C092CBT6, STM32C092CBU6, STM32C092CCT6, STM32C092CCU6, STM32C092ECY6TR, STM32C092FBP6, STM32C092FCP6, STM32C092GBU6, STM32C092GCU6, STM32C092KBT6, STM32C092KBU6, STM32C092KCT6, STM32C092KCU6, STM32C092RBT6, STM32C092RCI6, STM32C092RCT6, STM32G071K8TXN, STM32G071K8UXN, STM32G081GBU6N, STM32G081KBT6N, STM32G081KBUXN, STM32G0B1CCT6N, STM32G0B1KCT6, STM32G0B1NEY6TR, STM32G0B1RCT6N, STM32G0C1CCT6, STM32G0C1CCT6N, STM32G0C1CCU6N, STM32G0C1CET6N, STM32G0C1CEU6N, STM32G0C1KCT6, STM32G0C1NEY6TR, STM32G0C1RCI6N, STM32G0C1RCT6N, STM32G0C1REI6N, STM32G0C1RET6N, STM32G0C1VCI6, STM32G0C1VEI6, STM32G411C6T3, STM32G411C6T6, STM32G411C6U3, STM32G411C6U6, STM32G411C8T3, STM32G411C8T6, STM32G411C8U3, STM32G411C8U6, STM32G411CBT3, STM32G411CBT6, STM32G411CBU3, STM32G411CBU6, STM32G411K6T3, STM32G411K6T6, STM32G411K6U3, STM32G411K6U6, STM32G411K8T3, STM32G411K8T6, STM32G411K8U3, STM32G411K8U6, STM32G411KBT3, STM32G411KBT6, STM32G411KBU3, STM32G411KBU6, STM32G411M6T3, STM32G411M6T6, STM32G411M8T3, STM32G411M8T6, STM32G411MBT3, STM32G411MBT6, STM32G411R6T3, STM32G411R6T6, STM32G411R8T3, STM32G411R8T6, STM32G411RBT3, STM32G411RBT6, STM32G414CBT3, STM32G414CBT6, STM32G414CBU3, STM32G414CBU6, STM32G414CCT3, STM32G414CCT6, STM32G414CCU3, STM32G414CCU6, STM32G414MBT3, STM32G414MBT6, STM32G414MCT3, STM32G414MCT6, STM32G414RBT3, STM32G414RBT6, STM32G414RCT3, STM32G414RCT6, STM32G414VBT3, STM32G414VBT6, STM32G414VCT3, STM32G414VCT6, STM32G431CBT3Z, STM32G431RBT3Z, STM32G471CCT6, STM32G471CCU6, STM32G471CET3, STM32G471CET6, STM32G471CEU3, STM32G471CEU6, STM32G471MCT6, STM32G471MET3, STM32G471MET6, STM32G471MEY6TR, STM32G471QCT6, STM32G471QET3, STM32G471RCT6, STM32G471RET3, STM32G471RET6, STM32G471VCH6, STM32G471VCI6, STM32G471VCT6, STM32G471VEH3, STM32G471VEH6, STM32G471VEI3, STM32G471VEI6, STM32G471VET3, STM32G471VET6, STM32G473QET3Z, STM32G473RET3Z, STM32G474CCT6, STM32G491RET3Z, STM32H503CBT6, STM32H503CBU6, STM32H503EBY6TR, STM32H503KBU6, STM32H503RBT6, STM32H523CCT6, STM32H523CCU6, STM32H523CET6, STM32H523CEU6, STM32H523HEY6TR, STM32H523RCT6, STM32H523RET6, STM32H523VCI6, STM32H523VCT6, STM32H523VEI6, STM32H523VET6, STM32H523ZCJ6, STM32H523ZCT6, STM32H523ZEJ6, STM32H523ZET6, STM32H533CET6, STM32H533CEU6, STM32H533HEY6TR, STM32H533RET6, STM32H533VEI6, STM32H533VET6, STM32H533ZEJ6, STM32H533ZET6, STM32H562AGI6, STM32H562AII6, STM32H562IGK6, STM32H562IGT6, STM32H562IIK6, STM32H562IIT6, STM32H562RGT6, STM32H562RGV6, STM32H562RIT6, STM32H562RIV6, STM32H562VGT6, STM32H562VIT6, STM32H562ZGT6, STM32H562ZIT6, STM32H563AGI6, STM32H563AII3Q, STM32H563AII6, STM32H563IGK6, STM32H563IGT6, STM32H563IIK3Q, STM32H563IIK6, STM32H563IIT3Q, STM32H563IIT6, STM32H563MIY3QTR, STM32H563RGT6, STM32H563RGV6, STM32H563RIT6, STM32H563RIV6, STM32H563VGT6, STM32H563VIT3Q, STM32H563VIT6, STM32H563ZGT6, STM32H563ZIT3Q, STM32H563ZIT6, STM32H573AII3Q, STM32H573AII6, STM32H573I-DK, STM32H573IIK3Q, STM32H573IIK6, STM32H573IIT3Q, STM32H573IIT6, STM32H573MIY3QTR, STM32H573RIT6, STM32H573RIV6, STM32H573VIT3Q, STM32H573VIT6, STM32H573ZIT3Q, STM32H573ZIT6, STM32H7R3A8I6, STM32H7R3I8K6, STM32H7R3I8T6, STM32H7R3L8H6, STM32H7R3L8H6H, STM32H7R3R8V6, STM32H7R3V8H6, STM32H7R3V8T6, STM32H7R3V8Y6TR, STM32H7R3Z8J6, STM32H7R3Z8T6, STM32H7R7A8I6, STM32H7R7I8K6, STM32H7R7I8T6, STM32H7R7L8H6, STM32H7R7L8H6H, STM32H7R7Z8J6, STM32H7S3A8I6, STM32H7S3I8K6, STM32H7S3I8T6, STM32H7S3L8H6, STM32H7S3L8H6H, STM32H7S3R8V6, STM32H7S3V8H6, STM32H7S3V8T6, STM32H7S3V8Y6TR, STM32H7S3Z8J6, STM32H7S3Z8T6, STM32H7S78-DK, STM32H7S7A8I6, STM32H7S7I8K6, STM32H7S7I8T6, STM32H7S7L8H6, STM32H7S7L8H6H, STM32H7S7Z8J6, STM32L4R5QGI6STR, STM32MP131AAE3, STM32MP131AAF3, STM32MP131AAG3, STM32MP131CAE3, STM32MP131CAF3, STM32MP131CAG3, STM32MP131DAE7, STM32MP131DAF7, STM32MP131DAG7, STM32MP131FAE7, STM32MP131FAF7, STM32MP131FAG7, STM32MP133AAE3, STM32MP133AAF3, STM32MP133AAG3, STM32MP133CAE3, STM32MP133CAF3, STM32MP133CAG3, STM32MP133DAE7, STM32MP133DAF7, STM32MP133DAG7, STM32MP133FAE7, STM32MP133FAF7, STM32MP133FAG7, STM32MP135AAE3, STM32MP135AAF3, STM32MP135AAG3, STM32MP135CAE3, STM32MP135CAF3, STM32MP135CAG3, STM32MP135DAE7, STM32MP135DAF7, STM32MP135DAG7, STM32MP135F-DK, STM32MP135FAE7, STM32MP135FAF7, STM32MP135FAF7T, STM32MP135FAF7U, STM32MP135FAG7, STM32MP211AAL3, STM32MP211AAM3, STM32MP211AAN3, STM32MP211AAO3, STM32MP211CAL3, STM32MP211CAM3, STM32MP211CAN3, STM32MP211CAO3, STM32MP211DAL3, STM32MP211DAM3, STM32MP211DAN3, STM32MP211DAO3, STM32MP211FAL3, STM32MP211FAM3, STM32MP211FAN3, STM32MP211FAO3, STM32MP213AAL3, STM32MP213AAM3, STM32MP213AAN3, STM32MP213AAO3, STM32MP213CAL3, STM32MP213CAM3, STM32MP213CAN3, STM32MP213CAO3, STM32MP213DAL3, STM32MP213DAM3, STM32MP213DAN3, STM32MP213DAO3, STM32MP213FAL3, STM32MP213FAM3, STM32MP213FAN3, STM32MP213FAO3, STM32MP215AAL3, STM32MP215AAM3, STM32MP215AAN3, STM32MP215AAO3, STM32MP215CAL3, STM32MP215CAM3, STM32MP215CAN3, STM32MP215CAO3, STM32MP215DAL3, STM32MP215DAM3, STM32MP215DAN3, STM32MP215DAO3, STM32MP215F-DK, STM32MP215FAL3, STM32MP215FAM3, STM32MP215FAN3, STM32MP215FAO3, STM32MP231AAJ3, STM32MP231AAK3, STM32MP231AAL3, STM32MP231CAJ3, STM32MP231CAK3, STM32MP231CAL3, STM32MP231DAJ3, STM32MP231DAK3, STM32MP231DAL3, STM32MP231FAJ3, STM32MP231FAK3, STM32MP231FAL3, STM32MP233AAJ3, STM32MP233AAK3, STM32MP233AAL3, STM32MP233CAJ3, STM32MP233CAK3, STM32MP233CAL3, STM32MP233DAJ3, STM32MP233DAK3, STM32MP233DAL3, STM32MP233FAJ3, STM32MP233FAK3, STM32MP233FAL3, STM32MP235AAJ3, STM32MP235AAK3, STM32MP235AAL3, STM32MP235CAJ3, STM32MP235CAK3, STM32MP235CAL3, STM32MP235DAJ3, STM32MP235DAK3, STM32MP235DAL3, STM32MP235FAJ3, STM32MP235FAK3, STM32MP235FAL3, STM32MP251AAI3, STM32MP251AAK3, STM32MP251AAL3, STM32MP251CAI3, STM32MP251CAK3, STM32MP251CAL3, STM32MP251DAI3, STM32MP251DAK3, STM32MP251DAL3, STM32MP251FAI3, STM32MP251FAK3, STM32MP251FAL3, STM32MP253AAI3, STM32MP253AAK3, STM32MP253AAL3, STM32MP253CAI3, STM32MP253CAK3, STM32MP253CAL3, STM32MP253DAI3, STM32MP253DAK3, STM32MP253DAL3, STM32MP253FAI3, STM32MP253FAK3, STM32MP253FAL3, STM32MP255AAI3, STM32MP255AAK3, STM32MP255AAL3, STM32MP255CAI3, STM32MP255CAK3, STM32MP255CAL3, STM32MP255DAI3, STM32MP255DAK3, STM32MP255DAL3, STM32MP255FAI3, STM32MP255FAK3, STM32MP255FAL3, STM32MP257AAI3, STM32MP257AAK3, STM32MP257AAL3, STM32MP257CAI3, STM32MP257CAK3, STM32MP257CAL3, STM32MP257DAI3, STM32MP257DAK3, STM32MP257DAL3, STM32MP257F-DK, STM32MP257F-EV1, STM32MP257FAI3, STM32MP257FAK3, STM32MP257FAL3, STM32N645A0H3Q, STM32N645B0H3Q, STM32N645I0H3Q, STM32N645L0H3Q, STM32N645X0H3Q, STM32N645Z0H3Q, STM32N647A0H3Q, STM32N647B0H3Q, STM32N647I0H3Q, STM32N647L0H3Q, STM32N647X0H3Q, STM32N647Z0H3Q, STM32N655A0H3Q, STM32N655B0H3Q, STM32N655I0H3Q, STM32N655L0H3Q, STM32N655X0H3Q, STM32N655Z0H3Q, STM32N6570-DK, STM32N657A0H3Q, STM32N657B0H3Q, STM32N657I0H3Q, STM32N657L0H3Q, STM32N657X0H3Q, STM32N657Z0H3Q, STM32U031C6T6, STM32U031C6U6, STM32U031C8T6, STM32U031C8U6, STM32U031F4P6, STM32U031F6P6, STM32U031F8P6, STM32U031G6Y6TR, STM32U031G8Y6TR, STM32U031K4U6, STM32U031K6U6, STM32U031K8U6, STM32U031R6I6, STM32U031R6T6, STM32U031R8I6, STM32U031R8T6, STM32U073C8T6, STM32U073C8U6, STM32U073CBT6, STM32U073CBU6, STM32U073CCT6, STM32U073CCU6, STM32U073H8Y6TR, STM32U073HBY6TR, STM32U073HCY6TR, STM32U073K8U6, STM32U073KBU6, STM32U073KCU6, STM32U073M8I6, STM32U073M8T6, STM32U073MBI6, STM32U073MBT6, STM32U073MCI6, STM32U073MCT6, STM32U073R8I6, STM32U073R8T6, STM32U073RBI6, STM32U073RBT6, STM32U073RCI6, STM32U073RCT6, STM32U083C-DK, STM32U083CCT6, STM32U083CCU6, STM32U083HCY6TR, STM32U083KCU6, STM32U083MCI6, STM32U083MCT6, STM32U083RCI6, STM32U083RCT6, STM32U375CET6, STM32U375CET6Q, STM32U375CEU6, STM32U375CEU6Q, STM32U375CEY6QTR, STM32U375CGT6, STM32U375CGT6Q, STM32U375CGU6, STM32U375CGU6Q, STM32U375CGY6QTR, STM32U375KEU6, STM32U375KGU6, STM32U375REI6, STM32U375REI6Q, STM32U375RET6, STM32U375RET6Q, STM32U375REY6GTR, STM32U375REY6QTR, STM32U375RGI6, STM32U375RGI6Q, STM32U375RGT6, STM32U375RGT6Q, STM32U375RGY6GTR, STM32U375RGY6QTR, STM32U375VEI6, STM32U375VEI6Q, STM32U375VET6, STM32U375VET6Q, STM32U375VGI6, STM32U375VGI6Q, STM32U375VGT6, STM32U375VGT6Q, STM32U385CGT6, STM32U385CGT6Q, STM32U385CGU6, STM32U385CGU6Q, STM32U385CGY6QTR, STM32U385KGU6, STM32U385RGI6, STM32U385RGI6Q, STM32U385RGT6, STM32U385RGT6Q, STM32U385RGY6GTR, STM32U385RGY6QTR, STM32U385VGI6, STM32U385VGI6Q, STM32U385VGT6, STM32U385VGT6Q, STM32U535CBT6, STM32U535CBT6Q, STM32U535CBU6, STM32U535CBU6Q, STM32U535CCT6, STM32U535CCT6Q, STM32U535CCU6, STM32U535CCU6Q, STM32U535CET6, STM32U535CET6Q, STM32U535CEU6, STM32U535CEU6Q, STM32U535JEY6QTR, STM32U535NCY6QTR, STM32U535NEY6QTR, STM32U535RBI6, STM32U535RBI6Q, STM32U535RBT6, STM32U535RBT6Q, STM32U535RCI6, STM32U535RCI6Q, STM32U535RCT6, STM32U535RCT6Q, STM32U535REI6, STM32U535REI6Q, STM32U535RET6, STM32U535RET6Q, STM32U535VCI6, STM32U535VCI6Q, STM32U535VCT6, STM32U535VCT6Q, STM32U535VEI6, STM32U535VEI6Q, STM32U535VET6, STM32U535VET6Q, STM32U545CET6, STM32U545CET6Q, STM32U545CEU6, STM32U545CEU6Q, STM32U545JEY6QTR, STM32U545NEY6QTR, STM32U545REI6, STM32U545REI6Q, STM32U545RET6, STM32U545RET6Q, STM32U545VEI6, STM32U545VEI6Q, STM32U545VET6, STM32U545VET6Q, STM32U595AIH6, STM32U595AIH6Q, STM32U595AJH6, STM32U595AJH6Q, STM32U595QII6, STM32U595QII6Q, STM32U595QJI6, STM32U595QJI6Q, STM32U595RIT6, STM32U595RIT6Q, STM32U595RJT6, STM32U595RJT6Q, STM32U595VIT6, STM32U595VIT6Q, STM32U595VJT6, STM32U595VJT6Q, STM32U595ZIT6, STM32U595ZIT6Q, STM32U595ZIY6QTR, STM32U595ZJT6, STM32U595ZJT6Q, STM32U595ZJY6QTR, STM32U599BJY6QTR, STM32U599NIH6Q, STM32U599NJH6Q, STM32U599VIT6Q, STM32U599VJT6, STM32U599VJT6Q, STM32U599ZIT6Q, STM32U599ZIY6QTR, STM32U599ZJT6Q, STM32U599ZJY6QTR, STM32U5A5AJH6, STM32U5A5AJH6Q, STM32U5A5QII3Q , STM32U5A5QJI6, STM32U5A5QJI6Q, STM32U5A5RJT6, STM32U5A5RJT6Q, STM32U5A5VJT6, STM32U5A5VJT6Q, STM32U5A5ZJT6, STM32U5A5ZJT6Q, STM32U5A5ZJY6QTR, STM32U5A9BJY6QTR, STM32U5A9J-DK, STM32U5A9NJH6Q, STM32U5A9VJT6Q, STM32U5A9ZJT6Q, STM32U5A9ZJY6QTR, STM32U5F7VIT6, STM32U5F7VIT6Q, STM32U5F7VJT6, STM32U5F7VJT6Q, STM32U5F9BJY6QTR, STM32U5F9NJH6Q, STM32U5F9VIT6Q, STM32U5F9VJT6Q, STM32U5F9ZIJ6QTR, STM32U5F9ZIT6Q, STM32U5F9ZJJ6QTR, STM32U5F9ZJT6Q, STM32U5G7VJT6, STM32U5G7VJT6Q, STM32U5G9BJY6QTR, STM32U5G9J-DK1, STM32U5G9J-DK2, STM32U5G9NJH6Q, STM32U5G9VJT6Q, STM32U5G9ZJJ6QTR, STM32U5G9ZJT6Q, STM32WB05KZV6TR, STM32WB05KZV7TR, STM32WB05TZF6TR, STM32WB05TZF7TR, STM32WB06CCF6TR, STM32WB06CCF7TR, STM32WB06CCV6TR, STM32WB06CCV7TR, STM32WB06KCV6TR, STM32WB06KCV7TR, STM32WB07CCF6TR, STM32WB07CCF7TR, STM32WB07CCV6TR, STM32WB07CCV7TR, STM32WB07KCV6TR, STM32WB07KCV7TR, STM32WB09KEV6TR, STM32WB09KEV7TR, STM32WB09TEF6TR, STM32WB09TEF7TR, STM32WB1MMCH6, STM32WBA50KGU6, STM32WBA50KGU6TR, STM32WBA52CEU6, STM32WBA52CEU6TR, STM32WBA52CEU7, STM32WBA52CEU7TR, STM32WBA52CGU6, STM32WBA52CGU6TR, STM32WBA52CGU6U, STM32WBA52CGU7, STM32WBA52CGU7TR, STM32WBA52KEU6, STM32WBA52KEU6TR, STM32WBA52KGU6, STM32WBA52KGU6TR, STM32WBA54CEU6, STM32WBA54CEU6TR, STM32WBA54CEU7, STM32WBA54CEU7TR, STM32WBA54CGU6, STM32WBA54CGU6TR, STM32WBA54CGU7, STM32WBA54CGU7TR, STM32WBA54KEU6, STM32WBA54KEU6TR, STM32WBA54KEU7, STM32WBA54KEU7TR, STM32WBA54KGU6, STM32WBA54KGU6TR, STM32WBA54KGU7, STM32WBA54KGU7TR, STM32WBA55CEU6, STM32WBA55CEU6TR, STM32WBA55CEU7, STM32WBA55CEU7TR, STM32WBA55CGU6, STM32WBA55CGU6TR, STM32WBA55CGU6U, STM32WBA55CGU7, STM32WBA55CGU7TR, STM32WBA55G-DK1, STM32WBA55HEF6, STM32WBA55HEF7, STM32WBA55HGF6, STM32WBA55HGF7, STM32WBA55UEI6, STM32WBA55UEI6TR, STM32WBA55UEI7, STM32WBA55UEI7TR, STM32WBA55UGI6, STM32WBA55UGI6TR, STM32WBA55UGI7, STM32WBA55UGI7TR, STM32WBA5MMGH6TR, STM32WBA62MGF6, STM32WBA62MIF6, STM32WBA65MGF7, STM32WBA65MIF6, STM32WBA65MIF7, STM32WL30K8V6, STM32WL30KBV6, STM32WL31C8V6, STM32WL31CBV6, STM32WL31K8V6, STM32WL31KBV6, STM32WL33C8V6, STM32WL33C8V6X, STM32WL33CBV6, STM32WL33CBV6X, STM32WL33CCV6, STM32WL33CCV6A, STM32WL33CCV6X, STM32WL33K8V7, STM32WL33K8V7X, STM32WL33KBV7 , STM32WL33KBV7X, STM32WL33KCV7, STM32WL33KCV7X, STM32WL5MOCH6, STM32WL5MOCH6TR]
2025-11-24 09:57:13,076 [INFO] DbMcus:218 - Found 4801 MCUs, 4801 are supported
2025-11-24 09:57:13,078 [INFO] ApiDb:423 - Load user favorites file C:\Users\jansu/.stm32cubeide/favorites.mcus.txt: 2 item(s)
2025-11-24 09:57:13,078 [INFO] ApiDb:427 - User favorites MCUs=[STM32C031C6U6, STM32F030C8T6]
2025-11-24 09:57:13,078 [INFO] DbMcus:224 - Set 2 / 2 favorites MCUs
2025-11-24 09:57:13,622 [INFO] ApiDb:423 - Load user favorites file C:\Users\jansu/.stm32cubeide/favorites.boards.txt: 0 item(s)
2025-11-24 09:57:13,622 [INFO] ApiDb:427 - User favorites Boards=[]
2025-11-24 09:57:13,622 [INFO] DbBoards:198 - Set 0 / 0 favorites Boards
2025-11-24 09:57:13,699 [INFO] UtilMem:75 - End LoadConfig() Used Memory: 949060408 Bytes (1073741824)
2025-11-24 09:57:13,884 [WARN] ThirdParty:833 - waiting for thirdparty lock release [change project]
2025-11-24 09:57:13,884 [INFO] ThirdParty:835 - entering critical section [change project]
2025-11-24 09:57:13,884 [INFO] ThirdParty:1030 - CMSIS Pack Vendor :STMicroelectronics X-CUBE-PM33A1 1.0.0
2025-11-24 09:57:13,884 [INFO] ThirdParty:1030 - CMSIS Pack Vendor :STMicroelectronics USBPD 4.1
2025-11-24 09:57:13,884 [INFO] ThirdParty:1030 - CMSIS Pack Vendor :STMicroelectronics X-CUBE-NFC9 1.0.0
2025-11-24 09:57:13,884 [INFO] ThirdParty:1030 - CMSIS Pack Vendor :STMicroelectronics USB_HOST 2.0.0
2025-11-24 09:57:13,884 [INFO] ThirdParty:1030 - CMSIS Pack Vendor :STMicroelectronics FP-SNS-MOTENVWB1 1.4.0
2025-11-24 09:57:13,884 [INFO] ThirdParty:1030 - CMSIS Pack Vendor :STMicroelectronics X-CUBE-AZRTOS-F4 1.1.0
2025-11-24 09:57:13,884 [INFO] ThirdParty:1030 - CMSIS Pack Vendor :STMicroelectronics LIBJPEG 8.0.0
2025-11-24 09:57:13,884 [INFO] ThirdParty:1030 - CMSIS Pack Vendor :STMicroelectronics FP-ATR-ASTRA1 2.0.2
2025-11-24 09:57:13,884 [INFO] ThirdParty:1030 - CMSIS Pack Vendor :wolfSSL I-CUBE-wolfSSL 5.8.2
2025-11-24 09:57:13,884 [INFO] ThirdParty:1030 - CMSIS Pack Vendor :STMicroelectronics X-CUBE-BLE1 7.1.0
2025-11-24 09:57:13,884 [INFO] ThirdParty:1030 - CMSIS Pack Vendor :Avnet-IotConnect X-CUBE-IoTC-DA16k-PMOD 1.0.0
2025-11-24 09:57:13,884 [INFO] ThirdParty:1030 - CMSIS Pack Vendor :STMicroelectronics X-CUBE-SMBUS 2.1.0
2025-11-24 09:57:13,884 [INFO] ThirdParty:1030 - CMSIS Pack Vendor :wolfSSL I-CUBE-wolfMQTT 1.19.2
2025-11-24 09:57:13,884 [INFO] ThirdParty:1030 - CMSIS Pack Vendor :STMicroelectronics USB_DEVICE 3.0.0
2025-11-24 09:57:13,885 [INFO] ThirdParty:1030 - CMSIS Pack Vendor :STMicroelectronics X-CUBE-ISPU 2.1.0
2025-11-24 09:57:13,885 [INFO] ThirdParty:1030 - CMSIS Pack Vendor :STMicroelectronics X-CUBE-EEPRMA1 5.2.0
2025-11-24 09:57:13,885 [INFO] ThirdParty:1030 - CMSIS Pack Vendor :STMicroelectronics X-CUBE-IPS 3.2.0
2025-11-24 09:57:13,885 [INFO] ThirdParty:1030 - CMSIS Pack Vendor :STMicroelectronics X-CUBE-BLEMGR 4.1.0
2025-11-24 09:57:13,885 [INFO] ThirdParty:1030 - CMSIS Pack Vendor :STMicroelectronics X-CUBE-AZRTOS-WB 2.0.0
2025-11-24 09:57:13,885 [INFO] ThirdParty:1030 - CMSIS Pack Vendor :STMicroelectronics X-CUBE-ST60 1.0.0
2025-11-24 09:57:13,885 [INFO] ThirdParty:1030 - CMSIS Pack Vendor :STMicroelectronics X-CUBE-GNSS1 7.0.1
2025-11-24 09:57:13,885 [INFO] ThirdParty:1030 - CMSIS Pack Vendor :STMicroelectronics X-CUBE-NFC12 1.0.0
2025-11-24 09:57:13,885 [INFO] ThirdParty:1030 - CMSIS Pack Vendor :STMicroelectronics X-CUBE-AZRTOS-F7 1.1.0
2025-11-24 09:57:13,885 [INFO] ThirdParty:1030 - CMSIS Pack Vendor :STMicroelectronics X-CUBE-AZRTOS-L5 2.0.0
2025-11-24 09:57:13,885 [INFO] ThirdParty:1030 - CMSIS Pack Vendor :STMicroelectronics X-CUBE-TOUCHGFX 4.25.0
2025-11-24 09:57:13,885 [INFO] ThirdParty:1030 - CMSIS Pack Vendor :STMicroelectronics USB_DEVICE 2.0.0
2025-11-24 09:57:13,885 [INFO] ThirdParty:1030 - CMSIS Pack Vendor :STMicroelectronics X-CUBE-NFC6 3.1.0
2025-11-24 09:57:13,885 [INFO] ThirdParty:1030 - CMSIS Pack Vendor :STMicroelectronics X-CUBE-ST67W61 1.1.0
2025-11-24 09:57:13,885 [INFO] ThirdParty:1030 - CMSIS Pack Vendor :quantropi X-CUBE-qispace-sdk-base 2.1.0
2025-11-24 09:57:13,885 [INFO] ThirdParty:1030 - CMSIS Pack Vendor :STMicroelectronics FP-SNS-MOTENV1 5.1.0
2025-11-24 09:57:13,885 [INFO] ThirdParty:1030 - CMSIS Pack Vendor :STMicroelectronics FreeRTOS 0.0.1
2025-11-24 09:57:13,885 [INFO] ThirdParty:1030 - CMSIS Pack Vendor :STMicroelectronics X-CUBE-AZRTOS-G0 1.1.0
2025-11-24 09:57:13,885 [INFO] ThirdParty:1030 - CMSIS Pack Vendor :STMicroelectronics X-CUBE-SAFEA1 1.2.2
2025-11-24 09:57:13,885 [INFO] ThirdParty:1030 - CMSIS Pack Vendor :STMicroelectronics X-CUBE-NFC4 3.0.0
2025-11-24 09:57:13,885 [INFO] ThirdParty:1030 - CMSIS Pack Vendor :STMicroelectronics X-CUBE-SUBG2 5.0.0
2025-11-24 09:57:13,885 [INFO] ThirdParty:1030 - CMSIS Pack Vendor :STMicroelectronics X-CUBE-AZRTOS-H7RS 1.1.0
2025-11-24 09:57:13,885 [INFO] ThirdParty:1030 - CMSIS Pack Vendor :STMicroelectronics STM32_WPAN 1.0.0
2025-11-24 09:57:13,885 [INFO] ThirdParty:1030 - CMSIS Pack Vendor :EmbeddedOffice I-CUBE-FS-RTOS 1.0.1
2025-11-24 09:57:13,885 [INFO] ThirdParty:1030 - CMSIS Pack Vendor :STMicroelectronics lwIP 2.0.3
2025-11-24 09:57:13,885 [INFO] ThirdParty:1030 - CMSIS Pack Vendor :WES I-CUBE-Cesium 1.4.0
2025-11-24 09:57:13,885 [INFO] ThirdParty:1030 - CMSIS Pack Vendor :Cesanta I-CUBE-Mongoose 7.13.0
2025-11-24 09:57:13,885 [INFO] ThirdParty:1030 - CMSIS Pack Vendor :STMicroelectronics USB_HOST 1.0.0
2025-11-24 09:57:13,885 [INFO] ThirdParty:1030 - CMSIS Pack Vendor :Infineon AIROC-Wi-Fi-Bluetooth-STM32 1.7.1
2025-11-24 09:57:13,885 [INFO] ThirdParty:1030 - CMSIS Pack Vendor :STMicroelectronics X-CUBE-AZRTOS-G4 2.0.0
2025-11-24 09:57:13,885 [INFO] ThirdParty:1030 - CMSIS Pack Vendor :STMicroelectronics X-CUBE-WB05N 2.0.0
2025-11-24 09:57:13,885 [INFO] ThirdParty:1030 - CMSIS Pack Vendor :STMicroelectronics PDM2PCM 3.1.0
2025-11-24 09:57:13,885 [INFO] ThirdParty:1030 - CMSIS Pack Vendor :STMicroelectronics PDM2PCM 3.3.0
2025-11-24 09:57:13,885 [INFO] ThirdParty:1030 - CMSIS Pack Vendor :wolfSSL I-CUBE-wolfTPM 3.8.0
2025-11-24 09:57:13,885 [INFO] ThirdParty:1030 - CMSIS Pack Vendor :STMicroelectronics X-CUBE-AZRTOS-H7 3.4.0
2025-11-24 09:57:13,885 [INFO] ThirdParty:1030 - CMSIS Pack Vendor :STMicroelectronics X-CUBE-DISPLAY 3.0.0
2025-11-24 09:57:13,886 [INFO] ThirdParty:1030 - CMSIS Pack Vendor :wolfSSL I-CUBE-wolfSSH 1.4.20
2025-11-24 09:57:13,886 [INFO] ThirdParty:1030 - CMSIS Pack Vendor :STMicroelectronics X-CUBE-NFC7 2.0.0
2025-11-24 09:57:13,886 [INFO] ThirdParty:1030 - CMSIS Pack Vendor :STMicroelectronics X-CUBE-TCPP 4.2.0
2025-11-24 09:57:13,886 [INFO] ThirdParty:1030 - CMSIS Pack Vendor :RealThread X-CUBE-RT-Thread_Nano 4.1.1
2025-11-24 09:57:13,886 [INFO] ThirdParty:1030 - CMSIS Pack Vendor :STMicroelectronics FP-ATR-SIGFOX1 3.2.0
2025-11-24 09:57:13,886 [INFO] ThirdParty:1030 - CMSIS Pack Vendor :STMicroelectronics X-CUBE-NFC10 1.0.0
2025-11-24 09:57:13,886 [INFO] ThirdParty:1030 - CMSIS Pack Vendor :STMicroelectronics X-CUBE-FREERTOS 1.3.1
2025-11-24 09:57:13,886 [INFO] ThirdParty:1030 - CMSIS Pack Vendor :STMicroelectronics HAL Drivers 0.0.0
2025-11-24 09:57:13,886 [INFO] ThirdParty:1030 - CMSIS Pack Vendor :STMicroelectronics MBEDTLS 2.16.2
2025-11-24 09:57:13,886 [INFO] ThirdParty:1030 - CMSIS Pack Vendor :STMicroelectronics X-CUBE-ST60 1.1.0
2025-11-24 09:57:13,886 [INFO] ThirdParty:1030 - CMSIS Pack Vendor :STMicroelectronics X-CUBE-IPS 3.1.0
2025-11-24 09:57:13,886 [INFO] ThirdParty:1030 - CMSIS Pack Vendor :STMicroelectronics X-CUBE-ALS 1.0.2
2025-11-24 09:57:13,886 [INFO] ThirdParty:1030 - CMSIS Pack Vendor :emotas I-CUBE-CANOPEN 1.3.0
2025-11-24 09:57:13,886 [INFO] ThirdParty:1030 - CMSIS Pack Vendor :STMicroelectronics MBEDTLS 2.14.1
2025-11-24 09:57:13,886 [INFO] ThirdParty:1030 - CMSIS Pack Vendor :STMicroelectronics X-CUBE-GNSS1 7.1.0
2025-11-24 09:57:13,886 [INFO] ThirdParty:1030 - CMSIS Pack Vendor :ITTIA_DB I-CUBE-ITTIADB 8.9.0
2025-11-24 09:57:13,886 [INFO] ThirdParty:1030 - CMSIS Pack Vendor :STMicroelectronics X-CUBE-TOUCHGFX 4.26.0
2025-11-24 09:57:13,886 [INFO] ThirdParty:1030 - CMSIS Pack Vendor :STMicroelectronics X-CUBE-STSE01 1.0.0
2025-11-24 09:57:13,886 [INFO] ThirdParty:1030 - CMSIS Pack Vendor :STMicroelectronics X-CUBE-ST67W61 1.0.0
2025-11-24 09:57:13,886 [INFO] ThirdParty:1030 - CMSIS Pack Vendor :STMicroelectronics FP-SNS-STBOX1 2.1.0
2025-11-24 09:57:13,886 [INFO] ThirdParty:1030 - CMSIS Pack Vendor :STMicroelectronics X-CUBE-AI 10.2.0
2025-11-24 09:57:13,886 [INFO] ThirdParty:1030 - CMSIS Pack Vendor :STMicroelectronics FP-SNS-STAIOTCFT 1.0.0
2025-11-24 09:57:13,886 [INFO] ThirdParty:1030 - CMSIS Pack Vendor :STMicroelectronics ThreadX 1.0.0
2025-11-24 09:57:13,886 [INFO] ThirdParty:1030 - CMSIS Pack Vendor :STMicroelectronics FP-SNS-SMARTAG2 1.2.0
2025-11-24 09:57:13,886 [INFO] ThirdParty:1030 - CMSIS Pack Vendor :STMicroelectronics FP-SNS-FLIGHT1 5.1.0
2025-11-24 09:57:13,886 [INFO] ThirdParty:1030 - CMSIS Pack Vendor :STMicroelectronics X-CUBE-AZRTOS-WL 2.0.0
2025-11-24 09:57:13,886 [INFO] ThirdParty:1030 - CMSIS Pack Vendor :SEGGER I-CUBE-embOS 1.3.1
2025-11-24 09:57:13,886 [INFO] ThirdParty:1030 - CMSIS Pack Vendor :STMicroelectronics X-CUBE-ALGOBUILD 1.4.0
2025-11-24 09:57:13,886 [INFO] ThirdParty:1030 - CMSIS Pack Vendor :STMicroelectronics X-CUBE-DPower 1.3.0
2025-11-24 09:57:13,886 [INFO] ThirdParty:1030 - CMSIS Pack Vendor :STMicroelectronics X-CUBE-MEMS1 11.3.0
2025-11-24 09:57:13,886 [INFO] ThirdParty:1030 - CMSIS Pack Vendor :STMicroelectronics FP-SNS-MOTENV1 5.0.0
2025-11-24 09:57:13,886 [INFO] ThirdParty:1030 - CMSIS Pack Vendor :STMicroelectronics USB_DEVICE 1.0.0
2025-11-24 09:57:13,886 [INFO] ThirdParty:1030 - CMSIS Pack Vendor :STMicroelectronics X-CUBE-AZRTOS-L4 2.0.0
2025-11-24 09:57:13,886 [INFO] ThirdParty:1030 - CMSIS Pack Vendor :STMicroelectronics ThreadX 0.0.2
2025-11-24 09:57:13,886 [INFO] ThirdParty:1030 - CMSIS Pack Vendor :STMicroelectronics lwIP 2.1.2
2025-11-24 09:57:13,886 [INFO] ThirdParty:1030 - CMSIS Pack Vendor :STMicroelectronics X-CUBE-SFXS2LP1 4.0.0
2025-11-24 09:57:13,886 [INFO] ThirdParty:1030 - CMSIS Pack Vendor :STMicroelectronics X-CUBE-BLE2 3.3.0
2025-11-24 09:57:13,886 [INFO] ThirdParty:1030 - CMSIS Pack Vendor :Avnet-IOTCONNECT X-CUBE-iotc-st67-sdk 1.0.0
2025-11-24 09:57:13,886 [INFO] ThirdParty:1030 - CMSIS Pack Vendor :STMicroelectronics X-CUBE-TOF1 3.4.3
2025-11-24 09:57:13,887 [INFO] ThirdParty:1030 - CMSIS Pack Vendor :STMicroelectronics PDM2PCM 3.2.0
2025-11-24 09:57:13,887 [INFO] ThirdParty:841 - exiting critical section [change project]
2025-11-24 09:57:14,261 [INFO] PinOutPanel:1589 - setPackage(No Configuration,No Configuration)
2025-11-24 09:57:14,263 [INFO] PinOutPanel:1589 - setPackage(STM32F030C8Tx,LQFP48)
2025-11-24 09:57:15,066 [INFO] UtilMem:75 - Before build in PCC Used Memory: 646447104 Bytes (1073741824)
2025-11-24 09:57:16,105 [INFO] UtilMem:75 - After build in PCC Used Memory: 707825488 Bytes (1073741824)
2025-11-24 09:57:16,137 [INFO] IPUIPlugin:80 - create IPUIPlugin
2025-11-24 09:57:16,137 [INFO] IPUIPlugin:80 - create IPUIPlugin
2025-11-24 09:57:16,137 [INFO] IPUIPlugin:80 - create IPUIPlugin
2025-11-24 09:57:16,137 [INFO] IPUIPlugin:80 - create IPUIPlugin
2025-11-24 09:57:16,137 [INFO] IPUIPlugin:80 - create IPUIPlugin
2025-11-24 09:57:16,137 [INFO] IPUIPlugin:80 - create IPUIPlugin
2025-11-24 09:57:16,137 [INFO] IPUIPlugin:80 - create IPUIPlugin
2025-11-24 09:57:16,138 [INFO] IPUIPlugin:80 - create IPUIPlugin
2025-11-24 09:57:16,138 [INFO] IPUIPlugin:80 - create IPUIPlugin
2025-11-24 09:57:16,138 [INFO] IPUIPlugin:80 - create IPUIPlugin
2025-11-24 09:57:16,138 [INFO] IPUIPlugin:80 - create IPUIPlugin
2025-11-24 09:57:16,138 [INFO] IPUIPlugin:80 - create IPUIPlugin
2025-11-24 09:57:16,138 [INFO] IPUIPlugin:80 - create IPUIPlugin
2025-11-24 09:57:16,138 [INFO] IPUIPlugin:80 - create IPUIPlugin
2025-11-24 09:57:16,139 [INFO] IPUIPlugin:80 - create IPUIPlugin
2025-11-24 09:57:16,139 [INFO] IPUIPlugin:80 - create IPUIPlugin
2025-11-24 09:57:16,139 [INFO] IPUIPlugin:80 - create IPUIPlugin
2025-11-24 09:57:16,140 [INFO] IPUIPlugin:80 - create IPUIPlugin
2025-11-24 09:57:16,140 [INFO] IPUIPlugin:80 - create IPUIPlugin
2025-11-24 09:57:16,140 [INFO] IPUIPlugin:80 - create IPUIPlugin
2025-11-24 09:57:16,141 [INFO] IPUIPlugin:80 - create IPUIPlugin
2025-11-24 09:57:16,141 [INFO] IPUIPlugin:80 - create IPUIPlugin
2025-11-24 09:57:16,141 [INFO] IPUIPlugin:80 - create IPUIPlugin
2025-11-24 09:57:16,141 [INFO] IPUIPlugin:80 - create IPUIPlugin
2025-11-24 09:57:16,141 [INFO] IPUIPlugin:80 - create IPUIPlugin
2025-11-24 09:57:16,142 [INFO] IPUIPlugin:80 - create IPUIPlugin
2025-11-24 09:57:16,471 [INFO] CADModel:165 - CPN selected for project levelSTM32F030C8T6
2025-11-24 09:57:16,471 [INFO] CADModel:114 - Register for checkConnection events
2025-11-24 09:57:16,550 [INFO] OpenFileManager:386 - Restore cursor
2025-11-24 09:59:22,126 [INFO] MainUpdater:2872 - connection check result : 10
2025-11-24 09:59:22,126 [INFO] MainUpdater:2872 - connection check result : 10
2025-11-24 09:59:22,406 [INFO] I2cTimingTraitement:330 - 0x10805D88
2025-11-24 09:59:22,409 [INFO] MicroXplorer:468 - Change Database Path : 
2025-11-24 09:59:22,410 [INFO] MicroXplorer:498 - Change Database Version : DB.6.0.150
2025-11-24 09:59:22,423 [ERROR] ProjectManagerView:395 - 
java.lang.NullPointerException: Cannot invoke "javax.swing.JTextField.getText()" because the return value of "java.util.List.get(int)" is null
	at com.st.microxplorer.plugins.projectmanager.gui.ProjectChoiceTab$9.caretUpdate(ProjectChoiceTab.java:2706) ~[filemanager.jar:?]
	at javax.swing.text.JTextComponent.fireCaretUpdate(JTextComponent.java:408) ~[?:?]
	at javax.swing.text.JTextComponent$MutableCaretEvent.fire(JTextComponent.java:4484) ~[?:?]
	at javax.swing.text.JTextComponent$MutableCaretEvent.stateChanged(JTextComponent.java:4506) ~[?:?]
	at javax.swing.text.DefaultCaret.fireStateChanged(DefaultCaret.java:857) ~[?:?]
	at javax.swing.text.DefaultCaret.changeCaretPosition(DefaultCaret.java:1343) ~[?:?]
	at javax.swing.text.DefaultCaret.handleSetDot(DefaultCaret.java:1242) ~[?:?]
	at javax.swing.text.DefaultCaret.setDot(DefaultCaret.java:1223) ~[?:?]
	at javax.swing.text.DefaultCaret$Handler.insertUpdate(DefaultCaret.java:1819) ~[?:?]
	at javax.swing.text.AbstractDocument.fireInsertUpdate(AbstractDocument.java:227) ~[?:?]
	at javax.swing.text.AbstractDocument.handleInsertString(AbstractDocument.java:781) ~[?:?]
	at javax.swing.text.AbstractDocument.insertString(AbstractDocument.java:740) ~[?:?]
	at javax.swing.text.PlainDocument.insertString(PlainDocument.java:131) ~[?:?]
	at javax.swing.text.AbstractDocument.replace(AbstractDocument.java:699) ~[?:?]
	at javax.swing.text.JTextComponent.setText(JTextComponent.java:1725) ~[?:?]
	at com.st.microxplorer.plugins.projectmanager.gui.ProjectChoiceTab.createHeapStackFields(ProjectChoiceTab.java:993) ~[filemanager.jar:?]
	at com.st.microxplorer.plugins.projectmanager.gui.ProjectChoiceTab.buildLinkSettingsPanel(ProjectChoiceTab.java:3813) ~[filemanager.jar:?]
	at com.st.microxplorer.plugins.projectmanager.gui.ProjectChoiceTab.defineWindowsFields(ProjectChoiceTab.java:1987) ~[filemanager.jar:?]
	at com.st.microxplorer.plugins.projectmanager.gui.ProjectChoiceTab.updateSettings(ProjectChoiceTab.java:558) ~[filemanager.jar:?]
	at com.st.microxplorer.plugins.projectmanager.gui.ProjectSettingsPanel.UpdateDialog(ProjectSettingsPanel.java:247) ~[filemanager.jar:?]
	at com.st.microxplorer.plugins.projectmanager.ProjectManagerView.propertyChange(ProjectManagerView.java:392) ~[filemanager.jar:?]
	at java.beans.PropertyChangeSupport.fire(PropertyChangeSupport.java:343) ~[?:?]
	at java.beans.PropertyChangeSupport.firePropertyChange(PropertyChangeSupport.java:335) ~[?:?]
	at java.beans.PropertyChangeSupport.firePropertyChange(PropertyChangeSupport.java:268) ~[?:?]
	at com.st.microxplorer.util.MXPropertyChangeSupport.firePropertyChange(MXPropertyChangeSupport.java:54) ~[STM32CubeMX.jar:?]
	at com.st.microxplorer.mxsystem.MxSystem.closeConfig(MxSystem.java:899) ~[STM32CubeMX.jar:?]
	at com.st.microxplorer.maingui.MainPanel.closeConfig(MainPanel.java:792) ~[STM32CubeMX.jar:?]
	at com.st.microxplorer.plugins.filemanager.engine.OpenFileManager.loadConfigurationFile(OpenFileManager.java:288) ~[filemanager.jar:?]
	at com.st.microxplorer.plugins.filemanager.engine.MainFileManager.userLoadConfig(MainFileManager.java:364) ~[filemanager.jar:?]
	at com.st.microxplorer.plugins.filemanager.engine.MainFileManager.userLoadConfig(MainFileManager.java:342) ~[filemanager.jar:?]
	at com.st.microxplorer.plugins.filemanager.FileManagerView.getSpecificTask(FileManagerView.java:264) ~[filemanager.jar:?]
	at com.st.stm32cube.common.mx.editor.CubeMxEditor.getMxTabbedPaneInstance(CubeMxEditor.java:1198) ~[com.st.stm32cube.common.mx_6.15.0.202507011659/:?]
	at com.st.stm32cube.common.mx.editor.CubeMxEditor$12$1.createSwingComponent(CubeMxEditor.java:1068) ~[com.st.stm32cube.common.mx_6.15.0.202507011659/:?]
	at com.st.stm32cube.common.mx.oss.core.awtswtbridge.EmbeddedSwingComposite.doComponentCreation(EmbeddedSwingComposite.java:492) ~[com.st.stm32cube.common.mx.oss_6.15.0.202507011659/:?]
	at com.st.stm32cube.common.mx.oss.core.awtswtbridge.EmbeddedSwingComposite$4.run(EmbeddedSwingComposite.java:291) ~[com.st.stm32cube.common.mx.oss_6.15.0.202507011659/:?]
	at com.st.stm32cube.common.mx.oss.core.awtswtbridge.AwtEnvironment$2.run(AwtEnvironment.java:166) ~[com.st.stm32cube.common.mx.oss_6.15.0.202507011659/:?]
	at java.awt.event.InvocationEvent.dispatch(InvocationEvent.java:318) ~[?:?]
	at java.awt.EventQueue.dispatchEventImpl(EventQueue.java:773) ~[?:?]
	at java.awt.EventQueue$4.run(EventQueue.java:720) ~[?:?]
	at java.awt.EventQueue$4.run(EventQueue.java:714) ~[?:?]
	at java.security.AccessController.doPrivileged(AccessController.java:400) ~[?:?]
	at java.security.ProtectionDomain$JavaSecurityAccessImpl.doIntersectionPrivilege(ProtectionDomain.java:87) ~[?:?]
	at java.awt.EventQueue.dispatchEvent(EventQueue.java:742) ~[?:?]
	at java.awt.EventDispatchThread.pumpOneEventForFilters(EventDispatchThread.java:203) ~[?:?]
	at java.awt.EventDispatchThread.pumpEventsForFilter(EventDispatchThread.java:124) ~[?:?]
	at java.awt.EventDispatchThread.pumpEventsForHierarchy(EventDispatchThread.java:113) ~[?:?]
	at java.awt.EventDispatchThread.pumpEvents(EventDispatchThread.java:109) ~[?:?]
	at java.awt.EventDispatchThread.pumpEvents(EventDispatchThread.java:101) ~[?:?]
	at java.awt.EventDispatchThread.run(EventDispatchThread.java:90) ~[?:?]
2025-11-24 09:59:22,454 [WARN] ThirdParty:871 - waiting for thirdparty lock release [close project]
2025-11-24 09:59:22,454 [INFO] ThirdParty:873 - entering critical section [close project]
2025-11-24 09:59:22,454 [INFO] ThirdParty:883 - exiting critical section [close project]
2025-11-24 09:59:22,455 [INFO] PinOutPanel:1589 - setPackage(No Configuration,No Configuration)
2025-11-24 09:59:22,461 [INFO] UtilMem:75 - Begin LoadConfig() Used Memory: 805202408 Bytes (1073741824)
2025-11-24 09:59:22,462 [INFO] MicroXplorer:468 - Change Database Path : 
2025-11-24 09:59:22,462 [INFO] MicroXplorer:498 - Change Database Version : DB.6.0.150
2025-11-24 09:59:22,462 [INFO] OpenFileManager:355 - Change cursor
2025-11-24 09:59:22,472 [INFO] Mcu:2029 - Initializing MCU STM32F411R(C-E)Tx STM32F411RCTx STM32F411RCT6
2025-11-24 09:59:23,461 [INFO] Context:786 - Trying to add GPIOservice into a context  which must be forbidden
2025-11-24 09:59:23,705 [INFO] ImportTextPane:234 - (OptionalMessage_ERROR) Pin23 (VP_RIF_VS_RIF1) cannot be retrieved for this MCU
2025-11-24 09:59:23,732 [INFO] RtosManager:558 - Registered RTOS mode: class=CMSIS, group=RTOS, mode=CMSIS_V1, owner=FREERTOS
2025-11-24 09:59:23,732 [INFO] RtosManager:558 - Registered RTOS mode: class=CMSIS, group=RTOS2, mode=CMSIS_V2, owner=FREERTOS
2025-11-24 09:59:23,732 [INFO] RtosManager:558 - Registered RTOS mode: class=RTOS, group=Core, mode=CMSIS_V1, owner=FREERTOS
2025-11-24 09:59:23,732 [INFO] RtosManager:558 - Registered RTOS mode: class=RTOS, group=Core, mode=CMSIS_V2, owner=FREERTOS
2025-11-24 09:59:23,732 [WARN] ModelIntegratedComponent:184 - Missing modes for component STMicroelectronics:FreeRTOS:0.0.1:STMicroelectronics:RTOS:FreeRTOS:Core:::10.2.0:
2025-11-24 09:59:23,736 [WARN] ModelIntegratedComponent:182 - Modes not found for component STMicroelectronics:USB_HOST:1.0.0:STMicroelectronics:USB::USB Host:Audio HS::1.0:USB_HOST_1_0_RESTRICTED_HS
2025-11-24 09:59:23,736 [WARN] ModelIntegratedComponent:188 - Modes not found for component STMicroelectronics:USB_HOST:1.0.0:STMicroelectronics:USB::USB Host:Audio HS::1.0:USB_HOST_1_0_RESTRICTED_HS
2025-11-24 09:59:23,736 [WARN] ModelIntegratedComponent:182 - Modes not found for component STMicroelectronics:USB_HOST:1.0.0:STMicroelectronics:USB::USB Host:CDC HS::1.0:USB_HOST_1_0_RESTRICTED_HS
2025-11-24 09:59:23,736 [WARN] ModelIntegratedComponent:188 - Modes not found for component STMicroelectronics:USB_HOST:1.0.0:STMicroelectronics:USB::USB Host:CDC HS::1.0:USB_HOST_1_0_RESTRICTED_HS
2025-11-24 09:59:23,736 [WARN] ModelIntegratedComponent:182 - Modes not found for component STMicroelectronics:USB_HOST:1.0.0:STMicroelectronics:USB::USB Host:MSC HS::1.0:USB_HOST_1_0_RESTRICTED_HS
2025-11-24 09:59:23,736 [WARN] ModelIntegratedComponent:188 - Modes not found for component STMicroelectronics:USB_HOST:1.0.0:STMicroelectronics:USB::USB Host:MSC HS::1.0:USB_HOST_1_0_RESTRICTED_HS
2025-11-24 09:59:23,736 [WARN] ModelIntegratedComponent:182 - Modes not found for component STMicroelectronics:USB_HOST:1.0.0:STMicroelectronics:USB::USB Host:HID HS::1.0:USB_HOST_1_0_RESTRICTED_HS
2025-11-24 09:59:23,736 [WARN] ModelIntegratedComponent:188 - Modes not found for component STMicroelectronics:USB_HOST:1.0.0:STMicroelectronics:USB::USB Host:HID HS::1.0:USB_HOST_1_0_RESTRICTED_HS
2025-11-24 09:59:23,736 [WARN] ModelIntegratedComponent:182 - Modes not found for component STMicroelectronics:USB_HOST:1.0.0:STMicroelectronics:USB::USB Host:MTP HS::1.0:USB_HOST_1_0_RESTRICTED_HS
2025-11-24 09:59:23,736 [WARN] ModelIntegratedComponent:188 - Modes not found for component STMicroelectronics:USB_HOST:1.0.0:STMicroelectronics:USB::USB Host:MTP HS::1.0:USB_HOST_1_0_RESTRICTED_HS
2025-11-24 09:59:23,741 [WARN] ModelIntegratedComponent:63 - No mode defined for component null
2025-11-24 09:59:23,741 [WARN] ModelIntegratedComponent:63 - No mode defined for component null
2025-11-24 09:59:23,741 [WARN] ModelIntegratedComponent:63 - No mode defined for component null
2025-11-24 09:59:23,741 [WARN] ModelIntegratedComponent:63 - No mode defined for component null
2025-11-24 09:59:23,741 [WARN] ModelIntegratedComponent:63 - No mode defined for component null
2025-11-24 09:59:23,741 [WARN] ModelIntegratedComponent:63 - No mode defined for component null
2025-11-24 09:59:23,741 [WARN] ModelIntegratedComponent:63 - No mode defined for component null
2025-11-24 09:59:23,741 [WARN] ModelIntegratedComponent:63 - No mode defined for component null
2025-11-24 09:59:23,741 [WARN] ModelIntegratedComponent:63 - No mode defined for component null
2025-11-24 09:59:23,741 [WARN] ModelIntegratedComponent:63 - No mode defined for component null
2025-11-24 09:59:23,741 [WARN] ModelIntegratedComponent:63 - No mode defined for component null
2025-11-24 09:59:23,741 [WARN] ModelIntegratedComponent:63 - No mode defined for component null
2025-11-24 09:59:23,741 [WARN] ModelIntegratedComponent:63 - No mode defined for component null
2025-11-24 09:59:23,741 [WARN] ModelIntegratedComponent:63 - No mode defined for component null
2025-11-24 09:59:23,742 [WARN] ModelIntegratedComponent:63 - No mode defined for component null
2025-11-24 09:59:23,742 [WARN] ModelIntegratedComponent:63 - No mode defined for component null
2025-11-24 09:59:23,742 [WARN] ModelIntegratedComponent:63 - No mode defined for component null
2025-11-24 09:59:23,742 [WARN] ModelIntegratedComponent:63 - No mode defined for component null
2025-11-24 09:59:23,742 [WARN] ModelIntegratedComponent:63 - No mode defined for component null
2025-11-24 09:59:23,742 [WARN] ModelIntegratedComponent:63 - No mode defined for component null
2025-11-24 09:59:23,742 [WARN] ModelIntegratedComponent:63 - No mode defined for component null
2025-11-24 09:59:23,742 [WARN] ModelIntegratedComponent:63 - No mode defined for component null
2025-11-24 09:59:23,742 [WARN] ModelIntegratedComponent:63 - No mode defined for component null
2025-11-24 09:59:23,742 [WARN] ModelIntegratedComponent:63 - No mode defined for component null
2025-11-24 09:59:23,742 [WARN] ModelIntegratedComponent:63 - No mode defined for component null
2025-11-24 09:59:23,742 [WARN] ModelIntegratedComponent:63 - No mode defined for component null
2025-11-24 09:59:23,742 [WARN] ModelIntegratedComponent:63 - No mode defined for component null
2025-11-24 09:59:23,742 [WARN] ModelIntegratedComponent:63 - No mode defined for component null
2025-11-24 09:59:23,742 [WARN] ModelIntegratedComponent:63 - No mode defined for component null
2025-11-24 09:59:23,742 [WARN] ModelIntegratedComponent:63 - No mode defined for component null
2025-11-24 09:59:23,742 [WARN] ModelIntegratedComponent:63 - No mode defined for component null
2025-11-24 09:59:23,742 [WARN] ModelIntegratedComponent:63 - No mode defined for component null
2025-11-24 09:59:23,742 [WARN] ModelIntegratedComponent:63 - No mode defined for component null
2025-11-24 09:59:23,742 [WARN] ModelIntegratedComponent:63 - No mode defined for component null
2025-11-24 09:59:23,742 [WARN] ModelIntegratedComponent:63 - No mode defined for component null
2025-11-24 09:59:23,742 [WARN] ModelPack:524 - Component already loaded: STMicroelectronics:HAL Drivers:0.0.0:STMicroelectronics:Device:STMicro_Driver:XSPI:HAL::0.0.1:HAL_XSPI
2025-11-24 09:59:23,803 [WARN] ModelIntegratedComponent:182 - Modes not found for component STMicroelectronics:USB_DEVICE:1.0.0:STMicroelectronics:USB::USB Device:Audio HS::1.0:USB_DEVICE_1_0_RESTRICTED_HS
2025-11-24 09:59:23,803 [WARN] ModelIntegratedComponent:188 - Modes not found for component STMicroelectronics:USB_DEVICE:1.0.0:STMicroelectronics:USB::USB Device:Audio HS::1.0:USB_DEVICE_1_0_RESTRICTED_HS
2025-11-24 09:59:23,803 [WARN] ModelIntegratedComponent:182 - Modes not found for component STMicroelectronics:USB_DEVICE:1.0.0:STMicroelectronics:USB::USB Device:CDC HS::1.0:USB_DEVICE_1_0_RESTRICTED_HS
2025-11-24 09:59:23,803 [WARN] ModelIntegratedComponent:188 - Modes not found for component STMicroelectronics:USB_DEVICE:1.0.0:STMicroelectronics:USB::USB Device:CDC HS::1.0:USB_DEVICE_1_0_RESTRICTED_HS
2025-11-24 09:59:23,803 [WARN] ModelIntegratedComponent:182 - Modes not found for component STMicroelectronics:USB_DEVICE:1.0.0:STMicroelectronics:USB::USB Device:DFU HS::1.0:USB_DEVICE_1_0_RESTRICTED_HS
2025-11-24 09:59:23,803 [WARN] ModelIntegratedComponent:188 - Modes not found for component STMicroelectronics:USB_DEVICE:1.0.0:STMicroelectronics:USB::USB Device:DFU HS::1.0:USB_DEVICE_1_0_RESTRICTED_HS
2025-11-24 09:59:23,803 [WARN] ModelIntegratedComponent:182 - Modes not found for component STMicroelectronics:USB_DEVICE:1.0.0:STMicroelectronics:USB::USB Device:HID HS::1.0:USB_DEVICE_1_0_RESTRICTED_HS
2025-11-24 09:59:23,804 [WARN] ModelIntegratedComponent:188 - Modes not found for component STMicroelectronics:USB_DEVICE:1.0.0:STMicroelectronics:USB::USB Device:HID HS::1.0:USB_DEVICE_1_0_RESTRICTED_HS
2025-11-24 09:59:23,804 [WARN] ModelIntegratedComponent:182 - Modes not found for component STMicroelectronics:USB_DEVICE:1.0.0:STMicroelectronics:USB::USB Device:Custom HID HS::1.0:USB_DEVICE_1_0_RESTRICTED_HS
2025-11-24 09:59:23,804 [WARN] ModelIntegratedComponent:188 - Modes not found for component STMicroelectronics:USB_DEVICE:1.0.0:STMicroelectronics:USB::USB Device:Custom HID HS::1.0:USB_DEVICE_1_0_RESTRICTED_HS
2025-11-24 09:59:23,804 [WARN] ModelIntegratedComponent:182 - Modes not found for component STMicroelectronics:USB_DEVICE:1.0.0:STMicroelectronics:USB::USB Device:MSC HS::1.0:USB_DEVICE_1_0_RESTRICTED_HS
2025-11-24 09:59:23,804 [WARN] ModelIntegratedComponent:188 - Modes not found for component STMicroelectronics:USB_DEVICE:1.0.0:STMicroelectronics:USB::USB Device:MSC HS::1.0:USB_DEVICE_1_0_RESTRICTED_HS
2025-11-24 09:59:23,811 [INFO] ThirdPartyModel:298 - Start build external matchings
2025-11-24 09:59:24,210 [INFO] ThirdPartyModel:316 - End build external matchings
2025-11-24 09:59:24,222 [INFO] ImportTextPane:234 - (OptionalMessage_ERROR) IP (RCC) : Parameter (48MHZClocksFreq_Value) has invalid value (50000000)
2025-11-24 09:59:24,223 [INFO] ImportTextPane:234 - (OptionalMessage_ERROR) IP (RCC) : Parameter (RTCHSEDivFreq_Value) has invalid value (12500000)
2025-11-24 09:59:24,512 [INFO] UtilMem:75 - End LoadConfig() Used Memory: 615361728 Bytes (1073741824)
2025-11-24 09:59:24,736 [WARN] ThirdParty:833 - waiting for thirdparty lock release [change project]
2025-11-24 09:59:24,736 [INFO] ThirdParty:835 - entering critical section [change project]
2025-11-24 09:59:24,736 [INFO] ThirdParty:1030 - CMSIS Pack Vendor :STMicroelectronics X-CUBE-PM33A1 1.0.0
2025-11-24 09:59:24,736 [INFO] ThirdParty:1030 - CMSIS Pack Vendor :STMicroelectronics USBPD 4.1
2025-11-24 09:59:24,736 [INFO] ThirdParty:1030 - CMSIS Pack Vendor :STMicroelectronics X-CUBE-NFC9 1.0.0
2025-11-24 09:59:24,736 [INFO] ThirdParty:1030 - CMSIS Pack Vendor :STMicroelectronics USB_HOST 2.0.0
2025-11-24 09:59:24,737 [INFO] ThirdParty:1030 - CMSIS Pack Vendor :STMicroelectronics FP-SNS-MOTENVWB1 1.4.0
2025-11-24 09:59:24,737 [INFO] ThirdParty:1030 - CMSIS Pack Vendor :STMicroelectronics X-CUBE-AZRTOS-F4 1.1.0
2025-11-24 09:59:24,737 [INFO] ThirdParty:1030 - CMSIS Pack Vendor :STMicroelectronics LIBJPEG 8.0.0
2025-11-24 09:59:24,737 [INFO] ThirdParty:1030 - CMSIS Pack Vendor :STMicroelectronics FP-ATR-ASTRA1 2.0.2
2025-11-24 09:59:24,737 [INFO] ThirdParty:1030 - CMSIS Pack Vendor :wolfSSL I-CUBE-wolfSSL 5.8.2
2025-11-24 09:59:24,737 [INFO] ThirdParty:1030 - CMSIS Pack Vendor :STMicroelectronics X-CUBE-BLE1 7.1.0
2025-11-24 09:59:24,737 [INFO] ThirdParty:1030 - CMSIS Pack Vendor :Avnet-IotConnect X-CUBE-IoTC-DA16k-PMOD 1.0.0
2025-11-24 09:59:24,737 [INFO] ThirdParty:1030 - CMSIS Pack Vendor :STMicroelectronics X-CUBE-SMBUS 2.1.0
2025-11-24 09:59:24,737 [INFO] ThirdParty:1030 - CMSIS Pack Vendor :wolfSSL I-CUBE-wolfMQTT 1.19.2
2025-11-24 09:59:24,737 [INFO] ThirdParty:1030 - CMSIS Pack Vendor :STMicroelectronics USB_DEVICE 3.0.0
2025-11-24 09:59:24,737 [INFO] ThirdParty:1030 - CMSIS Pack Vendor :STMicroelectronics X-CUBE-ISPU 2.1.0
2025-11-24 09:59:24,737 [INFO] ThirdParty:1030 - CMSIS Pack Vendor :STMicroelectronics X-CUBE-EEPRMA1 5.2.0
2025-11-24 09:59:24,737 [INFO] ThirdParty:1030 - CMSIS Pack Vendor :STMicroelectronics X-CUBE-IPS 3.2.0
2025-11-24 09:59:24,737 [INFO] ThirdParty:1030 - CMSIS Pack Vendor :STMicroelectronics X-CUBE-BLEMGR 4.1.0
2025-11-24 09:59:24,737 [INFO] ThirdParty:1030 - CMSIS Pack Vendor :STMicroelectronics X-CUBE-AZRTOS-WB 2.0.0
2025-11-24 09:59:24,737 [INFO] ThirdParty:1030 - CMSIS Pack Vendor :STMicroelectronics X-CUBE-ST60 1.0.0
2025-11-24 09:59:24,737 [INFO] ThirdParty:1030 - CMSIS Pack Vendor :STMicroelectronics X-CUBE-GNSS1 7.0.1
2025-11-24 09:59:24,737 [INFO] ThirdParty:1030 - CMSIS Pack Vendor :STMicroelectronics X-CUBE-NFC12 1.0.0
2025-11-24 09:59:24,737 [INFO] ThirdParty:1030 - CMSIS Pack Vendor :STMicroelectronics X-CUBE-AZRTOS-F7 1.1.0
2025-11-24 09:59:24,737 [INFO] ThirdParty:1030 - CMSIS Pack Vendor :STMicroelectronics X-CUBE-AZRTOS-L5 2.0.0
2025-11-24 09:59:24,737 [INFO] ThirdParty:1030 - CMSIS Pack Vendor :STMicroelectronics X-CUBE-TOUCHGFX 4.25.0
2025-11-24 09:59:24,737 [INFO] ThirdParty:1030 - CMSIS Pack Vendor :STMicroelectronics USB_DEVICE 2.0.0
2025-11-24 09:59:24,737 [INFO] ThirdParty:1030 - CMSIS Pack Vendor :STMicroelectronics X-CUBE-NFC6 3.1.0
2025-11-24 09:59:24,737 [INFO] ThirdParty:1030 - CMSIS Pack Vendor :STMicroelectronics X-CUBE-ST67W61 1.1.0
2025-11-24 09:59:24,737 [INFO] ThirdParty:1030 - CMSIS Pack Vendor :quantropi X-CUBE-qispace-sdk-base 2.1.0
2025-11-24 09:59:24,737 [INFO] ThirdParty:1030 - CMSIS Pack Vendor :STMicroelectronics FP-SNS-MOTENV1 5.1.0
2025-11-24 09:59:24,737 [INFO] ThirdParty:1030 - CMSIS Pack Vendor :STMicroelectronics FreeRTOS 0.0.1
2025-11-24 09:59:24,738 [INFO] ThirdParty:1030 - CMSIS Pack Vendor :STMicroelectronics X-CUBE-AZRTOS-G0 1.1.0
2025-11-24 09:59:24,738 [INFO] ThirdParty:1030 - CMSIS Pack Vendor :STMicroelectronics X-CUBE-SAFEA1 1.2.2
2025-11-24 09:59:24,738 [INFO] ThirdParty:1030 - CMSIS Pack Vendor :STMicroelectronics X-CUBE-NFC4 3.0.0
2025-11-24 09:59:24,738 [INFO] ThirdParty:1030 - CMSIS Pack Vendor :STMicroelectronics X-CUBE-SUBG2 5.0.0
2025-11-24 09:59:24,738 [INFO] ThirdParty:1030 - CMSIS Pack Vendor :STMicroelectronics X-CUBE-AZRTOS-H7RS 1.1.0
2025-11-24 09:59:24,738 [INFO] ThirdParty:1030 - CMSIS Pack Vendor :STMicroelectronics STM32_WPAN 1.0.0
2025-11-24 09:59:24,738 [INFO] ThirdParty:1030 - CMSIS Pack Vendor :EmbeddedOffice I-CUBE-FS-RTOS 1.0.1
2025-11-24 09:59:24,738 [INFO] ThirdParty:1030 - CMSIS Pack Vendor :STMicroelectronics lwIP 2.0.3
2025-11-24 09:59:24,738 [INFO] ThirdParty:1030 - CMSIS Pack Vendor :WES I-CUBE-Cesium 1.4.0
2025-11-24 09:59:24,738 [INFO] ThirdParty:1030 - CMSIS Pack Vendor :Cesanta I-CUBE-Mongoose 7.13.0
2025-11-24 09:59:24,738 [INFO] ThirdParty:1030 - CMSIS Pack Vendor :STMicroelectronics USB_HOST 1.0.0
2025-11-24 09:59:24,738 [INFO] ThirdParty:1030 - CMSIS Pack Vendor :Infineon AIROC-Wi-Fi-Bluetooth-STM32 1.7.1
2025-11-24 09:59:24,738 [INFO] ThirdParty:1030 - CMSIS Pack Vendor :STMicroelectronics X-CUBE-AZRTOS-G4 2.0.0
2025-11-24 09:59:24,738 [INFO] ThirdParty:1030 - CMSIS Pack Vendor :STMicroelectronics X-CUBE-WB05N 2.0.0
2025-11-24 09:59:24,738 [INFO] ThirdParty:1030 - CMSIS Pack Vendor :STMicroelectronics PDM2PCM 3.1.0
2025-11-24 09:59:24,738 [INFO] ThirdParty:1030 - CMSIS Pack Vendor :STMicroelectronics PDM2PCM 3.3.0
2025-11-24 09:59:24,738 [INFO] ThirdParty:1030 - CMSIS Pack Vendor :wolfSSL I-CUBE-wolfTPM 3.8.0
2025-11-24 09:59:24,738 [INFO] ThirdParty:1030 - CMSIS Pack Vendor :STMicroelectronics X-CUBE-AZRTOS-H7 3.4.0
2025-11-24 09:59:24,738 [INFO] ThirdParty:1030 - CMSIS Pack Vendor :STMicroelectronics X-CUBE-DISPLAY 3.0.0
2025-11-24 09:59:24,738 [INFO] ThirdParty:1030 - CMSIS Pack Vendor :wolfSSL I-CUBE-wolfSSH 1.4.20
2025-11-24 09:59:24,738 [INFO] ThirdParty:1030 - CMSIS Pack Vendor :STMicroelectronics X-CUBE-NFC7 2.0.0
2025-11-24 09:59:24,738 [INFO] ThirdParty:1030 - CMSIS Pack Vendor :STMicroelectronics X-CUBE-TCPP 4.2.0
2025-11-24 09:59:24,738 [INFO] ThirdParty:1030 - CMSIS Pack Vendor :RealThread X-CUBE-RT-Thread_Nano 4.1.1
2025-11-24 09:59:24,738 [INFO] ThirdParty:1030 - CMSIS Pack Vendor :STMicroelectronics FP-ATR-SIGFOX1 3.2.0
2025-11-24 09:59:24,739 [INFO] ThirdParty:1030 - CMSIS Pack Vendor :STMicroelectronics X-CUBE-NFC10 1.0.0
2025-11-24 09:59:24,739 [INFO] ThirdParty:1030 - CMSIS Pack Vendor :STMicroelectronics X-CUBE-FREERTOS 1.3.1
2025-11-24 09:59:24,739 [INFO] ThirdParty:1030 - CMSIS Pack Vendor :STMicroelectronics HAL Drivers 0.0.0
2025-11-24 09:59:24,739 [INFO] ThirdParty:1030 - CMSIS Pack Vendor :STMicroelectronics MBEDTLS 2.16.2
2025-11-24 09:59:24,739 [INFO] ThirdParty:1030 - CMSIS Pack Vendor :STMicroelectronics X-CUBE-ST60 1.1.0
2025-11-24 09:59:24,739 [INFO] ThirdParty:1030 - CMSIS Pack Vendor :STMicroelectronics X-CUBE-IPS 3.1.0
2025-11-24 09:59:24,739 [INFO] ThirdParty:1030 - CMSIS Pack Vendor :STMicroelectronics X-CUBE-ALS 1.0.2
2025-11-24 09:59:24,739 [INFO] ThirdParty:1030 - CMSIS Pack Vendor :emotas I-CUBE-CANOPEN 1.3.0
2025-11-24 09:59:24,739 [INFO] ThirdParty:1030 - CMSIS Pack Vendor :STMicroelectronics MBEDTLS 2.14.1
2025-11-24 09:59:24,739 [INFO] ThirdParty:1030 - CMSIS Pack Vendor :STMicroelectronics X-CUBE-GNSS1 7.1.0
2025-11-24 09:59:24,739 [INFO] ThirdParty:1030 - CMSIS Pack Vendor :ITTIA_DB I-CUBE-ITTIADB 8.9.0
2025-11-24 09:59:24,739 [INFO] ThirdParty:1030 - CMSIS Pack Vendor :STMicroelectronics X-CUBE-TOUCHGFX 4.26.0
2025-11-24 09:59:24,739 [INFO] ThirdParty:1030 - CMSIS Pack Vendor :STMicroelectronics X-CUBE-STSE01 1.0.0
2025-11-24 09:59:24,739 [INFO] ThirdParty:1030 - CMSIS Pack Vendor :STMicroelectronics X-CUBE-ST67W61 1.0.0
2025-11-24 09:59:24,739 [INFO] ThirdParty:1030 - CMSIS Pack Vendor :STMicroelectronics FP-SNS-STBOX1 2.1.0
2025-11-24 09:59:24,739 [INFO] ThirdParty:1030 - CMSIS Pack Vendor :STMicroelectronics X-CUBE-AI 10.2.0
2025-11-24 09:59:24,739 [INFO] ThirdParty:1030 - CMSIS Pack Vendor :STMicroelectronics FP-SNS-STAIOTCFT 1.0.0
2025-11-24 09:59:24,739 [INFO] ThirdParty:1030 - CMSIS Pack Vendor :STMicroelectronics ThreadX 1.0.0
2025-11-24 09:59:24,739 [INFO] ThirdParty:1030 - CMSIS Pack Vendor :STMicroelectronics FP-SNS-SMARTAG2 1.2.0
2025-11-24 09:59:24,739 [INFO] ThirdParty:1030 - CMSIS Pack Vendor :STMicroelectronics FP-SNS-FLIGHT1 5.1.0
2025-11-24 09:59:24,739 [INFO] ThirdParty:1030 - CMSIS Pack Vendor :STMicroelectronics X-CUBE-AZRTOS-WL 2.0.0
2025-11-24 09:59:24,739 [INFO] ThirdParty:1030 - CMSIS Pack Vendor :SEGGER I-CUBE-embOS 1.3.1
2025-11-24 09:59:24,739 [INFO] ThirdParty:1030 - CMSIS Pack Vendor :STMicroelectronics X-CUBE-ALGOBUILD 1.4.0
2025-11-24 09:59:24,739 [INFO] ThirdParty:1030 - CMSIS Pack Vendor :STMicroelectronics X-CUBE-DPower 1.3.0
2025-11-24 09:59:24,739 [INFO] ThirdParty:1030 - CMSIS Pack Vendor :STMicroelectronics X-CUBE-MEMS1 11.3.0
2025-11-24 09:59:24,739 [INFO] ThirdParty:1030 - CMSIS Pack Vendor :STMicroelectronics FP-SNS-MOTENV1 5.0.0
2025-11-24 09:59:24,740 [INFO] ThirdParty:1030 - CMSIS Pack Vendor :STMicroelectronics USB_DEVICE 1.0.0
2025-11-24 09:59:24,740 [INFO] ThirdParty:1030 - CMSIS Pack Vendor :STMicroelectronics X-CUBE-AZRTOS-L4 2.0.0
2025-11-24 09:59:24,740 [INFO] ThirdParty:1030 - CMSIS Pack Vendor :STMicroelectronics ThreadX 0.0.2
2025-11-24 09:59:24,740 [INFO] ThirdParty:1030 - CMSIS Pack Vendor :STMicroelectronics lwIP 2.1.2
2025-11-24 09:59:24,740 [INFO] ThirdParty:1030 - CMSIS Pack Vendor :STMicroelectronics X-CUBE-SFXS2LP1 4.0.0
2025-11-24 09:59:24,740 [INFO] ThirdParty:1030 - CMSIS Pack Vendor :STMicroelectronics X-CUBE-BLE2 3.3.0
2025-11-24 09:59:24,740 [INFO] ThirdParty:1030 - CMSIS Pack Vendor :Avnet-IOTCONNECT X-CUBE-iotc-st67-sdk 1.0.0
2025-11-24 09:59:24,740 [INFO] ThirdParty:1030 - CMSIS Pack Vendor :STMicroelectronics X-CUBE-TOF1 3.4.3
2025-11-24 09:59:24,740 [INFO] ThirdParty:1030 - CMSIS Pack Vendor :STMicroelectronics PDM2PCM 3.2.0
2025-11-24 09:59:24,740 [INFO] ThirdParty:841 - exiting critical section [change project]
2025-11-24 09:59:24,956 [INFO] PinOutPanel:1589 - setPackage(No Configuration,No Configuration)
2025-11-24 09:59:24,957 [INFO] PinOutPanel:1589 - setPackage(STM32F411RCTx,LQFP64)
2025-11-24 09:59:25,245 [INFO] UtilMem:75 - Before build in PCC Used Memory: 825012880 Bytes (1073741824)
2025-11-24 09:59:25,501 [INFO] UtilMem:75 - After build in PCC Used Memory: 868526736 Bytes (1073741824)
2025-11-24 09:59:25,521 [INFO] IPUIPlugin:80 - create IPUIPlugin
2025-11-24 09:59:25,521 [INFO] IPUIPlugin:80 - create IPUIPlugin
2025-11-24 09:59:25,521 [INFO] IPUIPlugin:80 - create IPUIPlugin
2025-11-24 09:59:25,521 [INFO] IPUIPlugin:80 - create IPUIPlugin
2025-11-24 09:59:25,521 [INFO] IPUIPlugin:80 - create IPUIPlugin
2025-11-24 09:59:25,521 [INFO] IPUIPlugin:80 - create IPUIPlugin
2025-11-24 09:59:25,521 [INFO] IPUIPlugin:80 - create IPUIPlugin
2025-11-24 09:59:25,521 [INFO] IPUIPlugin:80 - create IPUIPlugin
2025-11-24 09:59:25,522 [INFO] IPUIPlugin:80 - create IPUIPlugin
2025-11-24 09:59:25,522 [INFO] IPUIPlugin:80 - create IPUIPlugin
2025-11-24 09:59:25,522 [INFO] IPUIPlugin:80 - create IPUIPlugin
2025-11-24 09:59:25,522 [INFO] IPUIPlugin:80 - create IPUIPlugin
2025-11-24 09:59:25,522 [INFO] IPUIPlugin:80 - create IPUIPlugin
2025-11-24 09:59:25,522 [INFO] IPUIPlugin:80 - create IPUIPlugin
2025-11-24 09:59:25,522 [INFO] IPUIPlugin:80 - create IPUIPlugin
2025-11-24 09:59:25,522 [INFO] IPUIPlugin:80 - create IPUIPlugin
2025-11-24 09:59:25,522 [INFO] IPUIPlugin:80 - create IPUIPlugin
2025-11-24 09:59:25,522 [INFO] IPUIPlugin:80 - create IPUIPlugin
2025-11-24 09:59:25,522 [INFO] IPUIPlugin:80 - create IPUIPlugin
2025-11-24 09:59:25,523 [INFO] IPUIPlugin:80 - create IPUIPlugin
2025-11-24 09:59:25,523 [INFO] IPUIPlugin:80 - create IPUIPlugin
2025-11-24 09:59:25,523 [INFO] IPUIPlugin:80 - create IPUIPlugin
2025-11-24 09:59:25,523 [INFO] IPUIPlugin:80 - create IPUIPlugin
2025-11-24 09:59:25,523 [INFO] IPUIPlugin:80 - create IPUIPlugin
2025-11-24 09:59:25,523 [INFO] IPUIPlugin:80 - create IPUIPlugin
2025-11-24 09:59:25,524 [INFO] IPUIPlugin:80 - create IPUIPlugin
2025-11-24 09:59:25,524 [INFO] IPUIPlugin:80 - create IPUIPlugin
2025-11-24 09:59:25,524 [INFO] IPUIPlugin:80 - create IPUIPlugin
2025-11-24 09:59:25,524 [INFO] IPUIPlugin:80 - create IPUIPlugin
2025-11-24 09:59:25,524 [INFO] IPUIPlugin:80 - create IPUIPlugin
2025-11-24 09:59:25,524 [INFO] IPUIPlugin:80 - create IPUIPlugin
2025-11-24 09:59:25,524 [INFO] IPUIPlugin:80 - create IPUIPlugin
2025-11-24 09:59:25,525 [INFO] IPUIPlugin:80 - create IPUIPlugin
2025-11-24 09:59:25,525 [INFO] IPUIPlugin:80 - create IPUIPlugin
2025-11-24 09:59:25,525 [INFO] IPUIPlugin:80 - create IPUIPlugin
2025-11-24 09:59:25,525 [INFO] IPUIPlugin:80 - create IPUIPlugin
2025-11-24 09:59:25,525 [INFO] IPUIPlugin:80 - create IPUIPlugin
2025-11-24 09:59:25,525 [INFO] IPUIPlugin:80 - create IPUIPlugin
2025-11-24 09:59:25,526 [INFO] IPUIPlugin:80 - create IPUIPlugin
2025-11-24 09:59:25,526 [INFO] IPUIPlugin:80 - create IPUIPlugin
2025-11-24 09:59:25,526 [INFO] IPUIPlugin:80 - create IPUIPlugin
2025-11-24 09:59:25,526 [INFO] IPUIPlugin:80 - create IPUIPlugin
2025-11-24 09:59:25,527 [INFO] IPUIPlugin:80 - create IPUIPlugin
2025-11-24 09:59:25,609 [INFO] ApiDbMcu:532 - Load IP Config File for PDM2PCM
2025-11-24 09:59:25,642 [INFO] CADModel:165 - CPN selected for project levelSTM32F411RCT6
2025-11-24 09:59:25,642 [INFO] CADModel:114 - Register for checkConnection events
2025-11-24 09:59:25,737 [INFO] OpenFileManager:386 - Restore cursor
2025-11-24 10:43:53,577 [INFO] UtilMem:75 - End SaveConfig() Used Memory: 955046928 Bytes (1073741824)
2025-11-24 10:43:54,603 [INFO] UtilMem:75 - End SaveConfig() Used Memory: 977041424 Bytes (1073741824)
2025-11-24 10:43:54,881 [INFO] UtilMem:75 - End SaveConfig() Used Memory: 997486496 Bytes (1073741824)
2025-11-24 10:43:55,553 [INFO] BlockDiagram:2775 - set Specific Code input for plugin: SPI
2025-11-24 10:43:55,554 [INFO] BlockDiagram:2775 - set Specific Code input for plugin: NVIC
2025-11-24 10:43:55,554 [INFO] BlockDiagram:2775 - set Specific Code input for plugin: TIM1_8
2025-11-24 10:43:55,554 [INFO] BlockDiagram:2775 - set Specific Code input for plugin: SYS
2025-11-24 10:43:55,554 [INFO] BlockDiagram:2775 - set Specific Code input for plugin: GPIO
2025-11-24 10:43:55,555 [INFO] BlockDiagram:2775 - set Specific Code input for plugin: RCC
2025-11-24 10:43:55,557 [INFO] CodeGenerator:892 - code generatio: config db path: C:\ST\STM32CubeIDE_1.19.0\STM32CubeIDE\plugins\com.st.stm32cube.common.mx_6.15.0.202507011659\\db\
2025-11-24 10:43:55,814 [INFO] CodeEngine:265 - oldGeneratedFile, C:\Users\jansu\Documents\GitHub\Firefighter-robot-vehicle\STM32_IDE\Power brick\MXTmpFiles\license.tmp_save
2025-11-24 10:43:56,260 [INFO] CodeEngine:289 - Generated code: C:\Users\jansu\Documents\GitHub\Firefighter-robot-vehicle\STM32_IDE\Power brick\MXTmpFiles\license.tmp
2025-11-24 10:43:56,389 [INFO] CodeEngine:265 - oldGeneratedFile, C:\Users\jansu\Documents\GitHub\Firefighter-robot-vehicle\STM32_IDE\Power brick\MXTmpFiles\gpio.tmp_save
2025-11-24 10:43:56,552 [INFO] CodeEngine:289 - Generated code: C:\Users\jansu\Documents\GitHub\Firefighter-robot-vehicle\STM32_IDE\Power brick\MXTmpFiles\gpio.tmp
2025-11-24 10:43:56,721 [INFO] CodeEngine:265 - oldGeneratedFile, C:\Users\jansu\Documents\GitHub\Firefighter-robot-vehicle\STM32_IDE\Power brick\Core\Src\stm32f4xx_it.c_save
2025-11-24 10:43:56,851 [INFO] CodeEngine:289 - Generated code: C:\Users\jansu\Documents\GitHub\Firefighter-robot-vehicle\STM32_IDE\Power brick\Core\Src\stm32f4xx_it.c
2025-11-24 10:43:56,862 [INFO] CodeEngine:265 - oldGeneratedFile, C:\Users\jansu\Documents\GitHub\Firefighter-robot-vehicle\STM32_IDE\Power brick\Core\Inc\stm32f4xx_it.h_save
2025-11-24 10:43:56,915 [INFO] CodeEngine:289 - Generated code: C:\Users\jansu\Documents\GitHub\Firefighter-robot-vehicle\STM32_IDE\Power brick\Core\Inc\stm32f4xx_it.h
2025-11-24 10:43:56,932 [INFO] CodeEngine:265 - oldGeneratedFile, C:\Users\jansu\Documents\GitHub\Firefighter-robot-vehicle\STM32_IDE\Power brick\Core\Src\stm32f4xx_hal_msp.c_save
2025-11-24 10:43:57,024 [INFO] CodeEngine:289 - Generated code: C:\Users\jansu\Documents\GitHub\Firefighter-robot-vehicle\STM32_IDE\Power brick\Core\Src\stm32f4xx_hal_msp.c
2025-11-24 10:43:57,052 [INFO] CodeEngine:265 - oldGeneratedFile, C:\Users\jansu\Documents\GitHub\Firefighter-robot-vehicle\STM32_IDE\Power brick\MXTmpFiles\system.tmp_save
2025-11-24 10:43:57,101 [INFO] CodeEngine:289 - Generated code: C:\Users\jansu\Documents\GitHub\Firefighter-robot-vehicle\STM32_IDE\Power brick\MXTmpFiles\system.tmp
2025-11-24 10:43:57,135 [INFO] CodeEngine:321 - oldGeneratedFile, C:\Users\jansu\Documents\GitHub\Firefighter-robot-vehicle\STM32_IDE\Power brick\Core\Inc\stm32f4xx_hal_conf.h_save
2025-11-24 10:43:57,214 [INFO] CodeEngine:345 - Generated code: C:\Users\jansu\Documents\GitHub\Firefighter-robot-vehicle\STM32_IDE\Power brick\Core\Inc\stm32f4xx_hal_conf.h
2025-11-24 10:43:57,236 [INFO] ApiDbMcu:532 - Load IP Config File for SPI1
2025-11-24 10:43:57,243 [INFO] ApiDbMcu:532 - Load IP Config File for TIM1
2025-11-24 10:43:57,246 [INFO] ApiDbMcu:532 - Load IP Config File for RCC
2025-11-24 10:43:57,247 [WARN] IPConfigManager:3811 - IP not found : TIM
2025-11-24 10:43:57,249 [WARN] CodeGenerator:4259 - IP not found : null
2025-11-24 10:43:57,255 [INFO] CodeEngine:265 - oldGeneratedFile, C:\Users\jansu\Documents\GitHub\Firefighter-robot-vehicle\STM32_IDE\Power brick\Core\Inc\main.h_save
2025-11-24 10:43:57,339 [INFO] CodeEngine:289 - Generated code: C:\Users\jansu\Documents\GitHub\Firefighter-robot-vehicle\STM32_IDE\Power brick\Core\Inc\main.h
2025-11-24 10:43:57,345 [INFO] CodeEngine:265 - oldGeneratedFile, C:\Users\jansu\Documents\GitHub\Firefighter-robot-vehicle\STM32_IDE\Power brick\Core\Src\main.c_save
2025-11-24 10:43:57,496 [INFO] CodeEngine:289 - Generated code: C:\Users\jansu\Documents\GitHub\Firefighter-robot-vehicle\STM32_IDE\Power brick\Core\Src\main.c
2025-11-24 10:43:58,147 [INFO] ProjectBuilder:3606 - Time for Copy HAL[1] : 339mS.
2025-11-24 10:43:58,156 [INFO] ProjectBuilder:5216 - Project Generator version: 4.7.0-B52
2025-11-24 10:43:58,255 [INFO] ConfigFileManager:1595 - The Die is : DIE431
2025-11-24 10:43:58,287 [INFO] ApiDbMcu:532 - Load IP Config File for FATFS
2025-11-24 10:43:58,294 [INFO] ApiDbMcu:532 - Load IP Config File for FREERTOS
2025-11-24 10:43:58,297 [INFO] ApiDbMcu:532 - Load IP Config File for LIBJPEG
2025-11-24 10:43:58,303 [INFO] ApiDbMcu:532 - Load IP Config File for MBEDTLS
2025-11-24 10:43:58,311 [INFO] ApiDbMcu:532 - Load IP Config File for USB_DEVICE
2025-11-24 10:43:58,316 [INFO] ApiDbMcu:532 - Load IP Config File for USB_HOST
2025-11-24 10:43:58,782 [INFO] LogOutputStream:77 - [STDOUT_REDIRECT] 
2025-11-24 10:44:00,201 [INFO] ProjectBuilder:5496 - Time for Generating toolchain IDE Files: 2040mS.
2025-11-24 10:44:00,203 [INFO] ProjectBuilder:3463 - Time for Copy CMSIS : 1mS.
2025-11-24 10:44:00,211 [INFO] ProjectBuilder:3463 - Time for Copy CMSIS : 0mS.
2025-11-24 10:44:02,597 [ERROR] LogOutputStream:75 - [STDERR_REDIRECT] 
2025-11-24 10:44:02,598 [ERROR] LogOutputStream:75 - [STDERR_REDIRECT] 
2025-11-24 11:57:09,389 [INFO] Activator:176 - 


2025-11-24 11:57:09,392 [INFO] Activator:177 - !SESSION log4j initialized
2025-11-24 11:57:17,872 [INFO] LogOutputStream:77 - [STDOUT_REDIRECT] 
2025-11-24 11:57:19,607 [INFO] ApplicationProperties:184 - Using Application install path: C:\ST\STM32CubeIDE_1.19.0\STM32CubeIDE\plugins\com.st.stm32cube.common.mx_6.15.0.202507011659
2025-11-24 11:57:19,634 [INFO] DbMcusXml:78 - Set database path to: C:\ST\STM32CubeIDE_1.19.0\STM32CubeIDE\plugins\com.st.stm32cube.common.mx_6.15.0.202507011659\\db\/mcu/
2025-11-24 11:57:19,635 [INFO] ApiDb:274 - Set plugin database path to: C:\ST\STM32CubeIDE_1.19.0\STM32CubeIDE\plugins\com.st.stm32cube.common.mx_6.15.0.202507011659\\db\/plugins/boardmanager/
2025-11-24 11:57:19,635 [WARN] ApiDb:259 - Overriding images path with different value:  => C:\ST\STM32CubeIDE_1.19.0\STM32CubeIDE\plugins\com.st.stm32cube.common.mx_6.15.0.202507011659\\db\/plugins/mcufinder/images/
2025-11-24 11:57:19,644 [INFO] ApiDb:250 - Set database path to: C:\Users\jansu\.stmcufinder\plugins\mcufinder//mcu/
2025-11-24 11:57:19,646 [INFO] DbMcusAds:125 - Set database path to: C:\Users\jansu\.stmcufinder\plugins\mcufinder//mcu/
2025-11-24 11:57:19,653 [INFO] CrossReferenceDbSqlite:203 - Set database path to: C:\Users\jansu\.stmcufinder\plugins\mcufinder//mcu/cs/
2025-11-24 11:57:19,803 [INFO] RulesReader:64 - Compatibility file has been processed (317 Rules)
2025-11-24 11:57:19,910 [INFO] DbMcusXml:78 - Set database path to: C:\ST\STM32CubeIDE_1.19.0\STM32CubeIDE\plugins\com.st.stm32cube.common.mx_6.15.0.202507011659\\db\/mcu/
2025-11-24 11:57:19,910 [INFO] ApiDb:274 - Set plugin database path to: C:\ST\STM32CubeIDE_1.19.0\STM32CubeIDE\plugins\com.st.stm32cube.common.mx_6.15.0.202507011659\\db\/plugins/boardmanager/
2025-11-24 11:57:19,911 [INFO] ApiDb:261 - Set plugin images path to: C:\ST\STM32CubeIDE_1.19.0\STM32CubeIDE\plugins\com.st.stm32cube.common.mx_6.15.0.202507011659\\db\/plugins/mcufinder/images/
2025-11-24 11:57:19,911 [WARN] DbFile:41 - Overriding database path with different value: C:\Users\jansu\.stmcufinder\plugins\mcufinder/ => C:\Users\jansu\.stmcufinder\plugins\mcufinder
2025-11-24 11:57:19,911 [INFO] ApiDb:250 - Set database path to: C:\Users\jansu\.stmcufinder\plugins\mcufinder//mcu/
2025-11-24 11:57:19,911 [WARN] DbFile:41 - Overriding database path with different value: C:\Users\jansu\.stmcufinder\plugins\mcufinder/ => C:\Users\jansu\.stmcufinder\plugins\mcufinder
2025-11-24 11:57:19,911 [INFO] DbMcusAds:125 - Set database path to: C:\Users\jansu\.stmcufinder\plugins\mcufinder//mcu/
2025-11-24 11:57:19,911 [WARN] DbFile:41 - Overriding database path with different value: C:\Users\jansu\.stmcufinder\plugins\mcufinder/ => C:\Users\jansu\.stmcufinder\plugins\mcufinder
2025-11-24 11:57:19,911 [WARN] DbFile:41 - Overriding database path with different value: C:\Users\jansu\.stmcufinder\plugins\mcufinder/ => C:\Users\jansu\.stmcufinder\plugins\mcufinder
2025-11-24 11:57:19,911 [INFO] CrossReferenceDbSqlite:203 - Set database path to: C:\Users\jansu\.stmcufinder\plugins\mcufinder//mcu/cs/
2025-11-24 11:57:20,018 [INFO] MainPanel:274 - HeapMemory: 268435456
2025-11-24 11:57:20,174 [INFO] DbMcusXml:78 - Set database path to: C:\ST\STM32CubeIDE_1.19.0\STM32CubeIDE\plugins\com.st.stm32cube.common.mx_6.15.0.202507011659\\db\/mcu/
2025-11-24 11:57:20,174 [INFO] ApiDb:274 - Set plugin database path to: C:\ST\STM32CubeIDE_1.19.0\STM32CubeIDE\plugins\com.st.stm32cube.common.mx_6.15.0.202507011659\\db\/plugins/boardmanager/
2025-11-24 11:57:20,174 [INFO] ApiDb:261 - Set plugin images path to: C:\ST\STM32CubeIDE_1.19.0\STM32CubeIDE\plugins\com.st.stm32cube.common.mx_6.15.0.202507011659\\db\/plugins/mcufinder/images/
2025-11-24 11:57:20,175 [WARN] DbFile:41 - Overriding database path with different value: C:\Users\jansu\.stmcufinder\plugins\mcufinder/ => C:\Users\jansu\.stmcufinder\plugins\mcufinder
2025-11-24 11:57:20,175 [INFO] ApiDb:250 - Set database path to: C:\Users\jansu\.stmcufinder\plugins\mcufinder//mcu/
2025-11-24 11:57:20,175 [WARN] DbFile:41 - Overriding database path with different value: C:\Users\jansu\.stmcufinder\plugins\mcufinder/ => C:\Users\jansu\.stmcufinder\plugins\mcufinder
2025-11-24 11:57:20,175 [INFO] DbMcusAds:125 - Set database path to: C:\Users\jansu\.stmcufinder\plugins\mcufinder//mcu/
2025-11-24 11:57:20,175 [WARN] DbFile:41 - Overriding database path with different value: C:\Users\jansu\.stmcufinder\plugins\mcufinder/ => C:\Users\jansu\.stmcufinder\plugins\mcufinder
2025-11-24 11:57:20,175 [WARN] DbFile:41 - Overriding database path with different value: C:\Users\jansu\.stmcufinder\plugins\mcufinder/ => C:\Users\jansu\.stmcufinder\plugins\mcufinder
2025-11-24 11:57:20,175 [INFO] CrossReferenceDbSqlite:203 - Set database path to: C:\Users\jansu\.stmcufinder\plugins\mcufinder//mcu/cs/
2025-11-24 11:57:20,198 [INFO] ApplicationProperties:184 - Using Application install path: C:\ST\STM32CubeIDE_1.19.0\STM32CubeIDE\plugins\com.st.stm32cube.common.mx_6.15.0.202507011659
2025-11-24 11:57:20,200 [INFO] PluginManage:196 - Search for loadable plugins [exclusion list=, ]
2025-11-24 11:57:20,202 [INFO] PluginManage:310 - Check plugin analytics
2025-11-24 11:57:20,485 [INFO] AnalyticsPlugin:253 - Accepted Software Licenses: 
2025-11-24 11:57:20,485 [INFO] AnalyticsPlugin:255 - Accepted CMSIS Pack Licenses: 
2025-11-24 11:57:20,485 [INFO] AnalyticsPlugin:257 - Accepted Firmware Licenses: FW.C0.1.4.0,FW.F4.1.28.0
2025-11-24 11:57:20,487 [INFO] PluginManage:359 - Loaded plugin analytics (category:tool,tabindex:-1)
2025-11-24 11:57:20,487 [INFO] PluginManage:310 - Check plugin cadmodel
2025-11-24 11:57:20,495 [INFO] CADModel:105 - Init CAD model plugin
2025-11-24 11:57:20,495 [INFO] PluginManage:359 - Loaded plugin cadmodel (category:power,tabindex:5)
2025-11-24 11:57:20,495 [INFO] PluginManage:310 - Check plugin clock
2025-11-24 11:57:20,510 [INFO] PluginManage:359 - Loaded plugin clock (category:base,tabindex:2)
2025-11-24 11:57:20,510 [INFO] PluginManage:310 - Check plugin ddr
2025-11-24 11:57:20,514 [INFO] PluginManage:359 - Loaded plugin ddr (category:tool,tabindex:6)
2025-11-24 11:57:20,514 [INFO] PluginManage:310 - Check plugin filemanager
2025-11-24 11:57:20,727 [INFO] PluginManage:359 - Loaded plugin filemanager (category:base,tabindex:10)
2025-11-24 11:57:20,727 [INFO] PluginManage:310 - Check plugin ipmanager
2025-11-24 11:57:20,736 [INFO] PluginManage:359 - Loaded plugin ipmanager (category:base,tabindex:5)
2025-11-24 11:57:20,736 [INFO] PluginManage:310 - Check plugin lpbam
2025-11-24 11:57:20,745 [INFO] PluginManage:359 - Loaded plugin lpbam (category:base,tabindex:0)
2025-11-24 11:57:20,746 [INFO] PluginManage:310 - Check plugin memorymap
2025-11-24 11:57:20,765 [INFO] PluginManage:359 - Loaded plugin memorymap (category:base,tabindex:4)
2025-11-24 11:57:20,766 [INFO] PluginManage:310 - Check plugin pinoutandconfiguration
2025-11-24 11:57:20,777 [INFO] PluginManage:359 - Loaded plugin pinoutandconfiguration (category:base,tabindex:1)
2025-11-24 11:57:20,777 [INFO] PluginManage:310 - Check plugin pinoutconfig
2025-11-24 11:57:20,892 [WARN] SupportedApi:132 - Cannot load RTOS API schema: s4s-elt-must-match.1: The content of 'definitions' must match (annotation?, (simpleType | complexType)?, (unique | key | keyref)*)). A problem was found starting at: attribute.
2025-11-24 11:57:21,067 [INFO] PluginManage:359 - Loaded plugin pinoutconfig (category:base,tabindex:0)
2025-11-24 11:57:21,067 [INFO] PluginManage:310 - Check plugin power
2025-11-24 11:57:21,079 [INFO] PluginManage:359 - Loaded plugin power (category:power,tabindex:4)
2025-11-24 11:57:21,079 [INFO] PluginManage:310 - Check plugin projectmanager
2025-11-24 11:57:21,101 [INFO] PluginManage:359 - Loaded plugin projectmanager (category:projectmanager,tabindex:4)
2025-11-24 11:57:21,101 [INFO] PluginManage:310 - Check plugin rif
2025-11-24 11:57:21,114 [INFO] PluginManage:359 - Loaded plugin rif (category:base,tabindex:3)
2025-11-24 11:57:21,114 [INFO] PluginManage:310 - Check plugin thirdparty
2025-11-24 11:57:21,295 [INFO] PluginManage:359 - Loaded plugin thirdparty (category:base,tabindex:-1)
2025-11-24 11:57:21,296 [INFO] PluginManage:310 - Check plugin tools
2025-11-24 11:57:21,295 [WARN] IntegrityCheckThread:84 - waiting for thirdparty lock release [integrity check]
2025-11-24 11:57:21,296 [INFO] IntegrityCheckThread:86 - entering critical section [integrity check]
2025-11-24 11:57:21,296 [INFO] ThirdPartyUpdaterWithRetryManager:70 - Updater plugin not ready yet. [1/15]
2025-11-24 11:57:21,300 [INFO] PluginManage:359 - Loaded plugin tools (category:base,tabindex:7)
2025-11-24 11:57:21,300 [INFO] PluginManage:310 - Check plugin tutovideos
2025-11-24 11:57:21,589 [INFO] PluginManage:359 - Loaded plugin tutovideos (category:base,tabindex:-1)
2025-11-24 11:57:21,589 [INFO] PluginManage:310 - Check plugin updater
2025-11-24 11:57:21,618 [INFO] PluginManage:359 - Loaded plugin updater (category:base,tabindex:12)
2025-11-24 11:57:21,618 [INFO] PluginManage:310 - Check plugin userauth
2025-11-24 11:57:21,624 [INFO] UserAuth:118 - Init User Auth plugin
2025-11-24 11:57:21,625 [INFO] PluginManage:359 - Loaded plugin userauth (category:base,tabindex:14)
2025-11-24 11:57:21,626 [INFO] PluginManage:283 - PluginManage : Loaded plugins [18]
2025-11-24 11:57:21,941 [INFO] PinOutPanel:1589 - setPackage(No Configuration,No Configuration)
2025-11-24 11:57:22,075 [INFO] CADModel:165 - CPN selected for project level
2025-11-24 11:57:22,075 [INFO] CADModel:114 - Register for checkConnection events
2025-11-24 11:57:22,100 [INFO] IPUIPlugin:80 - create IPUIPlugin
2025-11-24 11:57:22,100 [INFO] PluginManager:220 - loadIPPluginJar : add adc
2025-11-24 11:57:22,104 [INFO] IPUIPlugin:80 - create IPUIPlugin
2025-11-24 11:57:22,104 [INFO] PluginManager:220 - loadIPPluginJar : add aes
2025-11-24 11:57:22,108 [INFO] IPUIPlugin:80 - create IPUIPlugin
2025-11-24 11:57:22,108 [INFO] PluginManager:220 - loadIPPluginJar : add can
2025-11-24 11:57:22,111 [INFO] IPUIPlugin:80 - create IPUIPlugin
2025-11-24 11:57:22,111 [INFO] PluginManager:220 - loadIPPluginJar : add comp
2025-11-24 11:57:22,116 [INFO] IPUIPlugin:80 - create IPUIPlugin
2025-11-24 11:57:22,116 [INFO] PluginManager:220 - loadIPPluginJar : add cryp
2025-11-24 11:57:22,120 [INFO] IPUIPlugin:80 - create IPUIPlugin
2025-11-24 11:57:22,121 [INFO] PluginManager:220 - loadIPPluginJar : add ddr_ctrl_phy
2025-11-24 11:57:22,124 [INFO] IPUIPlugin:80 - create IPUIPlugin
2025-11-24 11:57:22,124 [INFO] PluginManager:220 - loadIPPluginJar : add dfsdm
2025-11-24 11:57:22,130 [INFO] IPUIPlugin:80 - create IPUIPlugin
2025-11-24 11:57:22,131 [INFO] PluginManager:220 - loadIPPluginJar : add dma
2025-11-24 11:57:22,134 [INFO] IPUIPlugin:80 - create IPUIPlugin
2025-11-24 11:57:22,134 [INFO] PluginManager:220 - loadIPPluginJar : add dma3
2025-11-24 11:57:22,138 [INFO] IPUIPlugin:80 - create IPUIPlugin
2025-11-24 11:57:22,138 [INFO] PluginManager:220 - loadIPPluginJar : add extmemmanager
2025-11-24 11:57:22,140 [INFO] IPUIPlugin:80 - create IPUIPlugin
2025-11-24 11:57:22,140 [INFO] PluginManager:220 - loadIPPluginJar : add fatfs
2025-11-24 11:57:22,146 [INFO] IPUIPlugin:80 - create IPUIPlugin
2025-11-24 11:57:22,146 [INFO] PluginManager:220 - loadIPPluginJar : add fmc
2025-11-24 11:57:22,148 [INFO] McuFinderGlobals:63 - Set McuFinder mode to 2 (CubeIDE integrated)
2025-11-24 11:57:22,154 [INFO] IPUIPlugin:80 - create IPUIPlugin
2025-11-24 11:57:22,154 [INFO] PluginManager:220 - loadIPPluginJar : add freertos
2025-11-24 11:57:22,156 [INFO] IPUIPlugin:80 - create IPUIPlugin
2025-11-24 11:57:22,157 [INFO] PluginManager:220 - loadIPPluginJar : add genericplugin
2025-11-24 11:57:22,160 [INFO] IPUIPlugin:80 - create IPUIPlugin
2025-11-24 11:57:22,160 [INFO] PluginManager:220 - loadIPPluginJar : add gfxmmu
2025-11-24 11:57:22,166 [INFO] IPUIPlugin:80 - create IPUIPlugin
2025-11-24 11:57:22,166 [INFO] PluginManager:220 - loadIPPluginJar : add gic
2025-11-24 11:57:22,173 [INFO] IPUIPlugin:80 - create IPUIPlugin
2025-11-24 11:57:22,174 [INFO] PluginManager:220 - loadIPPluginJar : add gpio
2025-11-24 11:57:22,178 [INFO] IPUIPlugin:80 - create IPUIPlugin
2025-11-24 11:57:22,178 [INFO] PluginManager:220 - loadIPPluginJar : add gtzc
2025-11-24 11:57:22,181 [INFO] IPUIPlugin:80 - create IPUIPlugin
2025-11-24 11:57:22,181 [INFO] PluginManager:220 - loadIPPluginJar : add hash
2025-11-24 11:57:22,185 [INFO] IPUIPlugin:80 - create IPUIPlugin
2025-11-24 11:57:22,185 [INFO] PluginManager:220 - loadIPPluginJar : add i2c
2025-11-24 11:57:22,187 [INFO] IPUIPlugin:80 - create IPUIPlugin
2025-11-24 11:57:22,188 [INFO] PluginManager:220 - loadIPPluginJar : add i2s
2025-11-24 11:57:22,192 [INFO] IPUIPlugin:80 - create IPUIPlugin
2025-11-24 11:57:22,192 [INFO] PluginManager:220 - loadIPPluginJar : add i3c
2025-11-24 11:57:22,196 [INFO] IPUIPlugin:80 - create IPUIPlugin
2025-11-24 11:57:22,196 [INFO] PluginManager:220 - loadIPPluginJar : add ipddr
2025-11-24 11:57:22,204 [INFO] IPUIPlugin:80 - create IPUIPlugin
2025-11-24 11:57:22,204 [INFO] PluginManager:220 - loadIPPluginJar : add linkedlist
2025-11-24 11:57:22,207 [INFO] IPUIPlugin:80 - create IPUIPlugin
2025-11-24 11:57:22,208 [INFO] PluginManager:220 - loadIPPluginJar : add lorawan
2025-11-24 11:57:22,210 [INFO] IPUIPlugin:80 - create IPUIPlugin
2025-11-24 11:57:22,210 [INFO] PluginManager:220 - loadIPPluginJar : add ltdc
2025-11-24 11:57:22,216 [INFO] IPUIPlugin:80 - create IPUIPlugin
2025-11-24 11:57:22,216 [INFO] PluginManager:220 - loadIPPluginJar : add mdma
2025-11-24 11:57:22,221 [INFO] IPUIPlugin:80 - create IPUIPlugin
2025-11-24 11:57:22,221 [INFO] PluginManager:220 - loadIPPluginJar : add nvic
2025-11-24 11:57:22,225 [INFO] IPUIPlugin:80 - create IPUIPlugin
2025-11-24 11:57:22,225 [INFO] PluginManager:220 - loadIPPluginJar : add opamp
2025-11-24 11:57:22,229 [INFO] IPUIPlugin:80 - create IPUIPlugin
2025-11-24 11:57:22,229 [INFO] PluginManager:220 - loadIPPluginJar : add openamp
2025-11-24 11:57:22,233 [INFO] IPUIPlugin:80 - create IPUIPlugin
2025-11-24 11:57:22,233 [INFO] PluginManager:220 - loadIPPluginJar : add pdm2pcm
2025-11-24 11:57:22,241 [INFO] IPUIPlugin:80 - create IPUIPlugin
2025-11-24 11:57:22,244 [INFO] PluginManager:220 - loadIPPluginJar : add plateformsettings
2025-11-24 11:57:22,246 [INFO] IPUIPlugin:80 - create IPUIPlugin
2025-11-24 11:57:22,246 [INFO] PluginManager:220 - loadIPPluginJar : add quadspi
2025-11-24 11:57:22,249 [INFO] IPUIPlugin:80 - create IPUIPlugin
2025-11-24 11:57:22,249 [INFO] PluginManager:220 - loadIPPluginJar : add radio
2025-11-24 11:57:22,254 [INFO] IPUIPlugin:80 - create IPUIPlugin
2025-11-24 11:57:22,254 [INFO] PluginManager:220 - loadIPPluginJar : add resmgrutility
2025-11-24 11:57:22,258 [INFO] IPUIPlugin:80 - create IPUIPlugin
2025-11-24 11:57:22,258 [INFO] PluginManager:220 - loadIPPluginJar : add sai
2025-11-24 11:57:22,261 [INFO] IPUIPlugin:80 - create IPUIPlugin
2025-11-24 11:57:22,261 [INFO] PluginManager:220 - loadIPPluginJar : add spi
2025-11-24 11:57:22,270 [INFO] IPUIPlugin:80 - create IPUIPlugin
2025-11-24 11:57:22,270 [INFO] PluginManager:220 - loadIPPluginJar : add stm32_wpan
2025-11-24 11:57:22,274 [INFO] IPUIPlugin:80 - create IPUIPlugin
2025-11-24 11:57:22,274 [INFO] PluginManager:220 - loadIPPluginJar : add tim
2025-11-24 11:57:22,278 [INFO] IPUIPlugin:80 - create IPUIPlugin
2025-11-24 11:57:22,279 [INFO] PluginManager:220 - loadIPPluginJar : add touchsensing
2025-11-24 11:57:22,282 [INFO] IPUIPlugin:80 - create IPUIPlugin
2025-11-24 11:57:22,282 [INFO] PluginManager:220 - loadIPPluginJar : add tracer_emb
2025-11-24 11:57:22,285 [INFO] IPUIPlugin:80 - create IPUIPlugin
2025-11-24 11:57:22,285 [INFO] PluginManager:220 - loadIPPluginJar : add ts
2025-11-24 11:57:22,287 [INFO] IPUIPlugin:80 - create IPUIPlugin
2025-11-24 11:57:22,288 [INFO] PluginManager:220 - loadIPPluginJar : add tsc
2025-11-24 11:57:22,290 [INFO] IPUIPlugin:80 - create IPUIPlugin
2025-11-24 11:57:22,290 [INFO] PluginManager:220 - loadIPPluginJar : add ucpd
2025-11-24 11:57:22,295 [INFO] IPUIPlugin:80 - create IPUIPlugin
2025-11-24 11:57:22,295 [INFO] PluginManager:220 - loadIPPluginJar : add usart
2025-11-24 11:57:22,301 [INFO] IPUIPlugin:80 - create IPUIPlugin
2025-11-24 11:57:22,301 [INFO] PluginManager:220 - loadIPPluginJar : add usbx
2025-11-24 11:57:22,451 [FATAL] Updater:351 - Updater called before beeing initialized
2025-11-24 11:57:22,527 [INFO] RulesReader:64 - Compatibility file has been processed (317 Rules)
2025-11-24 11:57:22,542 [INFO] RulesReader:64 - Compatibility file has been processed (317 Rules)
2025-11-24 11:57:22,554 [INFO] CADModel:165 - CPN selected for project level
2025-11-24 11:57:22,554 [INFO] CADModel:114 - Register for checkConnection events
2025-11-24 11:57:22,554 [FATAL] Updater:351 - Updater called before beeing initialized
2025-11-24 11:57:22,554 [ERROR] CADModel:125 - Updater not yet initialized, retry later 
2025-11-24 11:57:22,865 [FATAL] Updater:351 - Updater called before beeing initialized
2025-11-24 11:57:22,871 [INFO] CADModel:165 - CPN selected for project level
2025-11-24 11:57:22,871 [INFO] CADModel:114 - Register for checkConnection events
2025-11-24 11:57:22,871 [FATAL] Updater:351 - Updater called before beeing initialized
2025-11-24 11:57:22,871 [ERROR] CADModel:125 - Updater not yet initialized, retry later 
2025-11-24 11:57:22,875 [FATAL] Updater:351 - Updater called before beeing initialized
2025-11-24 11:57:23,016 [FATAL] Updater:351 - Updater called before beeing initialized
2025-11-24 11:57:23,022 [INFO] DbMcusAds:53 - JSON generation date=Mon Nov 10 11:43:01 CET 2025 (1762771381096)
2025-11-24 11:57:23,022 [FATAL] Updater:351 - Updater called before beeing initialized
2025-11-24 11:57:23,081 [WARN] DetailPanel:346 - Failed to get advertising image, set to default
2025-11-24 11:57:23,195 [FATAL] Updater:351 - Updater called before beeing initialized
2025-11-24 11:57:23,201 [FATAL] Updater:351 - Updater called before beeing initialized
2025-11-24 11:57:23,201 [FATAL] Updater:351 - Updater called before beeing initialized
2025-11-24 11:57:23,201 [WARN] DetailPanel:346 - Failed to get advertising image, set to default
2025-11-24 11:57:23,202 [FATAL] Updater:351 - Updater called before beeing initialized
2025-11-24 11:57:23,299 [ERROR] Updater:1198 - MainUpdater not yet initialized. External WinMGr cannot be set.
2025-11-24 11:57:23,306 [INFO] Updater:1134 - Updater Version found : 6.15.0
2025-11-24 11:57:23,339 [INFO] ApplicationProperties:184 - Using Application install path: C:\ST\STM32CubeIDE_1.19.0\STM32CubeIDE\plugins\com.st.stm32cube.common.mx_6.15.0.202507011659
2025-11-24 11:57:24,298 [INFO] ThirdPartyUpdaterWithRetryManager:70 - Updater plugin not ready yet. [2/15]
2025-11-24 11:57:24,947 [ERROR] LogOutputStream:75 - [STDERR_REDIRECT] Nov 24, 2025 11:57:24 AM java.util.prefs.WindowsPreferences <init>
2025-11-24 11:57:24,948 [ERROR] LogOutputStream:75 - [STDERR_REDIRECT] WARNING: Could not open/create prefs root node Software\JavaSoft\Prefs at root 0xffffffff80000002. Windows RegCreateKeyEx(...) returned error code 5.
2025-11-24 11:57:24,948 [ERROR] LogOutputStream:75 - [STDERR_REDIRECT] 
2025-11-24 11:57:25,449 [INFO] MainUpdater:2872 - connection check result : 10
2025-11-24 11:57:25,450 [INFO] MainUpdater:289 - Updater Check For Update Now.
2025-11-24 11:57:25,450 [INFO] MicroXplorer:498 - Change Database Version : DB.6.0.150
2025-11-24 11:57:25,460 [INFO] McuFinderGlobals:63 - Set McuFinder mode to 2 (CubeIDE integrated)
2025-11-24 11:57:25,461 [INFO] UserAuth:487 - Internet connection configuration mode: 1
2025-11-24 11:57:25,504 [INFO] JxBrowserEngine:152 - Initiate JxBrowser Engine with user profile folder
2025-11-24 11:57:25,660 [INFO] CheckServerUpdateThread:120 - End of CheckServer Thread
2025-11-24 11:57:25,665 [INFO] MainUpdater:2872 - connection check result : 10
2025-11-24 11:57:25,667 [INFO] MainUpdater:2872 - connection check result : 10
2025-11-24 11:57:25,729 [INFO] MicroXplorer:468 - Change Database Path : 
2025-11-24 11:57:25,729 [INFO] MicroXplorer:498 - Change Database Version : DB.6.0.150
2025-11-24 11:57:25,746 [WARN] ThirdParty:871 - waiting for thirdparty lock release [close project]
2025-11-24 11:57:27,534 [INFO] WebApp:169 - Instantiating new browser for Auth
2025-11-24 11:57:27,619 [WARN] PackLoader:240 - Cannot read IP mode file for STMicroelectronics.FP-SNS-MOTENVWB1.1.4.0
2025-11-24 11:57:27,633 [WARN] PackLoader:240 - Cannot read IP mode file for STMicroelectronics.FP-ATR-ASTRA1.2.0.2
2025-11-24 11:57:27,648 [WARN] PackLoader:240 - Cannot read IP mode file for STMicroelectronics.X-CUBE-SMBUS.2.1.0
2025-11-24 11:57:27,653 [WARN] PackLoader:240 - Cannot read IP mode file for STMicroelectronics.X-CUBE-ST60.1.0.0
2025-11-24 11:57:27,688 [WARN] PackLoader:240 - Cannot read IP mode file for STMicroelectronics.X-CUBE-AZRTOS-F7.1.1.0
2025-11-24 11:57:27,697 [WARN] PackLoader:240 - Cannot read IP mode file for STMicroelectronics.FP-SNS-MOTENV1.5.1.0
2025-11-24 11:57:27,711 [WARN] PackLoader:240 - Cannot read IP mode file for WES.I-CUBE-Cesium.1.4.0
2025-11-24 11:57:27,750 [WARN] PackLoader:240 - Cannot read IP mode file for Infineon.AIROC-Wi-Fi-Bluetooth-STM32.1.7.1
2025-11-24 11:57:27,794 [WARN] PackLoader:240 - Cannot read IP mode file for STMicroelectronics.X-CUBE-AZRTOS-H7.3.4.0
2025-11-24 11:57:27,836 [WARN] PackLoader:240 - Cannot read IP mode file for STMicroelectronics.X-CUBE-DISPLAY.3.0.0
2025-11-24 11:57:27,856 [WARN] PackLoader:240 - Cannot read IP mode file for STMicroelectronics.X-CUBE-NFC10.1.0.0
2025-11-24 11:57:27,865 [WARN] PackLoader:240 - Cannot read IP mode file for STMicroelectronics.X-CUBE-ST60.1.1.0
2025-11-24 11:57:27,874 [WARN] PackLoader:240 - Cannot read IP mode file for emotas.I-CUBE-CANOPEN.1.3.0
2025-11-24 11:57:27,880 [WARN] PackLoader:240 - Cannot read IP mode file for STMicroelectronics.X-CUBE-GNSS1.7.1.0
2025-11-24 11:57:27,888 [WARN] PackLoader:240 - Cannot read IP mode file for STMicroelectronics.FP-SNS-STBOX1.2.1.0
2025-11-24 11:57:27,895 [WARN] PackLoader:240 - Cannot read IP mode file for STMicroelectronics.FP-SNS-SMARTAG2.1.2.0
2025-11-24 11:57:27,901 [WARN] PackLoader:240 - Cannot read IP mode file for STMicroelectronics.FP-SNS-FLIGHT1.5.1.0
2025-11-24 11:57:27,912 [INFO] LogOutputStream:77 - [STDOUT_REDIRECT] 1 : Invalid condition id : UX_CORESTACK_Condition cause : null
2025-11-24 11:57:27,913 [INFO] LogOutputStream:77 - [STDOUT_REDIRECT] 1 : Invalid condition id : UX_CORESTACK_Condition cause : null
2025-11-24 11:57:27,914 [INFO] LogOutputStream:77 - [STDOUT_REDIRECT] 1 : Invalid condition id : UX_CORESTACK_Condition cause : null
2025-11-24 11:57:27,915 [INFO] LogOutputStream:77 - [STDOUT_REDIRECT] 1 : Invalid condition id : UX_CORESTACK_Condition cause : null
2025-11-24 11:57:27,916 [INFO] LogOutputStream:77 - [STDOUT_REDIRECT] 1 : Invalid condition id : UX_CORESTACK_Condition cause : null
2025-11-24 11:57:27,920 [WARN] PackLoader:240 - Cannot read IP mode file for STMicroelectronics.X-CUBE-AZRTOS-WL.2.0.0
2025-11-24 11:57:27,926 [WARN] PackLoader:240 - Cannot read IP mode file for STMicroelectronics.FP-SNS-MOTENV1.5.0.0
2025-11-24 11:57:27,934 [WARN] PackLoader:240 - Cannot read IP mode file for STMicroelectronics.X-CUBE-BLE2.3.3.0
2025-11-24 11:57:27,974 [WARN] PackLoader:240 - Cannot read IP mode file for STMicroelectronics.X-CUBE-NFC9.1.0.0
2025-11-24 11:57:27,983 [WARN] PackLoader:240 - Cannot read IP mode file for wolfSSL.I-CUBE-wolfSSL.5.8.2
2025-11-24 11:57:27,990 [WARN] PackLoader:240 - Cannot read IP mode file for STMicroelectronics.X-CUBE-BLE1.7.1.0
2025-11-24 11:57:27,995 [WARN] PackLoader:240 - Cannot read IP mode file for wolfSSL.I-CUBE-wolfMQTT.1.19.2
2025-11-24 11:57:28,002 [WARN] PackLoader:240 - Cannot read IP mode file for STMicroelectronics.X-CUBE-EEPRMA1.5.2.0
2025-11-24 11:57:28,010 [WARN] PackLoader:240 - Cannot read IP mode file for STMicroelectronics.X-CUBE-ST67W61.1.1.0
2025-11-24 11:57:28,029 [WARN] PackLoader:240 - Cannot read IP mode file for STMicroelectronics.X-CUBE-AZRTOS-G0.1.1.0
2025-11-24 11:57:28,039 [WARN] PackLoader:240 - Cannot read IP mode file for STMicroelectronics.X-CUBE-SAFEA1.1.2.2
2025-11-24 11:57:28,046 [WARN] PackLoader:240 - Cannot read IP mode file for STMicroelectronics.X-CUBE-NFC4.3.0.0
2025-11-24 11:57:28,054 [WARN] PackLoader:240 - Cannot read IP mode file for EmbeddedOffice.I-CUBE-FS-RTOS.1.0.1
2025-11-24 11:57:28,060 [WARN] PackLoader:240 - Cannot read IP mode file for STMicroelectronics.X-CUBE-WB05N.2.0.0
2025-11-24 11:57:28,066 [WARN] PackLoader:240 - Cannot read IP mode file for wolfSSL.I-CUBE-wolfTPM.3.8.0
2025-11-24 11:57:28,072 [WARN] PackLoader:240 - Cannot read IP mode file for STMicroelectronics.X-CUBE-TCPP.4.2.0
2025-11-24 11:57:28,079 [WARN] PackLoader:240 - Cannot read IP mode file for RealThread.X-CUBE-RT-Thread_Nano.4.1.1
2025-11-24 11:57:28,083 [WARN] PackLoader:240 - Cannot read IP mode file for STMicroelectronics.FP-ATR-SIGFOX1.3.2.0
2025-11-24 11:57:28,095 [WARN] PackLoader:240 - Cannot read IP mode file for ITTIA_DB.I-CUBE-ITTIADB.8.9.0
2025-11-24 11:57:28,100 [WARN] PackLoader:240 - Cannot read IP mode file for STMicroelectronics.X-CUBE-ST67W61.1.0.0
2025-11-24 11:57:28,106 [WARN] PackLoader:240 - Cannot read IP mode file for STMicroelectronics.X-CUBE-AI.10.2.0
2025-11-24 11:57:28,128 [WARN] PackLoader:240 - Cannot read IP mode file for SEGGER.I-CUBE-embOS.1.3.1
2025-11-24 11:57:28,164 [WARN] PackLoader:240 - Cannot read IP mode file for STMicroelectronics.X-CUBE-ALGOBUILD.1.4.0
2025-11-24 11:57:28,195 [WARN] PackLoader:240 - Cannot read IP mode file for STMicroelectronics.X-CUBE-MEMS1.11.3.0
2025-11-24 11:57:28,326 [WARN] PackLoader:240 - Cannot read IP mode file for STMicroelectronics.X-CUBE-PM33A1.1.0.0
2025-11-24 11:57:28,344 [WARN] PackLoader:240 - Cannot read IP mode file for STMicroelectronics.X-CUBE-AZRTOS-F4.1.1.0
2025-11-24 11:57:28,350 [WARN] PackLoader:240 - Cannot read IP mode file for Avnet-IotConnect.X-CUBE-IoTC-DA16k-PMOD.1.0.0
2025-11-24 11:57:28,356 [WARN] PackLoader:240 - Cannot read IP mode file for STMicroelectronics.X-CUBE-ISPU.2.1.0
2025-11-24 11:57:28,372 [WARN] PackLoader:240 - Cannot read IP mode file for STMicroelectronics.X-CUBE-IPS.3.2.0
2025-11-24 11:57:28,391 [WARN] PackLoader:240 - Cannot read IP mode file for STMicroelectronics.X-CUBE-NFC12.1.0.0
2025-11-24 11:57:28,410 [WARN] PackLoader:240 - Cannot read IP mode file for STMicroelectronics.X-CUBE-AZRTOS-L5.2.0.0
2025-11-24 11:57:28,422 [WARN] PackLoader:240 - Cannot read IP mode file for STMicroelectronics.X-CUBE-NFC6.3.1.0
2025-11-24 11:57:28,431 [WARN] PackLoader:240 - Cannot read IP mode file for STMicroelectronics.X-CUBE-FREERTOS.1.3.1
2025-11-24 11:57:28,438 [WARN] PackLoader:240 - Cannot read IP mode file for STMicroelectronics.X-CUBE-TOUCHGFX.4.26.0
2025-11-24 11:57:28,443 [WARN] PackLoader:240 - Cannot read IP mode file for STMicroelectronics.FP-SNS-STAIOTCFT.1.0.0
2025-11-24 11:57:28,449 [WARN] PackLoader:240 - Cannot read IP mode file for STMicroelectronics.X-CUBE-DPower.1.3.0
2025-11-24 11:57:28,475 [WARN] ConditionMgr:438 - getConditionDescription Invalid condition id : LAN8742 Phy interface Condition cause : null
2025-11-24 11:57:28,476 [WARN] PackLoader:240 - Cannot read IP mode file for STMicroelectronics.X-CUBE-AZRTOS-L4.2.0.0
2025-11-24 11:57:28,477 [WARN] ConditionMgr:1044 - genDependencies : Invalid condition id : LAN8742 Phy interface Condition cause : null
2025-11-24 11:57:28,477 [WARN] ConditionMgr:1044 - genDependencies : Invalid condition id : LAN8742 Phy interface Condition cause : null
2025-11-24 11:57:28,477 [WARN] ConditionMgr:1044 - genDependencies : Invalid condition id : LAN8742 Phy interface Condition cause : null
2025-11-24 11:57:28,487 [WARN] PackLoader:240 - Cannot read IP mode file for STMicroelectronics.X-CUBE-SFXS2LP1.4.0.0
2025-11-24 11:57:28,504 [WARN] PackLoader:240 - Cannot read IP mode file for STMicroelectronics.X-CUBE-BLEMGR.4.1.0
2025-11-24 11:57:28,524 [WARN] ConditionMgr:438 - getConditionDescription Invalid condition id : UX DEVICE CLASS RTOS Condition cause : null
2025-11-24 11:57:28,524 [WARN] ConditionMgr:438 - getConditionDescription Invalid condition id : UX DEVICE CLASS RTOS Condition cause : null
2025-11-24 11:57:28,527 [WARN] PackLoader:240 - Cannot read IP mode file for STMicroelectronics.X-CUBE-AZRTOS-WB.2.0.0
2025-11-24 11:57:28,527 [WARN] ConditionMgr:1044 - genDependencies : Invalid condition id : UX DEVICE CLASS RTOS Condition cause : null
2025-11-24 11:57:28,527 [WARN] ConditionMgr:1044 - genDependencies : Invalid condition id : UX DEVICE CLASS RTOS Condition cause : null
2025-11-24 11:57:28,528 [WARN] ConditionMgr:1044 - genDependencies : Invalid condition id : UX DEVICE CLASS RTOS Condition cause : null
2025-11-24 11:57:28,529 [WARN] ConditionMgr:1044 - genDependencies : Invalid condition id : UX DEVICE CLASS RTOS Condition cause : null
2025-11-24 11:57:28,529 [WARN] ConditionMgr:1044 - genDependencies : Invalid condition id : UX DEVICE CLASS RTOS Condition cause : null
2025-11-24 11:57:28,535 [WARN] PackLoader:240 - Cannot read IP mode file for STMicroelectronics.X-CUBE-GNSS1.7.0.1
2025-11-24 11:57:28,569 [WARN] PackLoader:240 - Cannot read IP mode file for STMicroelectronics.X-CUBE-TOUCHGFX.4.25.0
2025-11-24 11:57:28,575 [WARN] ConditionMgr:438 - getConditionDescription Invalid condition id : Cortex-A Device cause : null
2025-11-24 11:57:28,584 [WARN] ConditionMgr:1044 - genDependencies : Invalid condition id : Cortex-A Device cause : null
2025-11-24 11:57:28,584 [WARN] ConditionMgr:1044 - genDependencies : Invalid condition id : Cortex-A Device cause : null
2025-11-24 11:57:28,584 [WARN] ConditionMgr:1044 - genDependencies : Invalid condition id : Cortex-A Device cause : null
2025-11-24 11:57:28,594 [WARN] PackLoader:240 - Cannot read IP mode file for STMicroelectronics.X-CUBE-SUBG2.5.0.0
2025-11-24 11:57:28,618 [WARN] PackLoader:240 - Cannot read IP mode file for STMicroelectronics.X-CUBE-AZRTOS-H7RS.1.1.0
2025-11-24 11:57:28,625 [WARN] PackLoader:240 - Cannot read IP mode file for Cesanta.I-CUBE-Mongoose.7.13.0
2025-11-24 11:57:28,635 [WARN] PackLoader:240 - Cannot read IP mode file for STMicroelectronics.X-CUBE-AZRTOS-G4.2.0.0
2025-11-24 11:57:28,641 [WARN] PackLoader:240 - Cannot read IP mode file for wolfSSL.I-CUBE-wolfSSH.1.4.20
2025-11-24 11:57:28,647 [WARN] PackLoader:240 - Cannot read IP mode file for STMicroelectronics.X-CUBE-NFC7.2.0.0
2025-11-24 11:57:28,659 [WARN] PackLoader:240 - Cannot read IP mode file for STMicroelectronics.X-CUBE-IPS.3.1.0
2025-11-24 11:57:28,668 [WARN] PackLoader:240 - Cannot read IP mode file for STMicroelectronics.X-CUBE-ALS.1.0.2
2025-11-24 11:57:28,674 [WARN] PackLoader:240 - Cannot read IP mode file for STMicroelectronics.X-CUBE-STSE01.1.0.0
2025-11-24 11:57:28,697 [WARN] PackLoader:240 - Cannot read IP mode file for STMicroelectronics.X-CUBE-TOF1.3.4.3
2025-11-24 11:57:28,717 [INFO] ThirdParty:978 - Integrity check success = true
2025-11-24 11:57:28,718 [INFO] IntegrityCheckThread:100 - exiting critical section [integrity check]
2025-11-24 11:57:28,718 [INFO] IntegrityCheckThread:103 - End integrity checks thread
2025-11-24 11:57:28,718 [INFO] ThirdParty:873 - entering critical section [close project]
2025-11-24 11:57:28,720 [INFO] ThirdParty:883 - exiting critical section [close project]
2025-11-24 11:57:28,723 [INFO] PinOutPanel:1589 - setPackage(No Configuration,No Configuration)
2025-11-24 11:57:28,725 [INFO] UtilMem:75 - Begin LoadConfig() Used Memory: 239082680 Bytes (309329920)
2025-11-24 11:57:28,728 [INFO] MicroXplorer:468 - Change Database Path : 
2025-11-24 11:57:28,728 [INFO] MicroXplorer:498 - Change Database Version : DB.6.0.150
2025-11-24 11:57:28,728 [INFO] OpenFileManager:355 - Change cursor
2025-11-24 11:57:28,761 [INFO] Mcu:2029 - Initializing MCU STM32F411R(C-E)Tx STM32F411RCTx STM32F411RCT6
2025-11-24 11:57:28,932 [INFO] WebApp:463 - Apply proxy settings
2025-11-24 11:57:28,933 [INFO] WebApp:548 - Chromium requires no authentication
2025-11-24 11:57:28,958 [INFO] WebApp:491 - Direct internet connection detected
2025-11-24 11:57:29,007 [INFO] WebApp:900 - Register for checkConnection events
2025-11-24 11:57:29,007 [INFO] WebApp:463 - Apply proxy settings
2025-11-24 11:57:29,007 [INFO] WebApp:548 - Chromium requires no authentication
2025-11-24 11:57:29,008 [INFO] WebApp:491 - Direct internet connection detected
2025-11-24 11:57:29,293 [INFO] WebApp:191 - Connection restablished
2025-11-24 11:57:29,681 [INFO] WebApp:225 - Starting web application
2025-11-24 11:57:29,682 [INFO] WebApp:593 - Web application path used C:\ST\STM32CubeIDE_1.19.0\STM32CubeIDE\plugins\com.st.stm32cube.common.mx_6.15.0.202507011659\db\plugins\mcufinder\reactClient1\index.html
2025-11-24 11:57:29,937 [INFO] UserAuth:487 - Internet connection configuration mode: 1
2025-11-24 11:57:30,419 [INFO] Context:786 - Trying to add GPIOservice into a context  which must be forbidden
2025-11-24 11:57:30,816 [INFO] ImportTextPane:234 - (OptionalMessage_ERROR) Pin27 (VP_RIF_VS_RIF1) cannot be retrieved for this MCU
2025-11-24 11:57:30,913 [INFO] RtosManager:558 - Registered RTOS mode: class=CMSIS, group=RTOS, mode=CMSIS_V1, owner=FREERTOS
2025-11-24 11:57:30,913 [INFO] RtosManager:558 - Registered RTOS mode: class=CMSIS, group=RTOS2, mode=CMSIS_V2, owner=FREERTOS
2025-11-24 11:57:30,913 [INFO] RtosManager:558 - Registered RTOS mode: class=RTOS, group=Core, mode=CMSIS_V1, owner=FREERTOS
2025-11-24 11:57:30,913 [INFO] RtosManager:558 - Registered RTOS mode: class=RTOS, group=Core, mode=CMSIS_V2, owner=FREERTOS
2025-11-24 11:57:30,913 [WARN] ModelIntegratedComponent:184 - Missing modes for component STMicroelectronics:FreeRTOS:0.0.1:STMicroelectronics:RTOS:FreeRTOS:Core:::10.2.0:
2025-11-24 11:57:30,926 [WARN] ModelIntegratedComponent:182 - Modes not found for component STMicroelectronics:USB_HOST:1.0.0:STMicroelectronics:USB::USB Host:Audio HS::1.0:USB_HOST_1_0_RESTRICTED_HS
2025-11-24 11:57:30,926 [WARN] ModelIntegratedComponent:188 - Modes not found for component STMicroelectronics:USB_HOST:1.0.0:STMicroelectronics:USB::USB Host:Audio HS::1.0:USB_HOST_1_0_RESTRICTED_HS
2025-11-24 11:57:30,926 [WARN] ModelIntegratedComponent:182 - Modes not found for component STMicroelectronics:USB_HOST:1.0.0:STMicroelectronics:USB::USB Host:CDC HS::1.0:USB_HOST_1_0_RESTRICTED_HS
2025-11-24 11:57:30,926 [WARN] ModelIntegratedComponent:188 - Modes not found for component STMicroelectronics:USB_HOST:1.0.0:STMicroelectronics:USB::USB Host:CDC HS::1.0:USB_HOST_1_0_RESTRICTED_HS
2025-11-24 11:57:30,926 [WARN] ModelIntegratedComponent:182 - Modes not found for component STMicroelectronics:USB_HOST:1.0.0:STMicroelectronics:USB::USB Host:MSC HS::1.0:USB_HOST_1_0_RESTRICTED_HS
2025-11-24 11:57:30,926 [WARN] ModelIntegratedComponent:188 - Modes not found for component STMicroelectronics:USB_HOST:1.0.0:STMicroelectronics:USB::USB Host:MSC HS::1.0:USB_HOST_1_0_RESTRICTED_HS
2025-11-24 11:57:30,926 [WARN] ModelIntegratedComponent:182 - Modes not found for component STMicroelectronics:USB_HOST:1.0.0:STMicroelectronics:USB::USB Host:HID HS::1.0:USB_HOST_1_0_RESTRICTED_HS
2025-11-24 11:57:30,926 [WARN] ModelIntegratedComponent:188 - Modes not found for component STMicroelectronics:USB_HOST:1.0.0:STMicroelectronics:USB::USB Host:HID HS::1.0:USB_HOST_1_0_RESTRICTED_HS
2025-11-24 11:57:30,926 [WARN] ModelIntegratedComponent:182 - Modes not found for component STMicroelectronics:USB_HOST:1.0.0:STMicroelectronics:USB::USB Host:MTP HS::1.0:USB_HOST_1_0_RESTRICTED_HS
2025-11-24 11:57:30,926 [WARN] ModelIntegratedComponent:188 - Modes not found for component STMicroelectronics:USB_HOST:1.0.0:STMicroelectronics:USB::USB Host:MTP HS::1.0:USB_HOST_1_0_RESTRICTED_HS
2025-11-24 11:57:30,938 [WARN] ModelIntegratedComponent:63 - No mode defined for component null
2025-11-24 11:57:30,938 [WARN] ModelIntegratedComponent:63 - No mode defined for component null
2025-11-24 11:57:30,938 [WARN] ModelIntegratedComponent:63 - No mode defined for component null
2025-11-24 11:57:30,939 [WARN] ModelIntegratedComponent:63 - No mode defined for component null
2025-11-24 11:57:30,939 [WARN] ModelIntegratedComponent:63 - No mode defined for component null
2025-11-24 11:57:30,939 [WARN] ModelIntegratedComponent:63 - No mode defined for component null
2025-11-24 11:57:30,939 [WARN] ModelIntegratedComponent:63 - No mode defined for component null
2025-11-24 11:57:30,939 [WARN] ModelIntegratedComponent:63 - No mode defined for component null
2025-11-24 11:57:30,939 [WARN] ModelIntegratedComponent:63 - No mode defined for component null
2025-11-24 11:57:30,939 [WARN] ModelIntegratedComponent:63 - No mode defined for component null
2025-11-24 11:57:30,939 [WARN] ModelIntegratedComponent:63 - No mode defined for component null
2025-11-24 11:57:30,939 [WARN] ModelIntegratedComponent:63 - No mode defined for component null
2025-11-24 11:57:30,939 [WARN] ModelIntegratedComponent:63 - No mode defined for component null
2025-11-24 11:57:30,939 [WARN] ModelIntegratedComponent:63 - No mode defined for component null
2025-11-24 11:57:30,939 [WARN] ModelIntegratedComponent:63 - No mode defined for component null
2025-11-24 11:57:30,939 [WARN] ModelIntegratedComponent:63 - No mode defined for component null
2025-11-24 11:57:30,939 [WARN] ModelIntegratedComponent:63 - No mode defined for component null
2025-11-24 11:57:30,939 [WARN] ModelIntegratedComponent:63 - No mode defined for component null
2025-11-24 11:57:30,939 [WARN] ModelIntegratedComponent:63 - No mode defined for component null
2025-11-24 11:57:30,939 [WARN] ModelIntegratedComponent:63 - No mode defined for component null
2025-11-24 11:57:30,939 [WARN] ModelIntegratedComponent:63 - No mode defined for component null
2025-11-24 11:57:30,939 [WARN] ModelIntegratedComponent:63 - No mode defined for component null
2025-11-24 11:57:30,939 [WARN] ModelIntegratedComponent:63 - No mode defined for component null
2025-11-24 11:57:30,939 [WARN] ModelIntegratedComponent:63 - No mode defined for component null
2025-11-24 11:57:30,939 [WARN] ModelIntegratedComponent:63 - No mode defined for component null
2025-11-24 11:57:30,939 [WARN] ModelIntegratedComponent:63 - No mode defined for component null
2025-11-24 11:57:30,939 [WARN] ModelIntegratedComponent:63 - No mode defined for component null
2025-11-24 11:57:30,939 [WARN] ModelIntegratedComponent:63 - No mode defined for component null
2025-11-24 11:57:30,939 [WARN] ModelIntegratedComponent:63 - No mode defined for component null
2025-11-24 11:57:30,939 [WARN] ModelIntegratedComponent:63 - No mode defined for component null
2025-11-24 11:57:30,939 [WARN] ModelIntegratedComponent:63 - No mode defined for component null
2025-11-24 11:57:30,940 [WARN] ModelIntegratedComponent:63 - No mode defined for component null
2025-11-24 11:57:30,940 [WARN] ModelIntegratedComponent:63 - No mode defined for component null
2025-11-24 11:57:30,940 [WARN] ModelIntegratedComponent:63 - No mode defined for component null
2025-11-24 11:57:30,940 [WARN] ModelIntegratedComponent:63 - No mode defined for component null
2025-11-24 11:57:30,940 [WARN] ModelPack:524 - Component already loaded: STMicroelectronics:HAL Drivers:0.0.0:STMicroelectronics:Device:STMicro_Driver:XSPI:HAL::0.0.1:HAL_XSPI
2025-11-24 11:57:31,012 [WARN] ModelIntegratedComponent:182 - Modes not found for component STMicroelectronics:USB_DEVICE:1.0.0:STMicroelectronics:USB::USB Device:Audio HS::1.0:USB_DEVICE_1_0_RESTRICTED_HS
2025-11-24 11:57:31,013 [WARN] ModelIntegratedComponent:188 - Modes not found for component STMicroelectronics:USB_DEVICE:1.0.0:STMicroelectronics:USB::USB Device:Audio HS::1.0:USB_DEVICE_1_0_RESTRICTED_HS
2025-11-24 11:57:31,013 [WARN] ModelIntegratedComponent:182 - Modes not found for component STMicroelectronics:USB_DEVICE:1.0.0:STMicroelectronics:USB::USB Device:CDC HS::1.0:USB_DEVICE_1_0_RESTRICTED_HS
2025-11-24 11:57:31,013 [WARN] ModelIntegratedComponent:188 - Modes not found for component STMicroelectronics:USB_DEVICE:1.0.0:STMicroelectronics:USB::USB Device:CDC HS::1.0:USB_DEVICE_1_0_RESTRICTED_HS
2025-11-24 11:57:31,013 [WARN] ModelIntegratedComponent:182 - Modes not found for component STMicroelectronics:USB_DEVICE:1.0.0:STMicroelectronics:USB::USB Device:DFU HS::1.0:USB_DEVICE_1_0_RESTRICTED_HS
2025-11-24 11:57:31,013 [WARN] ModelIntegratedComponent:188 - Modes not found for component STMicroelectronics:USB_DEVICE:1.0.0:STMicroelectronics:USB::USB Device:DFU HS::1.0:USB_DEVICE_1_0_RESTRICTED_HS
2025-11-24 11:57:31,013 [WARN] ModelIntegratedComponent:182 - Modes not found for component STMicroelectronics:USB_DEVICE:1.0.0:STMicroelectronics:USB::USB Device:HID HS::1.0:USB_DEVICE_1_0_RESTRICTED_HS
2025-11-24 11:57:31,013 [WARN] ModelIntegratedComponent:188 - Modes not found for component STMicroelectronics:USB_DEVICE:1.0.0:STMicroelectronics:USB::USB Device:HID HS::1.0:USB_DEVICE_1_0_RESTRICTED_HS
2025-11-24 11:57:31,013 [WARN] ModelIntegratedComponent:182 - Modes not found for component STMicroelectronics:USB_DEVICE:1.0.0:STMicroelectronics:USB::USB Device:Custom HID HS::1.0:USB_DEVICE_1_0_RESTRICTED_HS
2025-11-24 11:57:31,013 [WARN] ModelIntegratedComponent:188 - Modes not found for component STMicroelectronics:USB_DEVICE:1.0.0:STMicroelectronics:USB::USB Device:Custom HID HS::1.0:USB_DEVICE_1_0_RESTRICTED_HS
2025-11-24 11:57:31,013 [WARN] ModelIntegratedComponent:182 - Modes not found for component STMicroelectronics:USB_DEVICE:1.0.0:STMicroelectronics:USB::USB Device:MSC HS::1.0:USB_DEVICE_1_0_RESTRICTED_HS
2025-11-24 11:57:31,013 [WARN] ModelIntegratedComponent:188 - Modes not found for component STMicroelectronics:USB_DEVICE:1.0.0:STMicroelectronics:USB::USB Device:MSC HS::1.0:USB_DEVICE_1_0_RESTRICTED_HS
2025-11-24 11:57:31,033 [INFO] ThirdPartyModel:298 - Start build external matchings
2025-11-24 11:57:31,459 [INFO] ThirdPartyModel:316 - End build external matchings
2025-11-24 11:57:31,482 [INFO] ImportTextPane:234 - (OptionalMessage_ERROR) IP (RCC) : Parameter (48MHZClocksFreq_Value) has invalid value (50000000)
2025-11-24 11:57:31,483 [INFO] ImportTextPane:234 - (OptionalMessage_ERROR) IP (RCC) : Parameter (RTCHSEDivFreq_Value) has invalid value (12500000)
2025-11-24 11:57:31,873 [INFO] ApiDb:581 - Connected to CubeFinder SQLite database (C:\Users\jansu\.stmcufinder\plugins\mcufinder\mcu\cube-finder-db.db)
2025-11-24 11:57:32,015 [INFO] ApiDb:668 - CubeFinder database Data Model version=2.1
2025-11-24 11:57:32,015 [INFO] ApiDb:669 - CubeFinder database Configuration version=3.0.39
2025-11-24 11:57:32,015 [INFO] ApiDb:670 - CubeFinder database generation date=2025-10-27 (1761571959)
2025-11-24 11:57:32,015 [INFO] ApiDb:671 - CubeFinder database FW Pack versions=[FP-ATR-ASTRA1_V2.0.0, FP-SNS-FLIGHT1_V5.1.0, FP-SNS-MOTENV1_V5.0.0, FP-SNS-MOTENVWB1_V1.4.0, FP-SNS-SMARTAG2_V1.2.0, FP-SNS-STBOX1_V2.1.0, STM32Cube_FW_C0_V1.4.0, STM32Cube_FW_F4_V1.28.3, STM32Cube_FW_F7_V1.17.4, STM32Cube_FW_G0_V1.6.2, STM32Cube_FW_G4_V1.6.1, STM32Cube_FW_H5_V1.5.0, STM32Cube_FW_H7RS_V1.2.0, STM32Cube_FW_H7_V1.12.1, STM32Cube_FW_L0_V1.12.2, STM32Cube_FW_L4_V1.18.1, STM32Cube_FW_L5_V1.5.1, STM32Cube_FW_N6_V1.2.0, STM32Cube_FW_U0_V1.3.0, STM32Cube_FW_U3_V1.2.1, STM32Cube_FW_U5_V1.8.0, STM32Cube_FW_WB0_V1.3.0, STM32Cube_FW_WBA_V1.7.0, STM32Cube_FW_WB_V1.23.0, STM32Cube_FW_WL3_V1.2.0, STM32Cube_FW_WL_V1.3.1, X-CUBE-ALGOBUILD_V1.4.0, X-CUBE-ALS_V1.0.2, X-CUBE-AZRTOS-F4_V1.1.0, X-CUBE-AZRTOS-F7_V1.1.0, X-CUBE-AZRTOS-G0_V1.1.0, X-CUBE-AZRTOS-G4_V2.0.0, X-CUBE-AZRTOS-H7RS_V1.1.0, X-CUBE-AZRTOS-H7_V3.4.0, X-CUBE-AZRTOS-L4_V2.0.0, X-CUBE-AZRTOS-L5_V2.0.0, X-CUBE-AZRTOS-WB_V2.0.0, X-CUBE-AZRTOS-WL_V2.0.0, X-CUBE-BLE1_V7.1.0, X-CUBE-BLE2_V3.3.0, X-CUBE-BLEMGR_V4.1.0, X-CUBE-EEPRMA1_V5.2.0, X-CUBE-FREERTOS_V1.3.1, X-CUBE-GNSS1_V6.0.0, X-CUBE-MEMS1_V11.3.0, X-CUBE-NFC4_V3.0.0, X-CUBE-NFC7_V2.0.0, X-CUBE-SFXS2LP1_V4.0.0, X-CUBE-ST67W61_V1.1.0, X-CUBE-SUBG2_V5.0.0, X-CUBE-TOF1_V3.4.3]
2025-11-24 11:57:32,165 [INFO] DbBoardsSqlite:226 - include board P-NUCLEO-WB55-NUCLEO as a kit item of type 'Nucleo-64'
2025-11-24 11:57:32,166 [INFO] DbBoardsSqlite:226 - include board P-NUCLEO-WB55-USBDONGLE as a kit item of type 'Nucleo USB Dongle'
2025-11-24 11:57:32,168 [INFO] DbBoardsSqlite:226 - include board STEVAL-IDP005V1 as a kit item of type 'Evaluation Board'
2025-11-24 11:57:32,169 [INFO] DbBoardsSqlite:226 - include board STEVAL-IDP005V2 as a kit item of type 'Evaluation Board'
2025-11-24 11:57:32,732 [INFO] ApiDb:240 - Found 880 in-development CPN: [B-G473E-ZEST1S, B-WB1M-WPAN1, B-WBA5M-WPAN, B-WL5M-SUBG1, NUCLEO-C031C6, NUCLEO-C051C8, NUCLEO-C071RB, NUCLEO-C092RC, NUCLEO-H503RB, NUCLEO-H533RE, NUCLEO-H563ZI, NUCLEO-H7S3L8, NUCLEO-N657X0-Q, NUCLEO-U031R8, NUCLEO-U083RC, NUCLEO-U385RG-Q, NUCLEO-U545RE-Q, NUCLEO-U5A5ZJ-Q, NUCLEO-WB05KZ, NUCLEO-WB07CC, NUCLEO-WB09KE, NUCLEO-WBA52CG, NUCLEO-WBA55CG, NUCLEO-WL33CC1, NUCLEO-WL33CC2, STEVAL-PROTEUS1, STEVAL-SMARTAG2, STEVAL-STWINBX1, STM320518-EVAL, STM32C0116-DK, STM32C011D6Y3TR, STM32C011D6Y6TR, STM32C011F4P3, STM32C011F4P6, STM32C011F4U3, STM32C011F4U6TR, STM32C011F6P3, STM32C011F6P6, STM32C011F6U3, STM32C011F6U6TR, STM32C011J4M3, STM32C011J4M6, STM32C011J6M3, STM32C011J6M6, STM32C0316-DK, STM32C031C4T3, STM32C031C4T6, STM32C031C4U3, STM32C031C4U6, STM32C031C6T3, STM32C031C6T6, STM32C031C6U3, STM32C031C6U6, STM32C031F4P3, STM32C031F4P6, STM32C031F6P3, STM32C031F6P6, STM32C031G4U3, STM32C031G4U6, STM32C031G6U3, STM32C031G6U6, STM32C031K4T3, STM32C031K4T6, STM32C031K4U3, STM32C031K4U6, STM32C031K6T3, STM32C031K6T6, STM32C031K6U3, STM32C031K6U6, STM32C051C6T6, STM32C051C6U6, STM32C051C8T6, STM32C051C8U6, STM32C051D8Y6TR, STM32C051F6P6, STM32C051F8P6, STM32C051G6U6, STM32C051G8U6, STM32C051K6T6, STM32C051K6U6, STM32C051K8T6, STM32C071C8T6, STM32C071C8T6N, STM32C071C8U6, STM32C071C8U6N, STM32C071CBT6, STM32C071CBT6N, STM32C071CBU6, STM32C071CBU6N, STM32C071F8P6, STM32C071F8P6N, STM32C071FBP6, STM32C071FBP6N, STM32C071FBY6TR, STM32C071G8U6, STM32C071G8U6N, STM32C071GBU6, STM32C071GBU6N, STM32C071K8T6, STM32C071K8T6N, STM32C071K8U6, STM32C071K8U6N, STM32C071KBT6, STM32C071KBT6N, STM32C071KBU6, STM32C071KBU6N, STM32C071R8T6, STM32C071R8T6N, STM32C071RBI6N, STM32C071RBT6, STM32C071RBT6N, STM32C091CBT6, STM32C091CBU6, STM32C091CCT6, STM32C091CCU6, STM32C091ECY6TR, STM32C091FBP6, STM32C091FCP6, STM32C091GBU6, STM32C091GCU6, STM32C091KBT6, STM32C091KBU6, STM32C091KCT6, STM32C091KCU6, STM32C091RBT6, STM32C091RCI6, STM32C091RCT6, STM32C092CBT6, STM32C092CBU6, STM32C092CCT6, STM32C092CCU6, STM32C092ECY6TR, STM32C092FBP6, STM32C092FCP6, STM32C092GBU6, STM32C092GCU6, STM32C092KBT6, STM32C092KBU6, STM32C092KCT6, STM32C092KCU6, STM32C092RBT6, STM32C092RCI6, STM32C092RCT6, STM32G071K8TXN, STM32G071K8UXN, STM32G081GBU6N, STM32G081KBT6N, STM32G081KBUXN, STM32G0B1CCT6N, STM32G0B1KCT6, STM32G0B1NEY6TR, STM32G0B1RCT6N, STM32G0C1CCT6, STM32G0C1CCT6N, STM32G0C1CCU6N, STM32G0C1CET6N, STM32G0C1CEU6N, STM32G0C1KCT6, STM32G0C1NEY6TR, STM32G0C1RCI6N, STM32G0C1RCT6N, STM32G0C1REI6N, STM32G0C1RET6N, STM32G0C1VCI6, STM32G0C1VEI6, STM32G411C6T3, STM32G411C6T6, STM32G411C6U3, STM32G411C6U6, STM32G411C8T3, STM32G411C8T6, STM32G411C8U3, STM32G411C8U6, STM32G411CBT3, STM32G411CBT6, STM32G411CBU3, STM32G411CBU6, STM32G411K6T3, STM32G411K6T6, STM32G411K6U3, STM32G411K6U6, STM32G411K8T3, STM32G411K8T6, STM32G411K8U3, STM32G411K8U6, STM32G411KBT3, STM32G411KBT6, STM32G411KBU3, STM32G411KBU6, STM32G411M6T3, STM32G411M6T6, STM32G411M8T3, STM32G411M8T6, STM32G411MBT3, STM32G411MBT6, STM32G411R6T3, STM32G411R6T6, STM32G411R8T3, STM32G411R8T6, STM32G411RBT3, STM32G411RBT6, STM32G414CBT3, STM32G414CBT6, STM32G414CBU3, STM32G414CBU6, STM32G414CCT3, STM32G414CCT6, STM32G414CCU3, STM32G414CCU6, STM32G414MBT3, STM32G414MBT6, STM32G414MCT3, STM32G414MCT6, STM32G414RBT3, STM32G414RBT6, STM32G414RCT3, STM32G414RCT6, STM32G414VBT3, STM32G414VBT6, STM32G414VCT3, STM32G414VCT6, STM32G431CBT3Z, STM32G431RBT3Z, STM32G471CCT6, STM32G471CCU6, STM32G471CET3, STM32G471CET6, STM32G471CEU3, STM32G471CEU6, STM32G471MCT6, STM32G471MET3, STM32G471MET6, STM32G471MEY6TR, STM32G471QCT6, STM32G471QET3, STM32G471RCT6, STM32G471RET3, STM32G471RET6, STM32G471VCH6, STM32G471VCI6, STM32G471VCT6, STM32G471VEH3, STM32G471VEH6, STM32G471VEI3, STM32G471VEI6, STM32G471VET3, STM32G471VET6, STM32G473QET3Z, STM32G473RET3Z, STM32G474CCT6, STM32G491RET3Z, STM32H503CBT6, STM32H503CBU6, STM32H503EBY6TR, STM32H503KBU6, STM32H503RBT6, STM32H523CCT6, STM32H523CCU6, STM32H523CET6, STM32H523CEU6, STM32H523HEY6TR, STM32H523RCT6, STM32H523RET6, STM32H523VCI6, STM32H523VCT6, STM32H523VEI6, STM32H523VET6, STM32H523ZCJ6, STM32H523ZCT6, STM32H523ZEJ6, STM32H523ZET6, STM32H533CET6, STM32H533CEU6, STM32H533HEY6TR, STM32H533RET6, STM32H533VEI6, STM32H533VET6, STM32H533ZEJ6, STM32H533ZET6, STM32H562AGI6, STM32H562AII6, STM32H562IGK6, STM32H562IGT6, STM32H562IIK6, STM32H562IIT6, STM32H562RGT6, STM32H562RGV6, STM32H562RIT6, STM32H562RIV6, STM32H562VGT6, STM32H562VIT6, STM32H562ZGT6, STM32H562ZIT6, STM32H563AGI6, STM32H563AII3Q, STM32H563AII6, STM32H563IGK6, STM32H563IGT6, STM32H563IIK3Q, STM32H563IIK6, STM32H563IIT3Q, STM32H563IIT6, STM32H563MIY3QTR, STM32H563RGT6, STM32H563RGV6, STM32H563RIT6, STM32H563RIV6, STM32H563VGT6, STM32H563VIT3Q, STM32H563VIT6, STM32H563ZGT6, STM32H563ZIT3Q, STM32H563ZIT6, STM32H573AII3Q, STM32H573AII6, STM32H573I-DK, STM32H573IIK3Q, STM32H573IIK6, STM32H573IIT3Q, STM32H573IIT6, STM32H573MIY3QTR, STM32H573RIT6, STM32H573RIV6, STM32H573VIT3Q, STM32H573VIT6, STM32H573ZIT3Q, STM32H573ZIT6, STM32H7R3A8I6, STM32H7R3I8K6, STM32H7R3I8T6, STM32H7R3L8H6, STM32H7R3L8H6H, STM32H7R3R8V6, STM32H7R3V8H6, STM32H7R3V8T6, STM32H7R3V8Y6TR, STM32H7R3Z8J6, STM32H7R3Z8T6, STM32H7R7A8I6, STM32H7R7I8K6, STM32H7R7I8T6, STM32H7R7L8H6, STM32H7R7L8H6H, STM32H7R7Z8J6, STM32H7S3A8I6, STM32H7S3I8K6, STM32H7S3I8T6, STM32H7S3L8H6, STM32H7S3L8H6H, STM32H7S3R8V6, STM32H7S3V8H6, STM32H7S3V8T6, STM32H7S3V8Y6TR, STM32H7S3Z8J6, STM32H7S3Z8T6, STM32H7S78-DK, STM32H7S7A8I6, STM32H7S7I8K6, STM32H7S7I8T6, STM32H7S7L8H6, STM32H7S7L8H6H, STM32H7S7Z8J6, STM32L4R5QGI6STR, STM32MP131AAE3, STM32MP131AAF3, STM32MP131AAG3, STM32MP131CAE3, STM32MP131CAF3, STM32MP131CAG3, STM32MP131DAE7, STM32MP131DAF7, STM32MP131DAG7, STM32MP131FAE7, STM32MP131FAF7, STM32MP131FAG7, STM32MP133AAE3, STM32MP133AAF3, STM32MP133AAG3, STM32MP133CAE3, STM32MP133CAF3, STM32MP133CAG3, STM32MP133DAE7, STM32MP133DAF7, STM32MP133DAG7, STM32MP133FAE7, STM32MP133FAF7, STM32MP133FAG7, STM32MP135AAE3, STM32MP135AAF3, STM32MP135AAG3, STM32MP135CAE3, STM32MP135CAF3, STM32MP135CAG3, STM32MP135DAE7, STM32MP135DAF7, STM32MP135DAG7, STM32MP135F-DK, STM32MP135FAE7, STM32MP135FAF7, STM32MP135FAF7T, STM32MP135FAF7U, STM32MP135FAG7, STM32MP211AAL3, STM32MP211AAM3, STM32MP211AAN3, STM32MP211AAO3, STM32MP211CAL3, STM32MP211CAM3, STM32MP211CAN3, STM32MP211CAO3, STM32MP211DAL3, STM32MP211DAM3, STM32MP211DAN3, STM32MP211DAO3, STM32MP211FAL3, STM32MP211FAM3, STM32MP211FAN3, STM32MP211FAO3, STM32MP213AAL3, STM32MP213AAM3, STM32MP213AAN3, STM32MP213AAO3, STM32MP213CAL3, STM32MP213CAM3, STM32MP213CAN3, STM32MP213CAO3, STM32MP213DAL3, STM32MP213DAM3, STM32MP213DAN3, STM32MP213DAO3, STM32MP213FAL3, STM32MP213FAM3, STM32MP213FAN3, STM32MP213FAO3, STM32MP215AAL3, STM32MP215AAM3, STM32MP215AAN3, STM32MP215AAO3, STM32MP215CAL3, STM32MP215CAM3, STM32MP215CAN3, STM32MP215CAO3, STM32MP215DAL3, STM32MP215DAM3, STM32MP215DAN3, STM32MP215DAO3, STM32MP215F-DK, STM32MP215FAL3, STM32MP215FAM3, STM32MP215FAN3, STM32MP215FAO3, STM32MP231AAJ3, STM32MP231AAK3, STM32MP231AAL3, STM32MP231CAJ3, STM32MP231CAK3, STM32MP231CAL3, STM32MP231DAJ3, STM32MP231DAK3, STM32MP231DAL3, STM32MP231FAJ3, STM32MP231FAK3, STM32MP231FAL3, STM32MP233AAJ3, STM32MP233AAK3, STM32MP233AAL3, STM32MP233CAJ3, STM32MP233CAK3, STM32MP233CAL3, STM32MP233DAJ3, STM32MP233DAK3, STM32MP233DAL3, STM32MP233FAJ3, STM32MP233FAK3, STM32MP233FAL3, STM32MP235AAJ3, STM32MP235AAK3, STM32MP235AAL3, STM32MP235CAJ3, STM32MP235CAK3, STM32MP235CAL3, STM32MP235DAJ3, STM32MP235DAK3, STM32MP235DAL3, STM32MP235FAJ3, STM32MP235FAK3, STM32MP235FAL3, STM32MP251AAI3, STM32MP251AAK3, STM32MP251AAL3, STM32MP251CAI3, STM32MP251CAK3, STM32MP251CAL3, STM32MP251DAI3, STM32MP251DAK3, STM32MP251DAL3, STM32MP251FAI3, STM32MP251FAK3, STM32MP251FAL3, STM32MP253AAI3, STM32MP253AAK3, STM32MP253AAL3, STM32MP253CAI3, STM32MP253CAK3, STM32MP253CAL3, STM32MP253DAI3, STM32MP253DAK3, STM32MP253DAL3, STM32MP253FAI3, STM32MP253FAK3, STM32MP253FAL3, STM32MP255AAI3, STM32MP255AAK3, STM32MP255AAL3, STM32MP255CAI3, STM32MP255CAK3, STM32MP255CAL3, STM32MP255DAI3, STM32MP255DAK3, STM32MP255DAL3, STM32MP255FAI3, STM32MP255FAK3, STM32MP255FAL3, STM32MP257AAI3, STM32MP257AAK3, STM32MP257AAL3, STM32MP257CAI3, STM32MP257CAK3, STM32MP257CAL3, STM32MP257DAI3, STM32MP257DAK3, STM32MP257DAL3, STM32MP257F-DK, STM32MP257F-EV1, STM32MP257FAI3, STM32MP257FAK3, STM32MP257FAL3, STM32N645A0H3Q, STM32N645B0H3Q, STM32N645I0H3Q, STM32N645L0H3Q, STM32N645X0H3Q, STM32N645Z0H3Q, STM32N647A0H3Q, STM32N647B0H3Q, STM32N647I0H3Q, STM32N647L0H3Q, STM32N647X0H3Q, STM32N647Z0H3Q, STM32N655A0H3Q, STM32N655B0H3Q, STM32N655I0H3Q, STM32N655L0H3Q, STM32N655X0H3Q, STM32N655Z0H3Q, STM32N6570-DK, STM32N657A0H3Q, STM32N657B0H3Q, STM32N657I0H3Q, STM32N657L0H3Q, STM32N657X0H3Q, STM32N657Z0H3Q, STM32U031C6T6, STM32U031C6U6, STM32U031C8T6, STM32U031C8U6, STM32U031F4P6, STM32U031F6P6, STM32U031F8P6, STM32U031G6Y6TR, STM32U031G8Y6TR, STM32U031K4U6, STM32U031K6U6, STM32U031K8U6, STM32U031R6I6, STM32U031R6T6, STM32U031R8I6, STM32U031R8T6, STM32U073C8T6, STM32U073C8U6, STM32U073CBT6, STM32U073CBU6, STM32U073CCT6, STM32U073CCU6, STM32U073H8Y6TR, STM32U073HBY6TR, STM32U073HCY6TR, STM32U073K8U6, STM32U073KBU6, STM32U073KCU6, STM32U073M8I6, STM32U073M8T6, STM32U073MBI6, STM32U073MBT6, STM32U073MCI6, STM32U073MCT6, STM32U073R8I6, STM32U073R8T6, STM32U073RBI6, STM32U073RBT6, STM32U073RCI6, STM32U073RCT6, STM32U083C-DK, STM32U083CCT6, STM32U083CCU6, STM32U083HCY6TR, STM32U083KCU6, STM32U083MCI6, STM32U083MCT6, STM32U083RCI6, STM32U083RCT6, STM32U375CET6, STM32U375CET6Q, STM32U375CEU6, STM32U375CEU6Q, STM32U375CEY6QTR, STM32U375CGT6, STM32U375CGT6Q, STM32U375CGU6, STM32U375CGU6Q, STM32U375CGY6QTR, STM32U375KEU6, STM32U375KGU6, STM32U375REI6, STM32U375REI6Q, STM32U375RET6, STM32U375RET6Q, STM32U375REY6GTR, STM32U375REY6QTR, STM32U375RGI6, STM32U375RGI6Q, STM32U375RGT6, STM32U375RGT6Q, STM32U375RGY6GTR, STM32U375RGY6QTR, STM32U375VEI6, STM32U375VEI6Q, STM32U375VET6, STM32U375VET6Q, STM32U375VGI6, STM32U375VGI6Q, STM32U375VGT6, STM32U375VGT6Q, STM32U385CGT6, STM32U385CGT6Q, STM32U385CGU6, STM32U385CGU6Q, STM32U385CGY6QTR, STM32U385KGU6, STM32U385RGI6, STM32U385RGI6Q, STM32U385RGT6, STM32U385RGT6Q, STM32U385RGY6GTR, STM32U385RGY6QTR, STM32U385VGI6, STM32U385VGI6Q, STM32U385VGT6, STM32U385VGT6Q, STM32U535CBT6, STM32U535CBT6Q, STM32U535CBU6, STM32U535CBU6Q, STM32U535CCT6, STM32U535CCT6Q, STM32U535CCU6, STM32U535CCU6Q, STM32U535CET6, STM32U535CET6Q, STM32U535CEU6, STM32U535CEU6Q, STM32U535JEY6QTR, STM32U535NCY6QTR, STM32U535NEY6QTR, STM32U535RBI6, STM32U535RBI6Q, STM32U535RBT6, STM32U535RBT6Q, STM32U535RCI6, STM32U535RCI6Q, STM32U535RCT6, STM32U535RCT6Q, STM32U535REI6, STM32U535REI6Q, STM32U535RET6, STM32U535RET6Q, STM32U535VCI6, STM32U535VCI6Q, STM32U535VCT6, STM32U535VCT6Q, STM32U535VEI6, STM32U535VEI6Q, STM32U535VET6, STM32U535VET6Q, STM32U545CET6, STM32U545CET6Q, STM32U545CEU6, STM32U545CEU6Q, STM32U545JEY6QTR, STM32U545NEY6QTR, STM32U545REI6, STM32U545REI6Q, STM32U545RET6, STM32U545RET6Q, STM32U545VEI6, STM32U545VEI6Q, STM32U545VET6, STM32U545VET6Q, STM32U595AIH6, STM32U595AIH6Q, STM32U595AJH6, STM32U595AJH6Q, STM32U595QII6, STM32U595QII6Q, STM32U595QJI6, STM32U595QJI6Q, STM32U595RIT6, STM32U595RIT6Q, STM32U595RJT6, STM32U595RJT6Q, STM32U595VIT6, STM32U595VIT6Q, STM32U595VJT6, STM32U595VJT6Q, STM32U595ZIT6, STM32U595ZIT6Q, STM32U595ZIY6QTR, STM32U595ZJT6, STM32U595ZJT6Q, STM32U595ZJY6QTR, STM32U599BJY6QTR, STM32U599NIH6Q, STM32U599NJH6Q, STM32U599VIT6Q, STM32U599VJT6, STM32U599VJT6Q, STM32U599ZIT6Q, STM32U599ZIY6QTR, STM32U599ZJT6Q, STM32U599ZJY6QTR, STM32U5A5AJH6, STM32U5A5AJH6Q, STM32U5A5QII3Q , STM32U5A5QJI6, STM32U5A5QJI6Q, STM32U5A5RJT6, STM32U5A5RJT6Q, STM32U5A5VJT6, STM32U5A5VJT6Q, STM32U5A5ZJT6, STM32U5A5ZJT6Q, STM32U5A5ZJY6QTR, STM32U5A9BJY6QTR, STM32U5A9J-DK, STM32U5A9NJH6Q, STM32U5A9VJT6Q, STM32U5A9ZJT6Q, STM32U5A9ZJY6QTR, STM32U5F7VIT6, STM32U5F7VIT6Q, STM32U5F7VJT6, STM32U5F7VJT6Q, STM32U5F9BJY6QTR, STM32U5F9NJH6Q, STM32U5F9VIT6Q, STM32U5F9VJT6Q, STM32U5F9ZIJ6QTR, STM32U5F9ZIT6Q, STM32U5F9ZJJ6QTR, STM32U5F9ZJT6Q, STM32U5G7VJT6, STM32U5G7VJT6Q, STM32U5G9BJY6QTR, STM32U5G9J-DK1, STM32U5G9J-DK2, STM32U5G9NJH6Q, STM32U5G9VJT6Q, STM32U5G9ZJJ6QTR, STM32U5G9ZJT6Q, STM32WB05KZV6TR, STM32WB05KZV7TR, STM32WB05TZF6TR, STM32WB05TZF7TR, STM32WB06CCF6TR, STM32WB06CCF7TR, STM32WB06CCV6TR, STM32WB06CCV7TR, STM32WB06KCV6TR, STM32WB06KCV7TR, STM32WB07CCF6TR, STM32WB07CCF7TR, STM32WB07CCV6TR, STM32WB07CCV7TR, STM32WB07KCV6TR, STM32WB07KCV7TR, STM32WB09KEV6TR, STM32WB09KEV7TR, STM32WB09TEF6TR, STM32WB09TEF7TR, STM32WB1MMCH6, STM32WBA50KGU6, STM32WBA50KGU6TR, STM32WBA52CEU6, STM32WBA52CEU6TR, STM32WBA52CEU7, STM32WBA52CEU7TR, STM32WBA52CGU6, STM32WBA52CGU6TR, STM32WBA52CGU6U, STM32WBA52CGU7, STM32WBA52CGU7TR, STM32WBA52KEU6, STM32WBA52KEU6TR, STM32WBA52KGU6, STM32WBA52KGU6TR, STM32WBA54CEU6, STM32WBA54CEU6TR, STM32WBA54CEU7, STM32WBA54CEU7TR, STM32WBA54CGU6, STM32WBA54CGU6TR, STM32WBA54CGU7, STM32WBA54CGU7TR, STM32WBA54KEU6, STM32WBA54KEU6TR, STM32WBA54KEU7, STM32WBA54KEU7TR, STM32WBA54KGU6, STM32WBA54KGU6TR, STM32WBA54KGU7, STM32WBA54KGU7TR, STM32WBA55CEU6, STM32WBA55CEU6TR, STM32WBA55CEU7, STM32WBA55CEU7TR, STM32WBA55CGU6, STM32WBA55CGU6TR, STM32WBA55CGU6U, STM32WBA55CGU7, STM32WBA55CGU7TR, STM32WBA55G-DK1, STM32WBA55HEF6, STM32WBA55HEF7, STM32WBA55HGF6, STM32WBA55HGF7, STM32WBA55UEI6, STM32WBA55UEI6TR, STM32WBA55UEI7, STM32WBA55UEI7TR, STM32WBA55UGI6, STM32WBA55UGI6TR, STM32WBA55UGI7, STM32WBA55UGI7TR, STM32WBA5MMGH6TR, STM32WBA62MGF6, STM32WBA62MIF6, STM32WBA65MGF7, STM32WBA65MIF6, STM32WBA65MIF7, STM32WL30K8V6, STM32WL30KBV6, STM32WL31C8V6, STM32WL31CBV6, STM32WL31K8V6, STM32WL31KBV6, STM32WL33C8V6, STM32WL33C8V6X, STM32WL33CBV6, STM32WL33CBV6X, STM32WL33CCV6, STM32WL33CCV6A, STM32WL33CCV6X, STM32WL33K8V7, STM32WL33K8V7X, STM32WL33KBV7 , STM32WL33KBV7X, STM32WL33KCV7, STM32WL33KCV7X, STM32WL5MOCH6, STM32WL5MOCH6TR]
2025-11-24 11:57:33,029 [INFO] BoardInfo:889 - No configuration file found for board P-NUCLEO-WB55
2025-11-24 11:57:33,031 [INFO] DbBoards:161 - Kit is not supported: P-NUCLEO-WB55
2025-11-24 11:57:33,039 [INFO] BoardInfo:889 - No configuration file found for board STEVAL-BFA001V1B
2025-11-24 11:57:33,041 [INFO] DbBoards:161 - Kit is not supported: STEVAL-BFA001V1B
2025-11-24 11:57:33,042 [INFO] BoardInfo:889 - No configuration file found for board STEVAL-BFA001V2B
2025-11-24 11:57:33,044 [INFO] DbBoards:161 - Kit is not supported: STEVAL-BFA001V2B
2025-11-24 11:57:33,354 [INFO] DbBoards:168 - Found 212 boards, 209 are supported
2025-11-24 11:57:33,355 [INFO] DbBoards:169 - Found 212 boards, 43 of them is supported for  Bsp
2025-11-24 11:57:33,360 [INFO] ApiDb:668 - CubeFinder database Data Model version=2.1
2025-11-24 11:57:33,360 [INFO] ApiDb:669 - CubeFinder database Configuration version=3.0.39
2025-11-24 11:57:33,360 [INFO] ApiDb:670 - CubeFinder database generation date=2025-10-27 (1761571959)
2025-11-24 11:57:33,360 [INFO] ApiDb:671 - CubeFinder database FW Pack versions=[FP-ATR-ASTRA1_V2.0.0, FP-SNS-FLIGHT1_V5.1.0, FP-SNS-MOTENV1_V5.0.0, FP-SNS-MOTENVWB1_V1.4.0, FP-SNS-SMARTAG2_V1.2.0, FP-SNS-STBOX1_V2.1.0, STM32Cube_FW_C0_V1.4.0, STM32Cube_FW_F4_V1.28.3, STM32Cube_FW_F7_V1.17.4, STM32Cube_FW_G0_V1.6.2, STM32Cube_FW_G4_V1.6.1, STM32Cube_FW_H5_V1.5.0, STM32Cube_FW_H7RS_V1.2.0, STM32Cube_FW_H7_V1.12.1, STM32Cube_FW_L0_V1.12.2, STM32Cube_FW_L4_V1.18.1, STM32Cube_FW_L5_V1.5.1, STM32Cube_FW_N6_V1.2.0, STM32Cube_FW_U0_V1.3.0, STM32Cube_FW_U3_V1.2.1, STM32Cube_FW_U5_V1.8.0, STM32Cube_FW_WB0_V1.3.0, STM32Cube_FW_WBA_V1.7.0, STM32Cube_FW_WB_V1.23.0, STM32Cube_FW_WL3_V1.2.0, STM32Cube_FW_WL_V1.3.1, X-CUBE-ALGOBUILD_V1.4.0, X-CUBE-ALS_V1.0.2, X-CUBE-AZRTOS-F4_V1.1.0, X-CUBE-AZRTOS-F7_V1.1.0, X-CUBE-AZRTOS-G0_V1.1.0, X-CUBE-AZRTOS-G4_V2.0.0, X-CUBE-AZRTOS-H7RS_V1.1.0, X-CUBE-AZRTOS-H7_V3.4.0, X-CUBE-AZRTOS-L4_V2.0.0, X-CUBE-AZRTOS-L5_V2.0.0, X-CUBE-AZRTOS-WB_V2.0.0, X-CUBE-AZRTOS-WL_V2.0.0, X-CUBE-BLE1_V7.1.0, X-CUBE-BLE2_V3.3.0, X-CUBE-BLEMGR_V4.1.0, X-CUBE-EEPRMA1_V5.2.0, X-CUBE-FREERTOS_V1.3.1, X-CUBE-GNSS1_V6.0.0, X-CUBE-MEMS1_V11.3.0, X-CUBE-NFC4_V3.0.0, X-CUBE-NFC7_V2.0.0, X-CUBE-SFXS2LP1_V4.0.0, X-CUBE-ST67W61_V1.1.0, X-CUBE-SUBG2_V5.0.0, X-CUBE-TOF1_V3.4.3]
2025-11-24 11:57:36,989 [INFO] ApiDb:240 - Found 880 in-development CPN: [B-G473E-ZEST1S, B-WB1M-WPAN1, B-WBA5M-WPAN, B-WL5M-SUBG1, NUCLEO-C031C6, NUCLEO-C051C8, NUCLEO-C071RB, NUCLEO-C092RC, NUCLEO-H503RB, NUCLEO-H533RE, NUCLEO-H563ZI, NUCLEO-H7S3L8, NUCLEO-N657X0-Q, NUCLEO-U031R8, NUCLEO-U083RC, NUCLEO-U385RG-Q, NUCLEO-U545RE-Q, NUCLEO-U5A5ZJ-Q, NUCLEO-WB05KZ, NUCLEO-WB07CC, NUCLEO-WB09KE, NUCLEO-WBA52CG, NUCLEO-WBA55CG, NUCLEO-WL33CC1, NUCLEO-WL33CC2, STEVAL-PROTEUS1, STEVAL-SMARTAG2, STEVAL-STWINBX1, STM320518-EVAL, STM32C0116-DK, STM32C011D6Y3TR, STM32C011D6Y6TR, STM32C011F4P3, STM32C011F4P6, STM32C011F4U3, STM32C011F4U6TR, STM32C011F6P3, STM32C011F6P6, STM32C011F6U3, STM32C011F6U6TR, STM32C011J4M3, STM32C011J4M6, STM32C011J6M3, STM32C011J6M6, STM32C0316-DK, STM32C031C4T3, STM32C031C4T6, STM32C031C4U3, STM32C031C4U6, STM32C031C6T3, STM32C031C6T6, STM32C031C6U3, STM32C031C6U6, STM32C031F4P3, STM32C031F4P6, STM32C031F6P3, STM32C031F6P6, STM32C031G4U3, STM32C031G4U6, STM32C031G6U3, STM32C031G6U6, STM32C031K4T3, STM32C031K4T6, STM32C031K4U3, STM32C031K4U6, STM32C031K6T3, STM32C031K6T6, STM32C031K6U3, STM32C031K6U6, STM32C051C6T6, STM32C051C6U6, STM32C051C8T6, STM32C051C8U6, STM32C051D8Y6TR, STM32C051F6P6, STM32C051F8P6, STM32C051G6U6, STM32C051G8U6, STM32C051K6T6, STM32C051K6U6, STM32C051K8T6, STM32C071C8T6, STM32C071C8T6N, STM32C071C8U6, STM32C071C8U6N, STM32C071CBT6, STM32C071CBT6N, STM32C071CBU6, STM32C071CBU6N, STM32C071F8P6, STM32C071F8P6N, STM32C071FBP6, STM32C071FBP6N, STM32C071FBY6TR, STM32C071G8U6, STM32C071G8U6N, STM32C071GBU6, STM32C071GBU6N, STM32C071K8T6, STM32C071K8T6N, STM32C071K8U6, STM32C071K8U6N, STM32C071KBT6, STM32C071KBT6N, STM32C071KBU6, STM32C071KBU6N, STM32C071R8T6, STM32C071R8T6N, STM32C071RBI6N, STM32C071RBT6, STM32C071RBT6N, STM32C091CBT6, STM32C091CBU6, STM32C091CCT6, STM32C091CCU6, STM32C091ECY6TR, STM32C091FBP6, STM32C091FCP6, STM32C091GBU6, STM32C091GCU6, STM32C091KBT6, STM32C091KBU6, STM32C091KCT6, STM32C091KCU6, STM32C091RBT6, STM32C091RCI6, STM32C091RCT6, STM32C092CBT6, STM32C092CBU6, STM32C092CCT6, STM32C092CCU6, STM32C092ECY6TR, STM32C092FBP6, STM32C092FCP6, STM32C092GBU6, STM32C092GCU6, STM32C092KBT6, STM32C092KBU6, STM32C092KCT6, STM32C092KCU6, STM32C092RBT6, STM32C092RCI6, STM32C092RCT6, STM32G071K8TXN, STM32G071K8UXN, STM32G081GBU6N, STM32G081KBT6N, STM32G081KBUXN, STM32G0B1CCT6N, STM32G0B1KCT6, STM32G0B1NEY6TR, STM32G0B1RCT6N, STM32G0C1CCT6, STM32G0C1CCT6N, STM32G0C1CCU6N, STM32G0C1CET6N, STM32G0C1CEU6N, STM32G0C1KCT6, STM32G0C1NEY6TR, STM32G0C1RCI6N, STM32G0C1RCT6N, STM32G0C1REI6N, STM32G0C1RET6N, STM32G0C1VCI6, STM32G0C1VEI6, STM32G411C6T3, STM32G411C6T6, STM32G411C6U3, STM32G411C6U6, STM32G411C8T3, STM32G411C8T6, STM32G411C8U3, STM32G411C8U6, STM32G411CBT3, STM32G411CBT6, STM32G411CBU3, STM32G411CBU6, STM32G411K6T3, STM32G411K6T6, STM32G411K6U3, STM32G411K6U6, STM32G411K8T3, STM32G411K8T6, STM32G411K8U3, STM32G411K8U6, STM32G411KBT3, STM32G411KBT6, STM32G411KBU3, STM32G411KBU6, STM32G411M6T3, STM32G411M6T6, STM32G411M8T3, STM32G411M8T6, STM32G411MBT3, STM32G411MBT6, STM32G411R6T3, STM32G411R6T6, STM32G411R8T3, STM32G411R8T6, STM32G411RBT3, STM32G411RBT6, STM32G414CBT3, STM32G414CBT6, STM32G414CBU3, STM32G414CBU6, STM32G414CCT3, STM32G414CCT6, STM32G414CCU3, STM32G414CCU6, STM32G414MBT3, STM32G414MBT6, STM32G414MCT3, STM32G414MCT6, STM32G414RBT3, STM32G414RBT6, STM32G414RCT3, STM32G414RCT6, STM32G414VBT3, STM32G414VBT6, STM32G414VCT3, STM32G414VCT6, STM32G431CBT3Z, STM32G431RBT3Z, STM32G471CCT6, STM32G471CCU6, STM32G471CET3, STM32G471CET6, STM32G471CEU3, STM32G471CEU6, STM32G471MCT6, STM32G471MET3, STM32G471MET6, STM32G471MEY6TR, STM32G471QCT6, STM32G471QET3, STM32G471RCT6, STM32G471RET3, STM32G471RET6, STM32G471VCH6, STM32G471VCI6, STM32G471VCT6, STM32G471VEH3, STM32G471VEH6, STM32G471VEI3, STM32G471VEI6, STM32G471VET3, STM32G471VET6, STM32G473QET3Z, STM32G473RET3Z, STM32G474CCT6, STM32G491RET3Z, STM32H503CBT6, STM32H503CBU6, STM32H503EBY6TR, STM32H503KBU6, STM32H503RBT6, STM32H523CCT6, STM32H523CCU6, STM32H523CET6, STM32H523CEU6, STM32H523HEY6TR, STM32H523RCT6, STM32H523RET6, STM32H523VCI6, STM32H523VCT6, STM32H523VEI6, STM32H523VET6, STM32H523ZCJ6, STM32H523ZCT6, STM32H523ZEJ6, STM32H523ZET6, STM32H533CET6, STM32H533CEU6, STM32H533HEY6TR, STM32H533RET6, STM32H533VEI6, STM32H533VET6, STM32H533ZEJ6, STM32H533ZET6, STM32H562AGI6, STM32H562AII6, STM32H562IGK6, STM32H562IGT6, STM32H562IIK6, STM32H562IIT6, STM32H562RGT6, STM32H562RGV6, STM32H562RIT6, STM32H562RIV6, STM32H562VGT6, STM32H562VIT6, STM32H562ZGT6, STM32H562ZIT6, STM32H563AGI6, STM32H563AII3Q, STM32H563AII6, STM32H563IGK6, STM32H563IGT6, STM32H563IIK3Q, STM32H563IIK6, STM32H563IIT3Q, STM32H563IIT6, STM32H563MIY3QTR, STM32H563RGT6, STM32H563RGV6, STM32H563RIT6, STM32H563RIV6, STM32H563VGT6, STM32H563VIT3Q, STM32H563VIT6, STM32H563ZGT6, STM32H563ZIT3Q, STM32H563ZIT6, STM32H573AII3Q, STM32H573AII6, STM32H573I-DK, STM32H573IIK3Q, STM32H573IIK6, STM32H573IIT3Q, STM32H573IIT6, STM32H573MIY3QTR, STM32H573RIT6, STM32H573RIV6, STM32H573VIT3Q, STM32H573VIT6, STM32H573ZIT3Q, STM32H573ZIT6, STM32H7R3A8I6, STM32H7R3I8K6, STM32H7R3I8T6, STM32H7R3L8H6, STM32H7R3L8H6H, STM32H7R3R8V6, STM32H7R3V8H6, STM32H7R3V8T6, STM32H7R3V8Y6TR, STM32H7R3Z8J6, STM32H7R3Z8T6, STM32H7R7A8I6, STM32H7R7I8K6, STM32H7R7I8T6, STM32H7R7L8H6, STM32H7R7L8H6H, STM32H7R7Z8J6, STM32H7S3A8I6, STM32H7S3I8K6, STM32H7S3I8T6, STM32H7S3L8H6, STM32H7S3L8H6H, STM32H7S3R8V6, STM32H7S3V8H6, STM32H7S3V8T6, STM32H7S3V8Y6TR, STM32H7S3Z8J6, STM32H7S3Z8T6, STM32H7S78-DK, STM32H7S7A8I6, STM32H7S7I8K6, STM32H7S7I8T6, STM32H7S7L8H6, STM32H7S7L8H6H, STM32H7S7Z8J6, STM32L4R5QGI6STR, STM32MP131AAE3, STM32MP131AAF3, STM32MP131AAG3, STM32MP131CAE3, STM32MP131CAF3, STM32MP131CAG3, STM32MP131DAE7, STM32MP131DAF7, STM32MP131DAG7, STM32MP131FAE7, STM32MP131FAF7, STM32MP131FAG7, STM32MP133AAE3, STM32MP133AAF3, STM32MP133AAG3, STM32MP133CAE3, STM32MP133CAF3, STM32MP133CAG3, STM32MP133DAE7, STM32MP133DAF7, STM32MP133DAG7, STM32MP133FAE7, STM32MP133FAF7, STM32MP133FAG7, STM32MP135AAE3, STM32MP135AAF3, STM32MP135AAG3, STM32MP135CAE3, STM32MP135CAF3, STM32MP135CAG3, STM32MP135DAE7, STM32MP135DAF7, STM32MP135DAG7, STM32MP135F-DK, STM32MP135FAE7, STM32MP135FAF7, STM32MP135FAF7T, STM32MP135FAF7U, STM32MP135FAG7, STM32MP211AAL3, STM32MP211AAM3, STM32MP211AAN3, STM32MP211AAO3, STM32MP211CAL3, STM32MP211CAM3, STM32MP211CAN3, STM32MP211CAO3, STM32MP211DAL3, STM32MP211DAM3, STM32MP211DAN3, STM32MP211DAO3, STM32MP211FAL3, STM32MP211FAM3, STM32MP211FAN3, STM32MP211FAO3, STM32MP213AAL3, STM32MP213AAM3, STM32MP213AAN3, STM32MP213AAO3, STM32MP213CAL3, STM32MP213CAM3, STM32MP213CAN3, STM32MP213CAO3, STM32MP213DAL3, STM32MP213DAM3, STM32MP213DAN3, STM32MP213DAO3, STM32MP213FAL3, STM32MP213FAM3, STM32MP213FAN3, STM32MP213FAO3, STM32MP215AAL3, STM32MP215AAM3, STM32MP215AAN3, STM32MP215AAO3, STM32MP215CAL3, STM32MP215CAM3, STM32MP215CAN3, STM32MP215CAO3, STM32MP215DAL3, STM32MP215DAM3, STM32MP215DAN3, STM32MP215DAO3, STM32MP215F-DK, STM32MP215FAL3, STM32MP215FAM3, STM32MP215FAN3, STM32MP215FAO3, STM32MP231AAJ3, STM32MP231AAK3, STM32MP231AAL3, STM32MP231CAJ3, STM32MP231CAK3, STM32MP231CAL3, STM32MP231DAJ3, STM32MP231DAK3, STM32MP231DAL3, STM32MP231FAJ3, STM32MP231FAK3, STM32MP231FAL3, STM32MP233AAJ3, STM32MP233AAK3, STM32MP233AAL3, STM32MP233CAJ3, STM32MP233CAK3, STM32MP233CAL3, STM32MP233DAJ3, STM32MP233DAK3, STM32MP233DAL3, STM32MP233FAJ3, STM32MP233FAK3, STM32MP233FAL3, STM32MP235AAJ3, STM32MP235AAK3, STM32MP235AAL3, STM32MP235CAJ3, STM32MP235CAK3, STM32MP235CAL3, STM32MP235DAJ3, STM32MP235DAK3, STM32MP235DAL3, STM32MP235FAJ3, STM32MP235FAK3, STM32MP235FAL3, STM32MP251AAI3, STM32MP251AAK3, STM32MP251AAL3, STM32MP251CAI3, STM32MP251CAK3, STM32MP251CAL3, STM32MP251DAI3, STM32MP251DAK3, STM32MP251DAL3, STM32MP251FAI3, STM32MP251FAK3, STM32MP251FAL3, STM32MP253AAI3, STM32MP253AAK3, STM32MP253AAL3, STM32MP253CAI3, STM32MP253CAK3, STM32MP253CAL3, STM32MP253DAI3, STM32MP253DAK3, STM32MP253DAL3, STM32MP253FAI3, STM32MP253FAK3, STM32MP253FAL3, STM32MP255AAI3, STM32MP255AAK3, STM32MP255AAL3, STM32MP255CAI3, STM32MP255CAK3, STM32MP255CAL3, STM32MP255DAI3, STM32MP255DAK3, STM32MP255DAL3, STM32MP255FAI3, STM32MP255FAK3, STM32MP255FAL3, STM32MP257AAI3, STM32MP257AAK3, STM32MP257AAL3, STM32MP257CAI3, STM32MP257CAK3, STM32MP257CAL3, STM32MP257DAI3, STM32MP257DAK3, STM32MP257DAL3, STM32MP257F-DK, STM32MP257F-EV1, STM32MP257FAI3, STM32MP257FAK3, STM32MP257FAL3, STM32N645A0H3Q, STM32N645B0H3Q, STM32N645I0H3Q, STM32N645L0H3Q, STM32N645X0H3Q, STM32N645Z0H3Q, STM32N647A0H3Q, STM32N647B0H3Q, STM32N647I0H3Q, STM32N647L0H3Q, STM32N647X0H3Q, STM32N647Z0H3Q, STM32N655A0H3Q, STM32N655B0H3Q, STM32N655I0H3Q, STM32N655L0H3Q, STM32N655X0H3Q, STM32N655Z0H3Q, STM32N6570-DK, STM32N657A0H3Q, STM32N657B0H3Q, STM32N657I0H3Q, STM32N657L0H3Q, STM32N657X0H3Q, STM32N657Z0H3Q, STM32U031C6T6, STM32U031C6U6, STM32U031C8T6, STM32U031C8U6, STM32U031F4P6, STM32U031F6P6, STM32U031F8P6, STM32U031G6Y6TR, STM32U031G8Y6TR, STM32U031K4U6, STM32U031K6U6, STM32U031K8U6, STM32U031R6I6, STM32U031R6T6, STM32U031R8I6, STM32U031R8T6, STM32U073C8T6, STM32U073C8U6, STM32U073CBT6, STM32U073CBU6, STM32U073CCT6, STM32U073CCU6, STM32U073H8Y6TR, STM32U073HBY6TR, STM32U073HCY6TR, STM32U073K8U6, STM32U073KBU6, STM32U073KCU6, STM32U073M8I6, STM32U073M8T6, STM32U073MBI6, STM32U073MBT6, STM32U073MCI6, STM32U073MCT6, STM32U073R8I6, STM32U073R8T6, STM32U073RBI6, STM32U073RBT6, STM32U073RCI6, STM32U073RCT6, STM32U083C-DK, STM32U083CCT6, STM32U083CCU6, STM32U083HCY6TR, STM32U083KCU6, STM32U083MCI6, STM32U083MCT6, STM32U083RCI6, STM32U083RCT6, STM32U375CET6, STM32U375CET6Q, STM32U375CEU6, STM32U375CEU6Q, STM32U375CEY6QTR, STM32U375CGT6, STM32U375CGT6Q, STM32U375CGU6, STM32U375CGU6Q, STM32U375CGY6QTR, STM32U375KEU6, STM32U375KGU6, STM32U375REI6, STM32U375REI6Q, STM32U375RET6, STM32U375RET6Q, STM32U375REY6GTR, STM32U375REY6QTR, STM32U375RGI6, STM32U375RGI6Q, STM32U375RGT6, STM32U375RGT6Q, STM32U375RGY6GTR, STM32U375RGY6QTR, STM32U375VEI6, STM32U375VEI6Q, STM32U375VET6, STM32U375VET6Q, STM32U375VGI6, STM32U375VGI6Q, STM32U375VGT6, STM32U375VGT6Q, STM32U385CGT6, STM32U385CGT6Q, STM32U385CGU6, STM32U385CGU6Q, STM32U385CGY6QTR, STM32U385KGU6, STM32U385RGI6, STM32U385RGI6Q, STM32U385RGT6, STM32U385RGT6Q, STM32U385RGY6GTR, STM32U385RGY6QTR, STM32U385VGI6, STM32U385VGI6Q, STM32U385VGT6, STM32U385VGT6Q, STM32U535CBT6, STM32U535CBT6Q, STM32U535CBU6, STM32U535CBU6Q, STM32U535CCT6, STM32U535CCT6Q, STM32U535CCU6, STM32U535CCU6Q, STM32U535CET6, STM32U535CET6Q, STM32U535CEU6, STM32U535CEU6Q, STM32U535JEY6QTR, STM32U535NCY6QTR, STM32U535NEY6QTR, STM32U535RBI6, STM32U535RBI6Q, STM32U535RBT6, STM32U535RBT6Q, STM32U535RCI6, STM32U535RCI6Q, STM32U535RCT6, STM32U535RCT6Q, STM32U535REI6, STM32U535REI6Q, STM32U535RET6, STM32U535RET6Q, STM32U535VCI6, STM32U535VCI6Q, STM32U535VCT6, STM32U535VCT6Q, STM32U535VEI6, STM32U535VEI6Q, STM32U535VET6, STM32U535VET6Q, STM32U545CET6, STM32U545CET6Q, STM32U545CEU6, STM32U545CEU6Q, STM32U545JEY6QTR, STM32U545NEY6QTR, STM32U545REI6, STM32U545REI6Q, STM32U545RET6, STM32U545RET6Q, STM32U545VEI6, STM32U545VEI6Q, STM32U545VET6, STM32U545VET6Q, STM32U595AIH6, STM32U595AIH6Q, STM32U595AJH6, STM32U595AJH6Q, STM32U595QII6, STM32U595QII6Q, STM32U595QJI6, STM32U595QJI6Q, STM32U595RIT6, STM32U595RIT6Q, STM32U595RJT6, STM32U595RJT6Q, STM32U595VIT6, STM32U595VIT6Q, STM32U595VJT6, STM32U595VJT6Q, STM32U595ZIT6, STM32U595ZIT6Q, STM32U595ZIY6QTR, STM32U595ZJT6, STM32U595ZJT6Q, STM32U595ZJY6QTR, STM32U599BJY6QTR, STM32U599NIH6Q, STM32U599NJH6Q, STM32U599VIT6Q, STM32U599VJT6, STM32U599VJT6Q, STM32U599ZIT6Q, STM32U599ZIY6QTR, STM32U599ZJT6Q, STM32U599ZJY6QTR, STM32U5A5AJH6, STM32U5A5AJH6Q, STM32U5A5QII3Q , STM32U5A5QJI6, STM32U5A5QJI6Q, STM32U5A5RJT6, STM32U5A5RJT6Q, STM32U5A5VJT6, STM32U5A5VJT6Q, STM32U5A5ZJT6, STM32U5A5ZJT6Q, STM32U5A5ZJY6QTR, STM32U5A9BJY6QTR, STM32U5A9J-DK, STM32U5A9NJH6Q, STM32U5A9VJT6Q, STM32U5A9ZJT6Q, STM32U5A9ZJY6QTR, STM32U5F7VIT6, STM32U5F7VIT6Q, STM32U5F7VJT6, STM32U5F7VJT6Q, STM32U5F9BJY6QTR, STM32U5F9NJH6Q, STM32U5F9VIT6Q, STM32U5F9VJT6Q, STM32U5F9ZIJ6QTR, STM32U5F9ZIT6Q, STM32U5F9ZJJ6QTR, STM32U5F9ZJT6Q, STM32U5G7VJT6, STM32U5G7VJT6Q, STM32U5G9BJY6QTR, STM32U5G9J-DK1, STM32U5G9J-DK2, STM32U5G9NJH6Q, STM32U5G9VJT6Q, STM32U5G9ZJJ6QTR, STM32U5G9ZJT6Q, STM32WB05KZV6TR, STM32WB05KZV7TR, STM32WB05TZF6TR, STM32WB05TZF7TR, STM32WB06CCF6TR, STM32WB06CCF7TR, STM32WB06CCV6TR, STM32WB06CCV7TR, STM32WB06KCV6TR, STM32WB06KCV7TR, STM32WB07CCF6TR, STM32WB07CCF7TR, STM32WB07CCV6TR, STM32WB07CCV7TR, STM32WB07KCV6TR, STM32WB07KCV7TR, STM32WB09KEV6TR, STM32WB09KEV7TR, STM32WB09TEF6TR, STM32WB09TEF7TR, STM32WB1MMCH6, STM32WBA50KGU6, STM32WBA50KGU6TR, STM32WBA52CEU6, STM32WBA52CEU6TR, STM32WBA52CEU7, STM32WBA52CEU7TR, STM32WBA52CGU6, STM32WBA52CGU6TR, STM32WBA52CGU6U, STM32WBA52CGU7, STM32WBA52CGU7TR, STM32WBA52KEU6, STM32WBA52KEU6TR, STM32WBA52KGU6, STM32WBA52KGU6TR, STM32WBA54CEU6, STM32WBA54CEU6TR, STM32WBA54CEU7, STM32WBA54CEU7TR, STM32WBA54CGU6, STM32WBA54CGU6TR, STM32WBA54CGU7, STM32WBA54CGU7TR, STM32WBA54KEU6, STM32WBA54KEU6TR, STM32WBA54KEU7, STM32WBA54KEU7TR, STM32WBA54KGU6, STM32WBA54KGU6TR, STM32WBA54KGU7, STM32WBA54KGU7TR, STM32WBA55CEU6, STM32WBA55CEU6TR, STM32WBA55CEU7, STM32WBA55CEU7TR, STM32WBA55CGU6, STM32WBA55CGU6TR, STM32WBA55CGU6U, STM32WBA55CGU7, STM32WBA55CGU7TR, STM32WBA55G-DK1, STM32WBA55HEF6, STM32WBA55HEF7, STM32WBA55HGF6, STM32WBA55HGF7, STM32WBA55UEI6, STM32WBA55UEI6TR, STM32WBA55UEI7, STM32WBA55UEI7TR, STM32WBA55UGI6, STM32WBA55UGI6TR, STM32WBA55UGI7, STM32WBA55UGI7TR, STM32WBA5MMGH6TR, STM32WBA62MGF6, STM32WBA62MIF6, STM32WBA65MGF7, STM32WBA65MIF6, STM32WBA65MIF7, STM32WL30K8V6, STM32WL30KBV6, STM32WL31C8V6, STM32WL31CBV6, STM32WL31K8V6, STM32WL31KBV6, STM32WL33C8V6, STM32WL33C8V6X, STM32WL33CBV6, STM32WL33CBV6X, STM32WL33CCV6, STM32WL33CCV6A, STM32WL33CCV6X, STM32WL33K8V7, STM32WL33K8V7X, STM32WL33KBV7 , STM32WL33KBV7X, STM32WL33KCV7, STM32WL33KCV7X, STM32WL5MOCH6, STM32WL5MOCH6TR]
2025-11-24 11:57:36,997 [INFO] DbMcus:218 - Found 4801 MCUs, 4801 are supported
2025-11-24 11:57:36,998 [INFO] ApiDb:423 - Load user favorites file C:\Users\jansu/.stm32cubeide/favorites.mcus.txt: 2 item(s)
2025-11-24 11:57:36,999 [INFO] ApiDb:427 - User favorites MCUs=[STM32C031C6U6, STM32F030C8T6]
2025-11-24 11:57:36,999 [INFO] DbMcus:224 - Set 2 / 2 favorites MCUs
2025-11-24 11:57:37,489 [INFO] ApiDb:423 - Load user favorites file C:\Users\jansu/.stm32cubeide/favorites.boards.txt: 0 item(s)
2025-11-24 11:57:37,489 [INFO] ApiDb:427 - User favorites Boards=[]
2025-11-24 11:57:37,489 [INFO] DbBoards:198 - Set 0 / 0 favorites Boards
2025-11-24 11:57:37,576 [INFO] UtilMem:75 - End LoadConfig() Used Memory: 235436880 Bytes (348127232)
2025-11-24 11:57:37,775 [WARN] ThirdParty:833 - waiting for thirdparty lock release [change project]
2025-11-24 11:57:37,775 [INFO] ThirdParty:835 - entering critical section [change project]
2025-11-24 11:57:37,776 [INFO] ThirdParty:1030 - CMSIS Pack Vendor :STMicroelectronics X-CUBE-PM33A1 1.0.0
2025-11-24 11:57:37,776 [INFO] ThirdParty:1030 - CMSIS Pack Vendor :STMicroelectronics USBPD 4.1
2025-11-24 11:57:37,776 [INFO] ThirdParty:1030 - CMSIS Pack Vendor :STMicroelectronics X-CUBE-NFC9 1.0.0
2025-11-24 11:57:37,776 [INFO] ThirdParty:1030 - CMSIS Pack Vendor :STMicroelectronics USB_HOST 2.0.0
2025-11-24 11:57:37,776 [INFO] ThirdParty:1030 - CMSIS Pack Vendor :STMicroelectronics FP-SNS-MOTENVWB1 1.4.0
2025-11-24 11:57:37,776 [INFO] ThirdParty:1030 - CMSIS Pack Vendor :STMicroelectronics X-CUBE-AZRTOS-F4 1.1.0
2025-11-24 11:57:37,776 [INFO] ThirdParty:1030 - CMSIS Pack Vendor :STMicroelectronics LIBJPEG 8.0.0
2025-11-24 11:57:37,776 [INFO] ThirdParty:1030 - CMSIS Pack Vendor :STMicroelectronics FP-ATR-ASTRA1 2.0.2
2025-11-24 11:57:37,776 [INFO] ThirdParty:1030 - CMSIS Pack Vendor :wolfSSL I-CUBE-wolfSSL 5.8.2
2025-11-24 11:57:37,776 [INFO] ThirdParty:1030 - CMSIS Pack Vendor :STMicroelectronics X-CUBE-BLE1 7.1.0
2025-11-24 11:57:37,776 [INFO] ThirdParty:1030 - CMSIS Pack Vendor :Avnet-IotConnect X-CUBE-IoTC-DA16k-PMOD 1.0.0
2025-11-24 11:57:37,776 [INFO] ThirdParty:1030 - CMSIS Pack Vendor :STMicroelectronics X-CUBE-SMBUS 2.1.0
2025-11-24 11:57:37,776 [INFO] ThirdParty:1030 - CMSIS Pack Vendor :wolfSSL I-CUBE-wolfMQTT 1.19.2
2025-11-24 11:57:37,776 [INFO] ThirdParty:1030 - CMSIS Pack Vendor :STMicroelectronics USB_DEVICE 3.0.0
2025-11-24 11:57:37,776 [INFO] ThirdParty:1030 - CMSIS Pack Vendor :STMicroelectronics X-CUBE-ISPU 2.1.0
2025-11-24 11:57:37,776 [INFO] ThirdParty:1030 - CMSIS Pack Vendor :STMicroelectronics X-CUBE-EEPRMA1 5.2.0
2025-11-24 11:57:37,776 [INFO] ThirdParty:1030 - CMSIS Pack Vendor :STMicroelectronics X-CUBE-IPS 3.2.0
2025-11-24 11:57:37,776 [INFO] ThirdParty:1030 - CMSIS Pack Vendor :STMicroelectronics X-CUBE-BLEMGR 4.1.0
2025-11-24 11:57:37,776 [INFO] ThirdParty:1030 - CMSIS Pack Vendor :STMicroelectronics X-CUBE-AZRTOS-WB 2.0.0
2025-11-24 11:57:37,776 [INFO] ThirdParty:1030 - CMSIS Pack Vendor :STMicroelectronics X-CUBE-ST60 1.0.0
2025-11-24 11:57:37,776 [INFO] ThirdParty:1030 - CMSIS Pack Vendor :STMicroelectronics X-CUBE-GNSS1 7.0.1
2025-11-24 11:57:37,776 [INFO] ThirdParty:1030 - CMSIS Pack Vendor :STMicroelectronics X-CUBE-NFC12 1.0.0
2025-11-24 11:57:37,776 [INFO] ThirdParty:1030 - CMSIS Pack Vendor :STMicroelectronics X-CUBE-AZRTOS-F7 1.1.0
2025-11-24 11:57:37,776 [INFO] ThirdParty:1030 - CMSIS Pack Vendor :STMicroelectronics X-CUBE-AZRTOS-L5 2.0.0
2025-11-24 11:57:37,776 [INFO] ThirdParty:1030 - CMSIS Pack Vendor :STMicroelectronics X-CUBE-TOUCHGFX 4.25.0
2025-11-24 11:57:37,776 [INFO] ThirdParty:1030 - CMSIS Pack Vendor :STMicroelectronics USB_DEVICE 2.0.0
2025-11-24 11:57:37,776 [INFO] ThirdParty:1030 - CMSIS Pack Vendor :STMicroelectronics X-CUBE-NFC6 3.1.0
2025-11-24 11:57:37,776 [INFO] ThirdParty:1030 - CMSIS Pack Vendor :STMicroelectronics X-CUBE-ST67W61 1.1.0
2025-11-24 11:57:37,776 [INFO] ThirdParty:1030 - CMSIS Pack Vendor :quantropi X-CUBE-qispace-sdk-base 2.1.0
2025-11-24 11:57:37,776 [INFO] ThirdParty:1030 - CMSIS Pack Vendor :STMicroelectronics FP-SNS-MOTENV1 5.1.0
2025-11-24 11:57:37,776 [INFO] ThirdParty:1030 - CMSIS Pack Vendor :STMicroelectronics FreeRTOS 0.0.1
2025-11-24 11:57:37,777 [INFO] ThirdParty:1030 - CMSIS Pack Vendor :STMicroelectronics X-CUBE-AZRTOS-G0 1.1.0
2025-11-24 11:57:37,777 [INFO] ThirdParty:1030 - CMSIS Pack Vendor :STMicroelectronics X-CUBE-SAFEA1 1.2.2
2025-11-24 11:57:37,777 [INFO] ThirdParty:1030 - CMSIS Pack Vendor :STMicroelectronics X-CUBE-NFC4 3.0.0
2025-11-24 11:57:37,777 [INFO] ThirdParty:1030 - CMSIS Pack Vendor :STMicroelectronics X-CUBE-SUBG2 5.0.0
2025-11-24 11:57:37,777 [INFO] ThirdParty:1030 - CMSIS Pack Vendor :STMicroelectronics X-CUBE-AZRTOS-H7RS 1.1.0
2025-11-24 11:57:37,777 [INFO] ThirdParty:1030 - CMSIS Pack Vendor :STMicroelectronics STM32_WPAN 1.0.0
2025-11-24 11:57:37,777 [INFO] ThirdParty:1030 - CMSIS Pack Vendor :EmbeddedOffice I-CUBE-FS-RTOS 1.0.1
2025-11-24 11:57:37,777 [INFO] ThirdParty:1030 - CMSIS Pack Vendor :STMicroelectronics lwIP 2.0.3
2025-11-24 11:57:37,777 [INFO] ThirdParty:1030 - CMSIS Pack Vendor :WES I-CUBE-Cesium 1.4.0
2025-11-24 11:57:37,777 [INFO] ThirdParty:1030 - CMSIS Pack Vendor :Cesanta I-CUBE-Mongoose 7.13.0
2025-11-24 11:57:37,777 [INFO] ThirdParty:1030 - CMSIS Pack Vendor :STMicroelectronics USB_HOST 1.0.0
2025-11-24 11:57:37,777 [INFO] ThirdParty:1030 - CMSIS Pack Vendor :Infineon AIROC-Wi-Fi-Bluetooth-STM32 1.7.1
2025-11-24 11:57:37,777 [INFO] ThirdParty:1030 - CMSIS Pack Vendor :STMicroelectronics X-CUBE-AZRTOS-G4 2.0.0
2025-11-24 11:57:37,777 [INFO] ThirdParty:1030 - CMSIS Pack Vendor :STMicroelectronics X-CUBE-WB05N 2.0.0
2025-11-24 11:57:37,777 [INFO] ThirdParty:1030 - CMSIS Pack Vendor :STMicroelectronics PDM2PCM 3.1.0
2025-11-24 11:57:37,777 [INFO] ThirdParty:1030 - CMSIS Pack Vendor :STMicroelectronics PDM2PCM 3.3.0
2025-11-24 11:57:37,777 [INFO] ThirdParty:1030 - CMSIS Pack Vendor :wolfSSL I-CUBE-wolfTPM 3.8.0
2025-11-24 11:57:37,777 [INFO] ThirdParty:1030 - CMSIS Pack Vendor :STMicroelectronics X-CUBE-AZRTOS-H7 3.4.0
2025-11-24 11:57:37,777 [INFO] ThirdParty:1030 - CMSIS Pack Vendor :STMicroelectronics X-CUBE-DISPLAY 3.0.0
2025-11-24 11:57:37,778 [INFO] ThirdParty:1030 - CMSIS Pack Vendor :wolfSSL I-CUBE-wolfSSH 1.4.20
2025-11-24 11:57:37,778 [INFO] ThirdParty:1030 - CMSIS Pack Vendor :STMicroelectronics X-CUBE-NFC7 2.0.0
2025-11-24 11:57:37,778 [INFO] ThirdParty:1030 - CMSIS Pack Vendor :STMicroelectronics X-CUBE-TCPP 4.2.0
2025-11-24 11:57:37,778 [INFO] ThirdParty:1030 - CMSIS Pack Vendor :RealThread X-CUBE-RT-Thread_Nano 4.1.1
2025-11-24 11:57:37,778 [INFO] ThirdParty:1030 - CMSIS Pack Vendor :STMicroelectronics FP-ATR-SIGFOX1 3.2.0
2025-11-24 11:57:37,778 [INFO] ThirdParty:1030 - CMSIS Pack Vendor :STMicroelectronics X-CUBE-NFC10 1.0.0
2025-11-24 11:57:37,778 [INFO] ThirdParty:1030 - CMSIS Pack Vendor :STMicroelectronics X-CUBE-FREERTOS 1.3.1
2025-11-24 11:57:37,778 [INFO] ThirdParty:1030 - CMSIS Pack Vendor :STMicroelectronics HAL Drivers 0.0.0
2025-11-24 11:57:37,778 [INFO] ThirdParty:1030 - CMSIS Pack Vendor :STMicroelectronics MBEDTLS 2.16.2
2025-11-24 11:57:37,778 [INFO] ThirdParty:1030 - CMSIS Pack Vendor :STMicroelectronics X-CUBE-ST60 1.1.0
2025-11-24 11:57:37,778 [INFO] ThirdParty:1030 - CMSIS Pack Vendor :STMicroelectronics X-CUBE-IPS 3.1.0
2025-11-24 11:57:37,778 [INFO] ThirdParty:1030 - CMSIS Pack Vendor :STMicroelectronics X-CUBE-ALS 1.0.2
2025-11-24 11:57:37,778 [INFO] ThirdParty:1030 - CMSIS Pack Vendor :emotas I-CUBE-CANOPEN 1.3.0
2025-11-24 11:57:37,778 [INFO] ThirdParty:1030 - CMSIS Pack Vendor :STMicroelectronics MBEDTLS 2.14.1
2025-11-24 11:57:37,778 [INFO] ThirdParty:1030 - CMSIS Pack Vendor :STMicroelectronics X-CUBE-GNSS1 7.1.0
2025-11-24 11:57:37,778 [INFO] ThirdParty:1030 - CMSIS Pack Vendor :ITTIA_DB I-CUBE-ITTIADB 8.9.0
2025-11-24 11:57:37,778 [INFO] ThirdParty:1030 - CMSIS Pack Vendor :STMicroelectronics X-CUBE-TOUCHGFX 4.26.0
2025-11-24 11:57:37,778 [INFO] ThirdParty:1030 - CMSIS Pack Vendor :STMicroelectronics X-CUBE-STSE01 1.0.0
2025-11-24 11:57:37,778 [INFO] ThirdParty:1030 - CMSIS Pack Vendor :STMicroelectronics X-CUBE-ST67W61 1.0.0
2025-11-24 11:57:37,778 [INFO] ThirdParty:1030 - CMSIS Pack Vendor :STMicroelectronics FP-SNS-STBOX1 2.1.0
2025-11-24 11:57:37,778 [INFO] ThirdParty:1030 - CMSIS Pack Vendor :STMicroelectronics X-CUBE-AI 10.2.0
2025-11-24 11:57:37,778 [INFO] ThirdParty:1030 - CMSIS Pack Vendor :STMicroelectronics FP-SNS-STAIOTCFT 1.0.0
2025-11-24 11:57:37,778 [INFO] ThirdParty:1030 - CMSIS Pack Vendor :STMicroelectronics ThreadX 1.0.0
2025-11-24 11:57:37,778 [INFO] ThirdParty:1030 - CMSIS Pack Vendor :STMicroelectronics FP-SNS-SMARTAG2 1.2.0
2025-11-24 11:57:37,778 [INFO] ThirdParty:1030 - CMSIS Pack Vendor :STMicroelectronics FP-SNS-FLIGHT1 5.1.0
2025-11-24 11:57:37,778 [INFO] ThirdParty:1030 - CMSIS Pack Vendor :STMicroelectronics X-CUBE-AZRTOS-WL 2.0.0
2025-11-24 11:57:37,778 [INFO] ThirdParty:1030 - CMSIS Pack Vendor :SEGGER I-CUBE-embOS 1.3.1
2025-11-24 11:57:37,778 [INFO] ThirdParty:1030 - CMSIS Pack Vendor :STMicroelectronics X-CUBE-ALGOBUILD 1.4.0
2025-11-24 11:57:37,778 [INFO] ThirdParty:1030 - CMSIS Pack Vendor :STMicroelectronics X-CUBE-DPower 1.3.0
2025-11-24 11:57:37,778 [INFO] ThirdParty:1030 - CMSIS Pack Vendor :STMicroelectronics X-CUBE-MEMS1 11.3.0
2025-11-24 11:57:37,778 [INFO] ThirdParty:1030 - CMSIS Pack Vendor :STMicroelectronics FP-SNS-MOTENV1 5.0.0
2025-11-24 11:57:37,778 [INFO] ThirdParty:1030 - CMSIS Pack Vendor :STMicroelectronics USB_DEVICE 1.0.0
2025-11-24 11:57:37,778 [INFO] ThirdParty:1030 - CMSIS Pack Vendor :STMicroelectronics X-CUBE-AZRTOS-L4 2.0.0
2025-11-24 11:57:37,778 [INFO] ThirdParty:1030 - CMSIS Pack Vendor :STMicroelectronics ThreadX 0.0.2
2025-11-24 11:57:37,779 [INFO] ThirdParty:1030 - CMSIS Pack Vendor :STMicroelectronics lwIP 2.1.2
2025-11-24 11:57:37,779 [INFO] ThirdParty:1030 - CMSIS Pack Vendor :STMicroelectronics X-CUBE-SFXS2LP1 4.0.0
2025-11-24 11:57:37,779 [INFO] ThirdParty:1030 - CMSIS Pack Vendor :STMicroelectronics X-CUBE-BLE2 3.3.0
2025-11-24 11:57:37,779 [INFO] ThirdParty:1030 - CMSIS Pack Vendor :Avnet-IOTCONNECT X-CUBE-iotc-st67-sdk 1.0.0
2025-11-24 11:57:37,779 [INFO] ThirdParty:1030 - CMSIS Pack Vendor :STMicroelectronics X-CUBE-TOF1 3.4.3
2025-11-24 11:57:37,779 [INFO] ThirdParty:1030 - CMSIS Pack Vendor :STMicroelectronics PDM2PCM 3.2.0
2025-11-24 11:57:37,779 [INFO] ThirdParty:841 - exiting critical section [change project]
2025-11-24 11:57:38,228 [INFO] PinOutPanel:1589 - setPackage(No Configuration,No Configuration)
2025-11-24 11:57:38,230 [INFO] PinOutPanel:1589 - setPackage(STM32F411RCTx,LQFP64)
2025-11-24 11:57:38,855 [INFO] UtilMem:75 - Before build in PCC Used Memory: 236439120 Bytes (348127232)
2025-11-24 11:57:39,848 [INFO] UtilMem:75 - After build in PCC Used Memory: 301559848 Bytes (348127232)
2025-11-24 11:57:39,881 [INFO] IPUIPlugin:80 - create IPUIPlugin
2025-11-24 11:57:39,881 [INFO] IPUIPlugin:80 - create IPUIPlugin
2025-11-24 11:57:39,881 [INFO] IPUIPlugin:80 - create IPUIPlugin
2025-11-24 11:57:39,881 [INFO] IPUIPlugin:80 - create IPUIPlugin
2025-11-24 11:57:39,881 [INFO] IPUIPlugin:80 - create IPUIPlugin
2025-11-24 11:57:39,881 [INFO] IPUIPlugin:80 - create IPUIPlugin
2025-11-24 11:57:39,881 [INFO] IPUIPlugin:80 - create IPUIPlugin
2025-11-24 11:57:39,881 [INFO] IPUIPlugin:80 - create IPUIPlugin
2025-11-24 11:57:39,881 [INFO] IPUIPlugin:80 - create IPUIPlugin
2025-11-24 11:57:39,881 [INFO] IPUIPlugin:80 - create IPUIPlugin
2025-11-24 11:57:39,882 [INFO] IPUIPlugin:80 - create IPUIPlugin
2025-11-24 11:57:39,882 [INFO] IPUIPlugin:80 - create IPUIPlugin
2025-11-24 11:57:39,882 [INFO] IPUIPlugin:80 - create IPUIPlugin
2025-11-24 11:57:39,882 [INFO] IPUIPlugin:80 - create IPUIPlugin
2025-11-24 11:57:39,882 [INFO] IPUIPlugin:80 - create IPUIPlugin
2025-11-24 11:57:39,882 [INFO] IPUIPlugin:80 - create IPUIPlugin
2025-11-24 11:57:39,883 [INFO] IPUIPlugin:80 - create IPUIPlugin
2025-11-24 11:57:39,883 [INFO] IPUIPlugin:80 - create IPUIPlugin
2025-11-24 11:57:39,883 [INFO] IPUIPlugin:80 - create IPUIPlugin
2025-11-24 11:57:39,883 [INFO] IPUIPlugin:80 - create IPUIPlugin
2025-11-24 11:57:39,883 [INFO] IPUIPlugin:80 - create IPUIPlugin
2025-11-24 11:57:39,883 [INFO] IPUIPlugin:80 - create IPUIPlugin
2025-11-24 11:57:39,884 [INFO] IPUIPlugin:80 - create IPUIPlugin
2025-11-24 11:57:39,884 [INFO] IPUIPlugin:80 - create IPUIPlugin
2025-11-24 11:57:39,884 [INFO] IPUIPlugin:80 - create IPUIPlugin
2025-11-24 11:57:39,884 [INFO] IPUIPlugin:80 - create IPUIPlugin
2025-11-24 11:57:39,885 [INFO] IPUIPlugin:80 - create IPUIPlugin
2025-11-24 11:57:39,885 [INFO] IPUIPlugin:80 - create IPUIPlugin
2025-11-24 11:57:39,885 [INFO] IPUIPlugin:80 - create IPUIPlugin
2025-11-24 11:57:39,885 [INFO] IPUIPlugin:80 - create IPUIPlugin
2025-11-24 11:57:39,886 [INFO] IPUIPlugin:80 - create IPUIPlugin
2025-11-24 11:57:39,886 [INFO] IPUIPlugin:80 - create IPUIPlugin
2025-11-24 11:57:39,886 [INFO] IPUIPlugin:80 - create IPUIPlugin
2025-11-24 11:57:39,887 [INFO] IPUIPlugin:80 - create IPUIPlugin
2025-11-24 11:57:39,887 [INFO] IPUIPlugin:80 - create IPUIPlugin
2025-11-24 11:57:39,888 [INFO] IPUIPlugin:80 - create IPUIPlugin
2025-11-24 11:57:39,888 [INFO] IPUIPlugin:80 - create IPUIPlugin
2025-11-24 11:57:39,888 [INFO] IPUIPlugin:80 - create IPUIPlugin
2025-11-24 11:57:39,889 [INFO] IPUIPlugin:80 - create IPUIPlugin
2025-11-24 11:57:39,889 [INFO] IPUIPlugin:80 - create IPUIPlugin
2025-11-24 11:57:39,889 [INFO] IPUIPlugin:80 - create IPUIPlugin
2025-11-24 11:57:39,889 [INFO] IPUIPlugin:80 - create IPUIPlugin
2025-11-24 11:57:39,889 [INFO] IPUIPlugin:80 - create IPUIPlugin
2025-11-24 11:57:40,090 [INFO] ApiDbMcu:532 - Load IP Config File for PDM2PCM
2025-11-24 11:57:40,370 [INFO] CADModel:165 - CPN selected for project levelSTM32F411RCT6
2025-11-24 11:57:40,370 [INFO] CADModel:114 - Register for checkConnection events
2025-11-24 11:57:40,438 [INFO] OpenFileManager:386 - Restore cursor
2025-11-24 12:27:45,490 [INFO] NvicIntPanel:101 - NVIC parent = com.st.microxplorer.plugins.ip.nvic.MultiNvicIntPanel[,0,0,0x0,invalid,layout=javax.swing.BoxLayout,alignmentX=0.0,alignmentY=0.0,border=,flags=9,maximumSize=,minimumSize=,preferredSize=]
2025-11-24 12:29:35,133 [INFO] Gpio:278 - dependency for GPIO [RCC, SPI1, SYS, TIM1, TIM3]
2025-11-24 12:29:37,771 [INFO] NvicIntPanel:101 - NVIC parent = com.st.microxplorer.plugins.ip.nvic.MultiNvicIntPanel[,0,0,0x0,invalid,layout=javax.swing.BoxLayout,alignmentX=0.0,alignmentY=0.0,border=,flags=9,maximumSize=,minimumSize=,preferredSize=]
2025-11-24 12:29:57,902 [INFO] NvicIntPanel:101 - NVIC parent = com.st.microxplorer.plugins.ip.nvic.MultiNvicIntPanel[,0,0,0x0,invalid,layout=javax.swing.BoxLayout,alignmentX=0.0,alignmentY=0.0,border=,flags=9,maximumSize=,minimumSize=,preferredSize=]
2025-11-24 12:30:00,530 [INFO] NvicIntPanel:101 - NVIC parent = com.st.microxplorer.plugins.ip.nvic.MultiNvicIntPanel[,0,0,0x0,invalid,layout=javax.swing.BoxLayout,alignmentX=0.0,alignmentY=0.0,border=,flags=9,maximumSize=,minimumSize=,preferredSize=]
2025-11-24 12:31:11,733 [INFO] NvicIntPanel:101 - NVIC parent = com.st.microxplorer.plugins.ip.nvic.MultiNvicIntPanel[,0,0,0x0,invalid,layout=javax.swing.BoxLayout,alignmentX=0.0,alignmentY=0.0,border=,flags=9,maximumSize=,minimumSize=,preferredSize=]
2025-11-24 12:31:20,223 [INFO] Gpio:278 - dependency for GPIO [RCC, SPI1, SYS, TIM1, TIM3]
2025-11-24 12:32:17,950 [INFO] NvicIntPanel:101 - NVIC parent = com.st.microxplorer.plugins.ip.nvic.MultiNvicIntPanel[,0,0,0x0,invalid,layout=javax.swing.BoxLayout,alignmentX=0.0,alignmentY=0.0,border=,flags=9,maximumSize=,minimumSize=,preferredSize=]
2025-11-24 12:32:47,277 [INFO] Gpio:278 - dependency for GPIO [RCC, SPI1, SYS, TIM1, TIM3]
2025-11-24 12:33:32,824 [INFO] ParamManager:905 - [Generic UI] PropertyChangeEvent: TAB_STATUS_CHANGED , "dont care", "never mind"
2025-11-24 12:33:32,843 [INFO] ParamManager:905 - [Generic UI] PropertyChangeEvent: TAB_STATUS_CHANGED , "dont care", "never mind"
2025-11-24 12:33:32,855 [INFO] ADCParametersView:116 -                Rank 1 : false
2025-11-24 12:33:32,880 [INFO] ADCParametersView:116 -                Rank 1 : false
2025-11-24 12:33:32,880 [INFO] ADCParametersView:116 -                Rank 1 : false
2025-11-24 12:33:32,880 [INFO] ADCParametersView:116 -                Rank 1 : false
2025-11-24 12:33:32,881 [INFO] ADCParametersView:116 -                Rank 1 : false
2025-11-24 12:33:32,881 [INFO] ADCParametersView:116 -                Rank 1 : false
2025-11-24 12:33:32,881 [INFO] ADCParametersView:116 -                Rank 1 : false
2025-11-24 12:33:32,881 [INFO] ADCParametersView:116 -                Rank 1 : false
2025-11-24 12:33:32,881 [INFO] ADCParametersView:116 -                Rank 1 : false
2025-11-24 12:33:32,882 [INFO] ADCParametersView:116 -                Rank 1 : false
2025-11-24 12:33:32,882 [INFO] ADCParametersView:116 -                Rank 1 : false
2025-11-24 12:33:32,882 [INFO] ADCParametersView:116 -                Rank 1 : false
2025-11-24 12:33:32,882 [INFO] ADCParametersView:116 -                Rank 1 : false
2025-11-24 12:33:32,882 [INFO] ADCParametersView:116 -                Rank 1 : false
2025-11-24 12:33:32,882 [INFO] ADCParametersView:116 -                Rank 1 : false
2025-11-24 12:33:32,892 [INFO] ADCParametersView:116 -                Rank 1 : false
2025-11-24 12:33:32,969 [INFO] NvicIntPanel:101 - NVIC parent = com.st.microxplorer.plugins.ip.nvic.MultiNvicIntPanel[,0,0,0x0,invalid,layout=javax.swing.BoxLayout,alignmentX=0.0,alignmentY=0.0,border=,flags=9,maximumSize=,minimumSize=,preferredSize=]
2025-11-24 12:33:33,062 [INFO] NvicIntPanel:101 - NVIC parent = com.st.microxplorer.plugins.ip.nvic.MultiNvicIntPanel[,0,0,0x0,invalid,layout=javax.swing.BoxLayout,alignmentX=0.0,alignmentY=0.0,border=,flags=9,maximumSize=,minimumSize=,preferredSize=]
2025-11-24 12:33:33,128 [INFO] ADCParametersView:116 -                Rank 1 : false
2025-11-24 12:33:33,128 [INFO] ADCParametersView:116 -                Rank 1 : false
2025-11-24 12:33:33,129 [INFO] ADCParametersView:116 -                Rank 1 : false
2025-11-24 12:33:33,129 [INFO] ADCParametersView:116 -                Rank 1 : false
2025-11-24 12:33:33,129 [INFO] ADCParametersView:116 -                Rank 1 : false
2025-11-24 12:33:33,129 [INFO] ADCParametersView:116 -                Rank 1 : false
2025-11-24 12:33:33,129 [INFO] ADCParametersView:116 -                Rank 1 : false
2025-11-24 12:33:33,129 [INFO] ADCParametersView:116 -                Rank 1 : false
2025-11-24 12:33:33,130 [INFO] ADCParametersView:116 -                Rank 1 : false
2025-11-24 12:33:33,130 [INFO] ADCParametersView:116 -                Rank 1 : false
2025-11-24 12:33:33,130 [INFO] ADCParametersView:116 -                Rank 1 : false
2025-11-24 12:33:33,130 [INFO] ADCParametersView:116 -                Rank 1 : false
2025-11-24 12:33:33,130 [INFO] ADCParametersView:116 -                Rank 1 : false
2025-11-24 12:33:33,130 [INFO] ADCParametersView:116 -                Rank 1 : false
2025-11-24 12:33:33,155 [INFO] ADCParametersView:116 -                Rank 1 : false
2025-11-24 12:33:33,181 [INFO] ADCParametersView:116 -                Rank 1 : false
2025-11-24 12:33:33,181 [INFO] ADCParametersView:116 -                Rank 1 : false
2025-11-24 12:33:33,181 [INFO] ADCParametersView:116 -                Rank 1 : false
2025-11-24 12:33:33,182 [INFO] ADCParametersView:116 -                Rank 1 : false
2025-11-24 12:33:33,182 [INFO] ADCParametersView:116 -                Rank 1 : false
2025-11-24 12:33:33,182 [INFO] ADCParametersView:116 -                Rank 1 : false
2025-11-24 12:33:33,182 [INFO] ADCParametersView:116 -                Rank 1 : false
2025-11-24 12:33:33,182 [INFO] ADCParametersView:116 -                Rank 1 : false
2025-11-24 12:33:33,183 [INFO] ADCParametersView:116 -                Rank 1 : false
2025-11-24 12:33:33,183 [INFO] ADCParametersView:116 -                Rank 1 : false
2025-11-24 12:33:33,183 [INFO] ADCParametersView:116 -                Rank 1 : false
2025-11-24 12:33:33,183 [INFO] ADCParametersView:116 -                Rank 1 : false
2025-11-24 12:33:33,183 [INFO] ADCParametersView:116 -                Rank 1 : false
2025-11-24 12:33:33,183 [INFO] ADCParametersView:116 -                Rank 1 : false
2025-11-24 12:33:33,203 [INFO] ADCParametersView:116 -                Rank 1 : false
2025-11-24 12:35:38,555 [INFO] UtilMem:75 - End SaveConfig() Used Memory: 839635424 Bytes (1073741824)
2025-11-24 12:35:40,602 [INFO] UtilMem:75 - End SaveConfig() Used Memory: 865401688 Bytes (1073741824)
2025-11-24 12:35:44,952 [INFO] UtilMem:75 - End SaveConfig() Used Memory: 938751224 Bytes (1073741824)
2025-11-24 12:35:45,544 [INFO] BlockDiagram:2775 - set Specific Code input for plugin: SPI
2025-11-24 12:35:45,545 [INFO] BlockDiagram:2775 - set Specific Code input for plugin: NVIC
2025-11-24 12:35:45,545 [INFO] BlockDiagram:2775 - set Specific Code input for plugin: TIM1_8
2025-11-24 12:35:45,545 [INFO] BlockDiagram:2775 - set Specific Code input for plugin: TIM1_8
2025-11-24 12:35:45,545 [INFO] BlockDiagram:2775 - set Specific Code input for plugin: SYS
2025-11-24 12:35:45,546 [INFO] BlockDiagram:2775 - set Specific Code input for plugin: GPIO
2025-11-24 12:35:45,546 [INFO] BlockDiagram:2775 - set Specific Code input for plugin: RCC
2025-11-24 12:35:45,548 [INFO] CodeGenerator:892 - code generatio: config db path: C:\ST\STM32CubeIDE_1.19.0\STM32CubeIDE\plugins\com.st.stm32cube.common.mx_6.15.0.202507011659\\db\
2025-11-24 12:35:45,738 [INFO] CodeEngine:265 - oldGeneratedFile, C:\Users\jansu\Documents\GitHub\Firefighter-robot-vehicle\STM32_IDE\Power brick\MXTmpFiles\license.tmp_save
2025-11-24 12:35:46,221 [INFO] CodeEngine:289 - Generated code: C:\Users\jansu\Documents\GitHub\Firefighter-robot-vehicle\STM32_IDE\Power brick\MXTmpFiles\license.tmp
2025-11-24 12:35:46,356 [INFO] CodeEngine:265 - oldGeneratedFile, C:\Users\jansu\Documents\GitHub\Firefighter-robot-vehicle\STM32_IDE\Power brick\MXTmpFiles\gpio.tmp_save
2025-11-24 12:35:46,524 [INFO] CodeEngine:289 - Generated code: C:\Users\jansu\Documents\GitHub\Firefighter-robot-vehicle\STM32_IDE\Power brick\MXTmpFiles\gpio.tmp
2025-11-24 12:35:46,735 [INFO] CodeEngine:265 - oldGeneratedFile, C:\Users\jansu\Documents\GitHub\Firefighter-robot-vehicle\STM32_IDE\Power brick\Core\Src\stm32f4xx_it.c_save
2025-11-24 12:35:46,873 [INFO] CodeEngine:289 - Generated code: C:\Users\jansu\Documents\GitHub\Firefighter-robot-vehicle\STM32_IDE\Power brick\Core\Src\stm32f4xx_it.c
2025-11-24 12:35:46,905 [INFO] CodeEngine:265 - oldGeneratedFile, C:\Users\jansu\Documents\GitHub\Firefighter-robot-vehicle\STM32_IDE\Power brick\Core\Inc\stm32f4xx_it.h_save
2025-11-24 12:35:47,001 [INFO] CodeEngine:289 - Generated code: C:\Users\jansu\Documents\GitHub\Firefighter-robot-vehicle\STM32_IDE\Power brick\Core\Inc\stm32f4xx_it.h
2025-11-24 12:35:47,048 [INFO] CodeEngine:265 - oldGeneratedFile, C:\Users\jansu\Documents\GitHub\Firefighter-robot-vehicle\STM32_IDE\Power brick\Core\Src\stm32f4xx_hal_msp.c_save
2025-11-24 12:35:47,221 [INFO] CodeEngine:289 - Generated code: C:\Users\jansu\Documents\GitHub\Firefighter-robot-vehicle\STM32_IDE\Power brick\Core\Src\stm32f4xx_hal_msp.c
2025-11-24 12:35:47,252 [INFO] CodeEngine:265 - oldGeneratedFile, C:\Users\jansu\Documents\GitHub\Firefighter-robot-vehicle\STM32_IDE\Power brick\MXTmpFiles\system.tmp_save
2025-11-24 12:35:47,334 [INFO] CodeEngine:289 - Generated code: C:\Users\jansu\Documents\GitHub\Firefighter-robot-vehicle\STM32_IDE\Power brick\MXTmpFiles\system.tmp
2025-11-24 12:35:47,380 [INFO] CodeEngine:321 - oldGeneratedFile, C:\Users\jansu\Documents\GitHub\Firefighter-robot-vehicle\STM32_IDE\Power brick\Core\Inc\stm32f4xx_hal_conf.h_save
2025-11-24 12:35:47,471 [INFO] CodeEngine:345 - Generated code: C:\Users\jansu\Documents\GitHub\Firefighter-robot-vehicle\STM32_IDE\Power brick\Core\Inc\stm32f4xx_hal_conf.h
2025-11-24 12:35:47,507 [INFO] ApiDbMcu:532 - Load IP Config File for SPI1
2025-11-24 12:35:47,520 [INFO] ApiDbMcu:532 - Load IP Config File for TIM1
2025-11-24 12:35:47,534 [INFO] ApiDbMcu:532 - Load IP Config File for TIM3
2025-11-24 12:35:47,540 [INFO] ApiDbMcu:532 - Load IP Config File for RCC
2025-11-24 12:35:47,543 [WARN] IPConfigManager:3811 - IP not found : TIM
2025-11-24 12:35:47,567 [WARN] CodeGenerator:4259 - IP not found : null
2025-11-24 12:35:47,579 [INFO] CodeEngine:265 - oldGeneratedFile, C:\Users\jansu\Documents\GitHub\Firefighter-robot-vehicle\STM32_IDE\Power brick\Core\Inc\main.h_save
2025-11-24 12:35:47,706 [INFO] CodeEngine:289 - Generated code: C:\Users\jansu\Documents\GitHub\Firefighter-robot-vehicle\STM32_IDE\Power brick\Core\Inc\main.h
2025-11-24 12:35:47,716 [INFO] CodeEngine:265 - oldGeneratedFile, C:\Users\jansu\Documents\GitHub\Firefighter-robot-vehicle\STM32_IDE\Power brick\Core\Src\main.c_save
2025-11-24 12:35:47,891 [INFO] CodeEngine:289 - Generated code: C:\Users\jansu\Documents\GitHub\Firefighter-robot-vehicle\STM32_IDE\Power brick\Core\Src\main.c
2025-11-24 12:35:48,528 [INFO] ProjectBuilder:3606 - Time for Copy HAL[1] : 342mS.
2025-11-24 12:35:48,538 [INFO] ProjectBuilder:5216 - Project Generator version: 4.7.0-B52
2025-11-24 12:35:48,633 [INFO] ConfigFileManager:1595 - The Die is : DIE431
2025-11-24 12:35:48,665 [INFO] ApiDbMcu:532 - Load IP Config File for FATFS
2025-11-24 12:35:48,672 [INFO] ApiDbMcu:532 - Load IP Config File for FREERTOS
2025-11-24 12:35:48,674 [INFO] ApiDbMcu:532 - Load IP Config File for LIBJPEG
2025-11-24 12:35:48,681 [INFO] ApiDbMcu:532 - Load IP Config File for MBEDTLS
2025-11-24 12:35:48,688 [INFO] ApiDbMcu:532 - Load IP Config File for USB_DEVICE
2025-11-24 12:35:48,692 [INFO] ApiDbMcu:532 - Load IP Config File for USB_HOST
2025-11-24 12:35:49,117 [INFO] LogOutputStream:77 - [STDOUT_REDIRECT] 
2025-11-24 12:35:50,273 [INFO] ProjectBuilder:5496 - Time for Generating toolchain IDE Files: 1735mS.
2025-11-24 12:35:50,275 [INFO] ProjectBuilder:3463 - Time for Copy CMSIS : 2mS.
2025-11-24 12:35:50,280 [INFO] ProjectBuilder:3463 - Time for Copy CMSIS : 0mS.
2025-11-24 12:35:58,414 [ERROR] LogOutputStream:75 - [STDERR_REDIRECT] 
2025-11-24 13:44:21,435 [INFO] Activator:176 - 


2025-11-24 13:44:21,437 [INFO] Activator:177 - !SESSION log4j initialized
2025-11-24 13:44:28,560 [INFO] LogOutputStream:77 - [STDOUT_REDIRECT] 
2025-11-24 13:44:30,295 [INFO] ApplicationProperties:184 - Using Application install path: C:\ST\STM32CubeIDE_1.19.0\STM32CubeIDE\plugins\com.st.stm32cube.common.mx_6.15.0.202507011659
2025-11-24 13:44:30,319 [INFO] DbMcusXml:78 - Set database path to: C:\ST\STM32CubeIDE_1.19.0\STM32CubeIDE\plugins\com.st.stm32cube.common.mx_6.15.0.202507011659\\db\/mcu/
2025-11-24 13:44:30,319 [INFO] ApiDb:274 - Set plugin database path to: C:\ST\STM32CubeIDE_1.19.0\STM32CubeIDE\plugins\com.st.stm32cube.common.mx_6.15.0.202507011659\\db\/plugins/boardmanager/
2025-11-24 13:44:30,319 [WARN] ApiDb:259 - Overriding images path with different value:  => C:\ST\STM32CubeIDE_1.19.0\STM32CubeIDE\plugins\com.st.stm32cube.common.mx_6.15.0.202507011659\\db\/plugins/mcufinder/images/
2025-11-24 13:44:30,331 [INFO] ApiDb:250 - Set database path to: C:\Users\jansu\.stmcufinder\plugins\mcufinder//mcu/
2025-11-24 13:44:30,333 [INFO] DbMcusAds:125 - Set database path to: C:\Users\jansu\.stmcufinder\plugins\mcufinder//mcu/
2025-11-24 13:44:30,337 [INFO] CrossReferenceDbSqlite:203 - Set database path to: C:\Users\jansu\.stmcufinder\plugins\mcufinder//mcu/cs/
2025-11-24 13:44:30,528 [INFO] RulesReader:64 - Compatibility file has been processed (317 Rules)
2025-11-24 13:44:30,651 [INFO] DbMcusXml:78 - Set database path to: C:\ST\STM32CubeIDE_1.19.0\STM32CubeIDE\plugins\com.st.stm32cube.common.mx_6.15.0.202507011659\\db\/mcu/
2025-11-24 13:44:30,651 [INFO] ApiDb:274 - Set plugin database path to: C:\ST\STM32CubeIDE_1.19.0\STM32CubeIDE\plugins\com.st.stm32cube.common.mx_6.15.0.202507011659\\db\/plugins/boardmanager/
2025-11-24 13:44:30,652 [INFO] ApiDb:261 - Set plugin images path to: C:\ST\STM32CubeIDE_1.19.0\STM32CubeIDE\plugins\com.st.stm32cube.common.mx_6.15.0.202507011659\\db\/plugins/mcufinder/images/
2025-11-24 13:44:30,652 [WARN] DbFile:41 - Overriding database path with different value: C:\Users\jansu\.stmcufinder\plugins\mcufinder/ => C:\Users\jansu\.stmcufinder\plugins\mcufinder
2025-11-24 13:44:30,652 [INFO] ApiDb:250 - Set database path to: C:\Users\jansu\.stmcufinder\plugins\mcufinder//mcu/
2025-11-24 13:44:30,652 [WARN] DbFile:41 - Overriding database path with different value: C:\Users\jansu\.stmcufinder\plugins\mcufinder/ => C:\Users\jansu\.stmcufinder\plugins\mcufinder
2025-11-24 13:44:30,652 [INFO] DbMcusAds:125 - Set database path to: C:\Users\jansu\.stmcufinder\plugins\mcufinder//mcu/
2025-11-24 13:44:30,652 [WARN] DbFile:41 - Overriding database path with different value: C:\Users\jansu\.stmcufinder\plugins\mcufinder/ => C:\Users\jansu\.stmcufinder\plugins\mcufinder
2025-11-24 13:44:30,652 [WARN] DbFile:41 - Overriding database path with different value: C:\Users\jansu\.stmcufinder\plugins\mcufinder/ => C:\Users\jansu\.stmcufinder\plugins\mcufinder
2025-11-24 13:44:30,652 [INFO] CrossReferenceDbSqlite:203 - Set database path to: C:\Users\jansu\.stmcufinder\plugins\mcufinder//mcu/cs/
2025-11-24 13:44:30,755 [INFO] MainPanel:274 - HeapMemory: 268435456
2025-11-24 13:44:30,906 [INFO] DbMcusXml:78 - Set database path to: C:\ST\STM32CubeIDE_1.19.0\STM32CubeIDE\plugins\com.st.stm32cube.common.mx_6.15.0.202507011659\\db\/mcu/
2025-11-24 13:44:30,906 [INFO] ApiDb:274 - Set plugin database path to: C:\ST\STM32CubeIDE_1.19.0\STM32CubeIDE\plugins\com.st.stm32cube.common.mx_6.15.0.202507011659\\db\/plugins/boardmanager/
2025-11-24 13:44:30,907 [INFO] ApiDb:261 - Set plugin images path to: C:\ST\STM32CubeIDE_1.19.0\STM32CubeIDE\plugins\com.st.stm32cube.common.mx_6.15.0.202507011659\\db\/plugins/mcufinder/images/
2025-11-24 13:44:30,907 [WARN] DbFile:41 - Overriding database path with different value: C:\Users\jansu\.stmcufinder\plugins\mcufinder/ => C:\Users\jansu\.stmcufinder\plugins\mcufinder
2025-11-24 13:44:30,907 [INFO] ApiDb:250 - Set database path to: C:\Users\jansu\.stmcufinder\plugins\mcufinder//mcu/
2025-11-24 13:44:30,907 [WARN] DbFile:41 - Overriding database path with different value: C:\Users\jansu\.stmcufinder\plugins\mcufinder/ => C:\Users\jansu\.stmcufinder\plugins\mcufinder
2025-11-24 13:44:30,907 [INFO] DbMcusAds:125 - Set database path to: C:\Users\jansu\.stmcufinder\plugins\mcufinder//mcu/
2025-11-24 13:44:30,907 [WARN] DbFile:41 - Overriding database path with different value: C:\Users\jansu\.stmcufinder\plugins\mcufinder/ => C:\Users\jansu\.stmcufinder\plugins\mcufinder
2025-11-24 13:44:30,907 [WARN] DbFile:41 - Overriding database path with different value: C:\Users\jansu\.stmcufinder\plugins\mcufinder/ => C:\Users\jansu\.stmcufinder\plugins\mcufinder
2025-11-24 13:44:30,908 [INFO] CrossReferenceDbSqlite:203 - Set database path to: C:\Users\jansu\.stmcufinder\plugins\mcufinder//mcu/cs/
2025-11-24 13:44:30,934 [INFO] ApplicationProperties:184 - Using Application install path: C:\ST\STM32CubeIDE_1.19.0\STM32CubeIDE\plugins\com.st.stm32cube.common.mx_6.15.0.202507011659
2025-11-24 13:44:30,936 [INFO] PluginManage:196 - Search for loadable plugins [exclusion list=, ]
2025-11-24 13:44:30,938 [INFO] PluginManage:310 - Check plugin analytics
2025-11-24 13:44:31,229 [INFO] AnalyticsPlugin:253 - Accepted Software Licenses: 
2025-11-24 13:44:31,229 [INFO] AnalyticsPlugin:255 - Accepted CMSIS Pack Licenses: 
2025-11-24 13:44:31,229 [INFO] AnalyticsPlugin:257 - Accepted Firmware Licenses: FW.C0.1.4.0,FW.F4.1.28.0
2025-11-24 13:44:31,232 [INFO] PluginManage:359 - Loaded plugin analytics (category:tool,tabindex:-1)
2025-11-24 13:44:31,233 [INFO] PluginManage:310 - Check plugin cadmodel
2025-11-24 13:44:31,243 [INFO] CADModel:105 - Init CAD model plugin
2025-11-24 13:44:31,244 [INFO] PluginManage:359 - Loaded plugin cadmodel (category:power,tabindex:5)
2025-11-24 13:44:31,244 [INFO] PluginManage:310 - Check plugin clock
2025-11-24 13:44:31,259 [INFO] PluginManage:359 - Loaded plugin clock (category:base,tabindex:2)
2025-11-24 13:44:31,259 [INFO] PluginManage:310 - Check plugin ddr
2025-11-24 13:44:31,264 [INFO] PluginManage:359 - Loaded plugin ddr (category:tool,tabindex:6)
2025-11-24 13:44:31,264 [INFO] PluginManage:310 - Check plugin filemanager
2025-11-24 13:44:31,479 [INFO] PluginManage:359 - Loaded plugin filemanager (category:base,tabindex:10)
2025-11-24 13:44:31,479 [INFO] PluginManage:310 - Check plugin ipmanager
2025-11-24 13:44:31,489 [INFO] PluginManage:359 - Loaded plugin ipmanager (category:base,tabindex:5)
2025-11-24 13:44:31,490 [INFO] PluginManage:310 - Check plugin lpbam
2025-11-24 13:44:31,503 [INFO] PluginManage:359 - Loaded plugin lpbam (category:base,tabindex:0)
2025-11-24 13:44:31,503 [INFO] PluginManage:310 - Check plugin memorymap
2025-11-24 13:44:31,525 [INFO] PluginManage:359 - Loaded plugin memorymap (category:base,tabindex:4)
2025-11-24 13:44:31,525 [INFO] PluginManage:310 - Check plugin pinoutandconfiguration
2025-11-24 13:44:31,539 [INFO] PluginManage:359 - Loaded plugin pinoutandconfiguration (category:base,tabindex:1)
2025-11-24 13:44:31,539 [INFO] PluginManage:310 - Check plugin pinoutconfig
2025-11-24 13:44:31,666 [WARN] SupportedApi:132 - Cannot load RTOS API schema: s4s-elt-must-match.1: The content of 'definitions' must match (annotation?, (simpleType | complexType)?, (unique | key | keyref)*)). A problem was found starting at: attribute.
2025-11-24 13:44:31,861 [INFO] PluginManage:359 - Loaded plugin pinoutconfig (category:base,tabindex:0)
2025-11-24 13:44:31,861 [INFO] PluginManage:310 - Check plugin power
2025-11-24 13:44:31,876 [INFO] PluginManage:359 - Loaded plugin power (category:power,tabindex:4)
2025-11-24 13:44:31,876 [INFO] PluginManage:310 - Check plugin projectmanager
2025-11-24 13:44:31,897 [INFO] PluginManage:359 - Loaded plugin projectmanager (category:projectmanager,tabindex:4)
2025-11-24 13:44:31,897 [INFO] PluginManage:310 - Check plugin rif
2025-11-24 13:44:31,912 [INFO] PluginManage:359 - Loaded plugin rif (category:base,tabindex:3)
2025-11-24 13:44:31,913 [INFO] PluginManage:310 - Check plugin thirdparty
2025-11-24 13:44:32,106 [INFO] PluginManage:359 - Loaded plugin thirdparty (category:base,tabindex:-1)
2025-11-24 13:44:32,106 [WARN] IntegrityCheckThread:84 - waiting for thirdparty lock release [integrity check]
2025-11-24 13:44:32,106 [INFO] IntegrityCheckThread:86 - entering critical section [integrity check]
2025-11-24 13:44:32,106 [INFO] PluginManage:310 - Check plugin tools
2025-11-24 13:44:32,106 [INFO] ThirdPartyUpdaterWithRetryManager:70 - Updater plugin not ready yet. [1/15]
2025-11-24 13:44:32,110 [INFO] PluginManage:359 - Loaded plugin tools (category:base,tabindex:7)
2025-11-24 13:44:32,110 [INFO] PluginManage:310 - Check plugin tutovideos
2025-11-24 13:44:32,375 [INFO] McuFinderGlobals:63 - Set McuFinder mode to 2 (CubeIDE integrated)
2025-11-24 13:44:32,431 [INFO] PluginManage:359 - Loaded plugin tutovideos (category:base,tabindex:-1)
2025-11-24 13:44:32,432 [INFO] PluginManage:310 - Check plugin updater
2025-11-24 13:44:32,466 [INFO] PluginManage:359 - Loaded plugin updater (category:base,tabindex:12)
2025-11-24 13:44:32,466 [INFO] PluginManage:310 - Check plugin userauth
2025-11-24 13:44:32,473 [INFO] UserAuth:118 - Init User Auth plugin
2025-11-24 13:44:32,474 [INFO] PluginManage:359 - Loaded plugin userauth (category:base,tabindex:14)
2025-11-24 13:44:32,475 [INFO] PluginManage:283 - PluginManage : Loaded plugins [18]
2025-11-24 13:44:32,787 [INFO] PinOutPanel:1589 - setPackage(No Configuration,No Configuration)
2025-11-24 13:44:32,897 [INFO] CADModel:165 - CPN selected for project level
2025-11-24 13:44:32,897 [INFO] CADModel:114 - Register for checkConnection events
2025-11-24 13:44:32,923 [INFO] IPUIPlugin:80 - create IPUIPlugin
2025-11-24 13:44:32,923 [INFO] PluginManager:220 - loadIPPluginJar : add adc
2025-11-24 13:44:32,926 [INFO] IPUIPlugin:80 - create IPUIPlugin
2025-11-24 13:44:32,927 [INFO] PluginManager:220 - loadIPPluginJar : add aes
2025-11-24 13:44:32,931 [INFO] IPUIPlugin:80 - create IPUIPlugin
2025-11-24 13:44:32,931 [INFO] PluginManager:220 - loadIPPluginJar : add can
2025-11-24 13:44:32,933 [INFO] IPUIPlugin:80 - create IPUIPlugin
2025-11-24 13:44:32,934 [INFO] PluginManager:220 - loadIPPluginJar : add comp
2025-11-24 13:44:32,936 [INFO] IPUIPlugin:80 - create IPUIPlugin
2025-11-24 13:44:32,936 [INFO] PluginManager:220 - loadIPPluginJar : add cryp
2025-11-24 13:44:32,942 [INFO] IPUIPlugin:80 - create IPUIPlugin
2025-11-24 13:44:32,942 [INFO] PluginManager:220 - loadIPPluginJar : add ddr_ctrl_phy
2025-11-24 13:44:32,946 [INFO] IPUIPlugin:80 - create IPUIPlugin
2025-11-24 13:44:32,947 [INFO] PluginManager:220 - loadIPPluginJar : add dfsdm
2025-11-24 13:44:32,954 [INFO] IPUIPlugin:80 - create IPUIPlugin
2025-11-24 13:44:32,955 [INFO] PluginManager:220 - loadIPPluginJar : add dma
2025-11-24 13:44:32,958 [INFO] IPUIPlugin:80 - create IPUIPlugin
2025-11-24 13:44:32,959 [INFO] PluginManager:220 - loadIPPluginJar : add dma3
2025-11-24 13:44:32,962 [INFO] IPUIPlugin:80 - create IPUIPlugin
2025-11-24 13:44:32,962 [INFO] PluginManager:220 - loadIPPluginJar : add extmemmanager
2025-11-24 13:44:32,965 [INFO] IPUIPlugin:80 - create IPUIPlugin
2025-11-24 13:44:32,965 [INFO] PluginManager:220 - loadIPPluginJar : add fatfs
2025-11-24 13:44:32,970 [INFO] IPUIPlugin:80 - create IPUIPlugin
2025-11-24 13:44:32,970 [INFO] PluginManager:220 - loadIPPluginJar : add fmc
2025-11-24 13:44:32,980 [INFO] IPUIPlugin:80 - create IPUIPlugin
2025-11-24 13:44:32,980 [INFO] PluginManager:220 - loadIPPluginJar : add freertos
2025-11-24 13:44:32,983 [INFO] IPUIPlugin:80 - create IPUIPlugin
2025-11-24 13:44:32,983 [INFO] PluginManager:220 - loadIPPluginJar : add genericplugin
2025-11-24 13:44:32,986 [INFO] IPUIPlugin:80 - create IPUIPlugin
2025-11-24 13:44:32,986 [INFO] PluginManager:220 - loadIPPluginJar : add gfxmmu
2025-11-24 13:44:32,992 [INFO] IPUIPlugin:80 - create IPUIPlugin
2025-11-24 13:44:32,992 [INFO] PluginManager:220 - loadIPPluginJar : add gic
2025-11-24 13:44:33,000 [INFO] IPUIPlugin:80 - create IPUIPlugin
2025-11-24 13:44:33,000 [INFO] PluginManager:220 - loadIPPluginJar : add gpio
2025-11-24 13:44:33,005 [INFO] IPUIPlugin:80 - create IPUIPlugin
2025-11-24 13:44:33,005 [INFO] PluginManager:220 - loadIPPluginJar : add gtzc
2025-11-24 13:44:33,008 [INFO] IPUIPlugin:80 - create IPUIPlugin
2025-11-24 13:44:33,008 [INFO] PluginManager:220 - loadIPPluginJar : add hash
2025-11-24 13:44:33,012 [INFO] IPUIPlugin:80 - create IPUIPlugin
2025-11-24 13:44:33,012 [INFO] PluginManager:220 - loadIPPluginJar : add i2c
2025-11-24 13:44:33,016 [INFO] IPUIPlugin:80 - create IPUIPlugin
2025-11-24 13:44:33,016 [INFO] PluginManager:220 - loadIPPluginJar : add i2s
2025-11-24 13:44:33,020 [INFO] IPUIPlugin:80 - create IPUIPlugin
2025-11-24 13:44:33,020 [INFO] PluginManager:220 - loadIPPluginJar : add i3c
2025-11-24 13:44:33,025 [INFO] IPUIPlugin:80 - create IPUIPlugin
2025-11-24 13:44:33,026 [INFO] PluginManager:220 - loadIPPluginJar : add ipddr
2025-11-24 13:44:33,034 [INFO] IPUIPlugin:80 - create IPUIPlugin
2025-11-24 13:44:33,035 [INFO] PluginManager:220 - loadIPPluginJar : add linkedlist
2025-11-24 13:44:33,038 [INFO] IPUIPlugin:80 - create IPUIPlugin
2025-11-24 13:44:33,039 [INFO] PluginManager:220 - loadIPPluginJar : add lorawan
2025-11-24 13:44:33,041 [INFO] IPUIPlugin:80 - create IPUIPlugin
2025-11-24 13:44:33,041 [INFO] PluginManager:220 - loadIPPluginJar : add ltdc
2025-11-24 13:44:33,049 [INFO] IPUIPlugin:80 - create IPUIPlugin
2025-11-24 13:44:33,049 [INFO] PluginManager:220 - loadIPPluginJar : add mdma
2025-11-24 13:44:33,054 [INFO] IPUIPlugin:80 - create IPUIPlugin
2025-11-24 13:44:33,054 [INFO] PluginManager:220 - loadIPPluginJar : add nvic
2025-11-24 13:44:33,059 [INFO] IPUIPlugin:80 - create IPUIPlugin
2025-11-24 13:44:33,059 [INFO] PluginManager:220 - loadIPPluginJar : add opamp
2025-11-24 13:44:33,063 [INFO] IPUIPlugin:80 - create IPUIPlugin
2025-11-24 13:44:33,063 [INFO] PluginManager:220 - loadIPPluginJar : add openamp
2025-11-24 13:44:33,067 [INFO] IPUIPlugin:80 - create IPUIPlugin
2025-11-24 13:44:33,067 [INFO] PluginManager:220 - loadIPPluginJar : add pdm2pcm
2025-11-24 13:44:33,075 [INFO] IPUIPlugin:80 - create IPUIPlugin
2025-11-24 13:44:33,078 [INFO] PluginManager:220 - loadIPPluginJar : add plateformsettings
2025-11-24 13:44:33,081 [INFO] IPUIPlugin:80 - create IPUIPlugin
2025-11-24 13:44:33,081 [INFO] PluginManager:220 - loadIPPluginJar : add quadspi
2025-11-24 13:44:33,084 [INFO] IPUIPlugin:80 - create IPUIPlugin
2025-11-24 13:44:33,085 [INFO] PluginManager:220 - loadIPPluginJar : add radio
2025-11-24 13:44:33,090 [INFO] IPUIPlugin:80 - create IPUIPlugin
2025-11-24 13:44:33,090 [INFO] PluginManager:220 - loadIPPluginJar : add resmgrutility
2025-11-24 13:44:33,095 [INFO] IPUIPlugin:80 - create IPUIPlugin
2025-11-24 13:44:33,095 [INFO] PluginManager:220 - loadIPPluginJar : add sai
2025-11-24 13:44:33,100 [INFO] IPUIPlugin:80 - create IPUIPlugin
2025-11-24 13:44:33,100 [INFO] PluginManager:220 - loadIPPluginJar : add spi
2025-11-24 13:44:33,108 [INFO] IPUIPlugin:80 - create IPUIPlugin
2025-11-24 13:44:33,109 [INFO] PluginManager:220 - loadIPPluginJar : add stm32_wpan
2025-11-24 13:44:33,111 [INFO] IPUIPlugin:80 - create IPUIPlugin
2025-11-24 13:44:33,111 [INFO] PluginManager:220 - loadIPPluginJar : add tim
2025-11-24 13:44:33,115 [INFO] IPUIPlugin:80 - create IPUIPlugin
2025-11-24 13:44:33,116 [INFO] PluginManager:220 - loadIPPluginJar : add touchsensing
2025-11-24 13:44:33,118 [INFO] IPUIPlugin:80 - create IPUIPlugin
2025-11-24 13:44:33,118 [INFO] PluginManager:220 - loadIPPluginJar : add tracer_emb
2025-11-24 13:44:33,121 [INFO] IPUIPlugin:80 - create IPUIPlugin
2025-11-24 13:44:33,121 [INFO] PluginManager:220 - loadIPPluginJar : add ts
2025-11-24 13:44:33,123 [INFO] IPUIPlugin:80 - create IPUIPlugin
2025-11-24 13:44:33,123 [INFO] PluginManager:220 - loadIPPluginJar : add tsc
2025-11-24 13:44:33,125 [INFO] IPUIPlugin:80 - create IPUIPlugin
2025-11-24 13:44:33,126 [INFO] PluginManager:220 - loadIPPluginJar : add ucpd
2025-11-24 13:44:33,129 [INFO] IPUIPlugin:80 - create IPUIPlugin
2025-11-24 13:44:33,129 [INFO] PluginManager:220 - loadIPPluginJar : add usart
2025-11-24 13:44:33,134 [INFO] IPUIPlugin:80 - create IPUIPlugin
2025-11-24 13:44:33,134 [INFO] PluginManager:220 - loadIPPluginJar : add usbx
2025-11-24 13:44:33,281 [FATAL] Updater:351 - Updater called before beeing initialized
2025-11-24 13:44:33,345 [INFO] RulesReader:64 - Compatibility file has been processed (317 Rules)
2025-11-24 13:44:33,360 [INFO] RulesReader:64 - Compatibility file has been processed (317 Rules)
2025-11-24 13:44:33,375 [INFO] CADModel:165 - CPN selected for project level
2025-11-24 13:44:33,375 [INFO] CADModel:114 - Register for checkConnection events
2025-11-24 13:44:33,375 [FATAL] Updater:351 - Updater called before beeing initialized
2025-11-24 13:44:33,376 [ERROR] CADModel:125 - Updater not yet initialized, retry later 
2025-11-24 13:44:33,629 [FATAL] Updater:351 - Updater called before beeing initialized
2025-11-24 13:44:33,632 [INFO] CADModel:165 - CPN selected for project level
2025-11-24 13:44:33,632 [INFO] CADModel:114 - Register for checkConnection events
2025-11-24 13:44:33,632 [FATAL] Updater:351 - Updater called before beeing initialized
2025-11-24 13:44:33,632 [ERROR] CADModel:125 - Updater not yet initialized, retry later 
2025-11-24 13:44:33,636 [FATAL] Updater:351 - Updater called before beeing initialized
2025-11-24 13:44:33,779 [FATAL] Updater:351 - Updater called before beeing initialized
2025-11-24 13:44:33,783 [INFO] DbMcusAds:53 - JSON generation date=Mon Nov 10 11:43:01 CET 2025 (1762771381096)
2025-11-24 13:44:33,784 [FATAL] Updater:351 - Updater called before beeing initialized
2025-11-24 13:44:33,832 [WARN] DetailPanel:346 - Failed to get advertising image, set to default
2025-11-24 13:44:33,939 [FATAL] Updater:351 - Updater called before beeing initialized
2025-11-24 13:44:33,941 [FATAL] Updater:351 - Updater called before beeing initialized
2025-11-24 13:44:33,942 [FATAL] Updater:351 - Updater called before beeing initialized
2025-11-24 13:44:33,942 [WARN] DetailPanel:346 - Failed to get advertising image, set to default
2025-11-24 13:44:33,943 [FATAL] Updater:351 - Updater called before beeing initialized
2025-11-24 13:44:34,014 [ERROR] Updater:1198 - MainUpdater not yet initialized. External WinMGr cannot be set.
2025-11-24 13:44:34,017 [INFO] Updater:1134 - Updater Version found : 6.15.0
2025-11-24 13:44:34,036 [INFO] ApplicationProperties:184 - Using Application install path: C:\ST\STM32CubeIDE_1.19.0\STM32CubeIDE\plugins\com.st.stm32cube.common.mx_6.15.0.202507011659
2025-11-24 13:44:35,109 [INFO] ThirdPartyUpdaterWithRetryManager:70 - Updater plugin not ready yet. [2/15]
2025-11-24 13:44:35,616 [ERROR] LogOutputStream:75 - [STDERR_REDIRECT] Nov 24, 2025 1:44:35 PM java.util.prefs.WindowsPreferences <init>
2025-11-24 13:44:35,617 [ERROR] LogOutputStream:75 - [STDERR_REDIRECT] WARNING: Could not open/create prefs root node Software\JavaSoft\Prefs at root 0xffffffff80000002. Windows RegCreateKeyEx(...) returned error code 5.
2025-11-24 13:44:35,617 [ERROR] LogOutputStream:75 - [STDERR_REDIRECT] 
2025-11-24 13:44:36,022 [INFO] MainUpdater:2872 - connection check result : 10
2025-11-24 13:44:36,023 [INFO] MainUpdater:289 - Updater Check For Update Now.
2025-11-24 13:44:36,023 [INFO] MicroXplorer:498 - Change Database Version : DB.6.0.150
2025-11-24 13:44:36,034 [INFO] McuFinderGlobals:63 - Set McuFinder mode to 2 (CubeIDE integrated)
2025-11-24 13:44:36,035 [INFO] UserAuth:487 - Internet connection configuration mode: 1
2025-11-24 13:44:36,073 [INFO] JxBrowserEngine:152 - Initiate JxBrowser Engine with user profile folder
2025-11-24 13:44:36,241 [INFO] CheckServerUpdateThread:120 - End of CheckServer Thread
2025-11-24 13:44:36,245 [INFO] MainUpdater:2872 - connection check result : 10
2025-11-24 13:44:36,254 [INFO] McuFinderGlobals:76 - Set McuFinderConnectedMode to true
2025-11-24 13:44:36,713 [INFO] ServerAccessManage:452 - Complete download http(s) 200
2025-11-24 13:44:36,715 [INFO] ServerAccessManage:509 - Download File mcusAds.json._tmp_
2025-11-24 13:44:36,757 [ERROR] LogOutputStream:75 - [STDERR_REDIRECT] Exception in thread "AWT-EventQueue-0" java.lang.NullPointerException: Cannot read field "width" because "this.componentInnards" is null
2025-11-24 13:44:36,761 [ERROR] LogOutputStream:75 - [STDERR_REDIRECT] 	at java.desktop/javax.swing.plaf.basic.BasicProgressBarUI.updateSizes(BasicProgressBarUI.java:542)
2025-11-24 13:44:36,763 [ERROR] LogOutputStream:75 - [STDERR_REDIRECT] 	at java.desktop/javax.swing.plaf.basic.BasicProgressBarUI.getBox(BasicProgressBarUI.java:499)
2025-11-24 13:44:36,765 [ERROR] LogOutputStream:75 - [STDERR_REDIRECT] 	at java.desktop/javax.swing.plaf.metal.MetalProgressBarUI.paintIndeterminate(MetalProgressBarUI.java:168)
2025-11-24 13:44:36,767 [ERROR] LogOutputStream:75 - [STDERR_REDIRECT] 	at java.desktop/javax.swing.plaf.basic.BasicProgressBarUI.paint(BasicProgressBarUI.java:464)
2025-11-24 13:44:36,768 [ERROR] LogOutputStream:75 - [STDERR_REDIRECT] 	at java.desktop/javax.swing.plaf.ComponentUI.update(ComponentUI.java:161)
2025-11-24 13:44:36,769 [ERROR] LogOutputStream:75 - [STDERR_REDIRECT] 	at java.desktop/javax.swing.JComponent.paintComponent(JComponent.java:852)
2025-11-24 13:44:36,770 [ERROR] LogOutputStream:75 - [STDERR_REDIRECT] 	at java.desktop/javax.swing.JComponent.paint(JComponent.java:1128)
2025-11-24 13:44:36,772 [ERROR] LogOutputStream:75 - [STDERR_REDIRECT] 	at java.desktop/javax.swing.JComponent.paintToOffscreen(JComponent.java:5318)
2025-11-24 13:44:36,773 [ERROR] LogOutputStream:75 - [STDERR_REDIRECT] 	at java.desktop/javax.swing.RepaintManager$PaintManager.paintDoubleBufferedFPScales(RepaintManager.java:1720)
2025-11-24 13:44:36,775 [ERROR] LogOutputStream:75 - [STDERR_REDIRECT] 	at java.desktop/javax.swing.RepaintManager$PaintManager.paintDoubleBuffered(RepaintManager.java:1629)
2025-11-24 13:44:36,777 [ERROR] LogOutputStream:75 - [STDERR_REDIRECT] 	at java.desktop/javax.swing.RepaintManager$PaintManager.paint(RepaintManager.java:1569)
2025-11-24 13:44:36,778 [ERROR] LogOutputStream:75 - [STDERR_REDIRECT] 	at java.desktop/javax.swing.RepaintManager.paint(RepaintManager.java:1336)
2025-11-24 13:44:36,780 [ERROR] LogOutputStream:75 - [STDERR_REDIRECT] 	at java.desktop/javax.swing.JComponent._paintImmediately(JComponent.java:5266)
2025-11-24 13:44:36,781 [ERROR] LogOutputStream:75 - [STDERR_REDIRECT] 	at java.desktop/javax.swing.JComponent.paintImmediately(JComponent.java:5076)
2025-11-24 13:44:36,783 [ERROR] LogOutputStream:75 - [STDERR_REDIRECT] 	at java.desktop/javax.swing.RepaintManager$4.run(RepaintManager.java:878)
2025-11-24 13:44:36,784 [ERROR] LogOutputStream:75 - [STDERR_REDIRECT] 	at java.desktop/javax.swing.RepaintManager$4.run(RepaintManager.java:861)
2025-11-24 13:44:36,785 [ERROR] LogOutputStream:75 - [STDERR_REDIRECT] 	at java.base/java.security.AccessController.doPrivileged(AccessController.java:400)
2025-11-24 13:44:36,787 [ERROR] LogOutputStream:75 - [STDERR_REDIRECT] 	at java.base/java.security.ProtectionDomain$JavaSecurityAccessImpl.doIntersectionPrivilege(ProtectionDomain.java:87)
2025-11-24 13:44:36,788 [ERROR] LogOutputStream:75 - [STDERR_REDIRECT] 	at java.desktop/javax.swing.RepaintManager.paintDirtyRegions(RepaintManager.java:861)
2025-11-24 13:44:36,789 [ERROR] LogOutputStream:75 - [STDERR_REDIRECT] 	at java.desktop/javax.swing.RepaintManager.paintDirtyRegions(RepaintManager.java:834)
2025-11-24 13:44:36,791 [ERROR] LogOutputStream:75 - [STDERR_REDIRECT] 	at java.desktop/javax.swing.RepaintManager.prePaintDirtyRegions(RepaintManager.java:784)
2025-11-24 13:44:36,792 [ERROR] LogOutputStream:75 - [STDERR_REDIRECT] 	at java.desktop/javax.swing.RepaintManager$ProcessingRunnable.run(RepaintManager.java:1897)
2025-11-24 13:44:36,793 [ERROR] LogOutputStream:75 - [STDERR_REDIRECT] 	at java.desktop/java.awt.event.InvocationEvent.dispatch(InvocationEvent.java:318)
2025-11-24 13:44:36,795 [ERROR] LogOutputStream:75 - [STDERR_REDIRECT] 	at java.desktop/java.awt.EventQueue.dispatchEventImpl(EventQueue.java:773)
2025-11-24 13:44:36,796 [ERROR] LogOutputStream:75 - [STDERR_REDIRECT] 	at java.desktop/java.awt.EventQueue$4.run(EventQueue.java:720)
2025-11-24 13:44:36,798 [ERROR] LogOutputStream:75 - [STDERR_REDIRECT] 	at java.desktop/java.awt.EventQueue$4.run(EventQueue.java:714)
2025-11-24 13:44:36,800 [ERROR] LogOutputStream:75 - [STDERR_REDIRECT] 	at java.base/java.security.AccessController.doPrivileged(AccessController.java:400)
2025-11-24 13:44:36,801 [ERROR] LogOutputStream:75 - [STDERR_REDIRECT] 	at java.base/java.security.ProtectionDomain$JavaSecurityAccessImpl.doIntersectionPrivilege(ProtectionDomain.java:87)
2025-11-24 13:44:36,803 [ERROR] LogOutputStream:75 - [STDERR_REDIRECT] 	at java.desktop/java.awt.EventQueue.dispatchEvent(EventQueue.java:742)
2025-11-24 13:44:36,805 [ERROR] LogOutputStream:75 - [STDERR_REDIRECT] 	at java.desktop/java.awt.EventDispatchThread.pumpOneEventForFilters(EventDispatchThread.java:203)
2025-11-24 13:44:36,806 [ERROR] LogOutputStream:75 - [STDERR_REDIRECT] 	at java.desktop/java.awt.EventDispatchThread.pumpEventsForFilter(EventDispatchThread.java:124)
2025-11-24 13:44:36,808 [ERROR] LogOutputStream:75 - [STDERR_REDIRECT] 	at java.desktop/java.awt.EventDispatchThread.pumpEventsForFilter(EventDispatchThread.java:117)
2025-11-24 13:44:36,809 [ERROR] LogOutputStream:75 - [STDERR_REDIRECT] 	at java.desktop/java.awt.WaitDispatchSupport$2.run(WaitDispatchSupport.java:191)
2025-11-24 13:44:36,810 [ERROR] LogOutputStream:75 - [STDERR_REDIRECT] 	at java.desktop/java.awt.WaitDispatchSupport$4.run(WaitDispatchSupport.java:236)
2025-11-24 13:44:36,812 [ERROR] LogOutputStream:75 - [STDERR_REDIRECT] 	at java.desktop/java.awt.WaitDispatchSupport$4.run(WaitDispatchSupport.java:234)
2025-11-24 13:44:36,813 [ERROR] LogOutputStream:75 - [STDERR_REDIRECT] 	at java.base/java.security.AccessController.doPrivileged(AccessController.java:319)
2025-11-24 13:44:36,815 [ERROR] LogOutputStream:75 - [STDERR_REDIRECT] 	at java.desktop/java.awt.WaitDispatchSupport.enter(WaitDispatchSupport.java:234)
2025-11-24 13:44:36,816 [ERROR] LogOutputStream:75 - [STDERR_REDIRECT] 	at java.desktop/java.awt.Dialog.show(Dialog.java:1079)
2025-11-24 13:44:36,818 [ERROR] LogOutputStream:75 - [STDERR_REDIRECT] 	at com.st.microxplorer.plugins.updater.gui.ProgressBarDialog.startProgressBar(ProgressBarDialog.java:161)
2025-11-24 13:44:36,819 [ERROR] LogOutputStream:75 - [STDERR_REDIRECT] 	at com.st.microxplorer.plugins.updater.engine.MainUpdater.loadUrlFiles(MainUpdater.java:2520)
2025-11-24 13:44:36,820 [ERROR] LogOutputStream:75 - [STDERR_REDIRECT] 	at com.st.microxplorer.plugins.updater.Updater.getSpecificTask(Updater.java:409)
2025-11-24 13:44:36,822 [ERROR] LogOutputStream:75 - [STDERR_REDIRECT] 	at com.st.microxplorer.mcufinder.gui.WebUtils.downloadDbFile(WebUtils.java:624)
2025-11-24 13:44:36,823 [ERROR] LogOutputStream:75 - [STDERR_REDIRECT] 	at com.st.microxplorer.mcufinder.gui.WebUtils.downloadDbFiles(WebUtils.java:756)
2025-11-24 13:44:36,825 [ERROR] LogOutputStream:75 - [STDERR_REDIRECT] 	at com.st.stm32cube.common.mx.targetselector.TargetSelectorAdapter$5.run(TargetSelectorAdapter.java:257)
2025-11-24 13:44:36,827 [ERROR] LogOutputStream:75 - [STDERR_REDIRECT] 	at com.st.stm32cube.common.mx.oss.core.awtswtbridge.AwtEnvironment$2.run(AwtEnvironment.java:166)
2025-11-24 13:44:36,830 [ERROR] LogOutputStream:75 - [STDERR_REDIRECT] 	at java.desktop/java.awt.event.InvocationEvent.dispatch(InvocationEvent.java:318)
2025-11-24 13:44:36,830 [ERROR] LogOutputStream:75 - [STDERR_REDIRECT] 	at java.desktop/java.awt.EventQueue.dispatchEventImpl(EventQueue.java:773)
2025-11-24 13:44:36,832 [ERROR] LogOutputStream:75 - [STDERR_REDIRECT] 	at java.desktop/java.awt.EventQueue$4.run(EventQueue.java:720)
2025-11-24 13:44:36,833 [ERROR] LogOutputStream:75 - [STDERR_REDIRECT] 	at java.desktop/java.awt.EventQueue$4.run(EventQueue.java:714)
2025-11-24 13:44:36,834 [ERROR] LogOutputStream:75 - [STDERR_REDIRECT] 	at java.base/java.security.AccessController.doPrivileged(AccessController.java:400)
2025-11-24 13:44:36,835 [INFO] LoadUrlFilesThread:156 - End of LoadUrlFiles Thread
2025-11-24 13:44:36,836 [ERROR] LogOutputStream:75 - [STDERR_REDIRECT] 	at java.base/java.security.ProtectionDomain$JavaSecurityAccessImpl.doIntersectionPrivilege(ProtectionDomain.java:87)
2025-11-24 13:44:36,838 [ERROR] LogOutputStream:75 - [STDERR_REDIRECT] 	at java.desktop/java.awt.EventQueue.dispatchEvent(EventQueue.java:742)
2025-11-24 13:44:36,840 [ERROR] LogOutputStream:75 - [STDERR_REDIRECT] 	at java.desktop/java.awt.EventDispatchThread.pumpOneEventForFilters(EventDispatchThread.java:203)
2025-11-24 13:44:36,842 [ERROR] LogOutputStream:75 - [STDERR_REDIRECT] 	at java.desktop/java.awt.EventDispatchThread.pumpEventsForFilter(EventDispatchThread.java:124)
2025-11-24 13:44:36,845 [ERROR] LogOutputStream:75 - [STDERR_REDIRECT] 	at java.desktop/java.awt.EventDispatchThread.pumpEventsForHierarchy(EventDispatchThread.java:113)
2025-11-24 13:44:36,847 [ERROR] LogOutputStream:75 - [STDERR_REDIRECT] 	at java.desktop/java.awt.EventDispatchThread.pumpEvents(EventDispatchThread.java:109)
2025-11-24 13:44:36,849 [ERROR] LogOutputStream:75 - [STDERR_REDIRECT] 	at java.desktop/java.awt.EventDispatchThread.pumpEvents(EventDispatchThread.java:101)
2025-11-24 13:44:36,850 [ERROR] LogOutputStream:75 - [STDERR_REDIRECT] 	at java.desktop/java.awt.EventDispatchThread.run(EventDispatchThread.java:90)
2025-11-24 13:44:36,935 [INFO] ServerAccessManage:452 - Complete download http(s) 200
2025-11-24 13:44:36,936 [INFO] ServerAccessManage:509 - Download File cube-finder-db.zip
2025-11-24 13:44:38,110 [WARN] MainUpdater:1193 - Updater busy. Cannot search thirdparties
2025-11-24 13:44:38,111 [INFO] ThirdPartyUpdaterWithRetryManager:96 - Updater plugin is busy. [1/15]
2025-11-24 13:44:38,312 [INFO] WebApp:169 - Instantiating new browser for Auth
2025-11-24 13:44:39,297 [INFO] WebApp:463 - Apply proxy settings
2025-11-24 13:44:39,297 [INFO] WebApp:548 - Chromium requires no authentication
2025-11-24 13:44:39,309 [INFO] WebApp:491 - Direct internet connection detected
2025-11-24 13:44:39,338 [INFO] WebApp:900 - Register for checkConnection events
2025-11-24 13:44:39,339 [INFO] WebApp:463 - Apply proxy settings
2025-11-24 13:44:39,339 [INFO] WebApp:548 - Chromium requires no authentication
2025-11-24 13:44:39,340 [INFO] WebApp:491 - Direct internet connection detected
2025-11-24 13:44:39,587 [INFO] WebApp:225 - Starting web application
2025-11-24 13:44:39,588 [INFO] WebApp:593 - Web application path used C:\ST\STM32CubeIDE_1.19.0\STM32CubeIDE\plugins\com.st.stm32cube.common.mx_6.15.0.202507011659\db\plugins\mcufinder\reactClient1\index.html
2025-11-24 13:44:39,743 [INFO] WebApp:191 - Connection restablished
2025-11-24 13:44:39,927 [INFO] UserAuth:487 - Internet connection configuration mode: 1
2025-11-24 13:44:40,341 [INFO] FileExtend:248 - Unzip File : cube-finder-db.zip
2025-11-24 13:44:40,341 [INFO] FileExtend:263 - Standard Zip Deflate
2025-11-24 13:44:41,112 [WARN] MainUpdater:1193 - Updater busy. Cannot search thirdparties
2025-11-24 13:44:41,112 [INFO] ThirdPartyUpdaterWithRetryManager:96 - Updater plugin is busy. [2/15]
2025-11-24 13:44:41,319 [INFO] LoadUrlFilesThread:156 - End of LoadUrlFiles Thread
2025-11-24 13:44:41,986 [INFO] ServerAccessManage:452 - Complete download http(s) 200
2025-11-24 13:44:41,987 [INFO] ServerAccessManage:509 - Download File crdb.zip
2025-11-24 13:44:42,170 [INFO] FileExtend:248 - Unzip File : crdb.zip
2025-11-24 13:44:42,171 [INFO] FileExtend:263 - Standard Zip Deflate
2025-11-24 13:44:42,314 [INFO] LoadUrlFilesThread:156 - End of LoadUrlFiles Thread
2025-11-24 13:44:42,468 [INFO] ServerAccessManage:452 - Complete download http(s) 200
2025-11-24 13:44:42,469 [INFO] ServerAccessManage:509 - Download File tutoVideoDB.zip
2025-11-24 13:44:42,501 [INFO] FileExtend:248 - Unzip File : tutoVideoDB.zip
2025-11-24 13:44:42,501 [INFO] FileExtend:263 - Standard Zip Deflate
2025-11-24 13:44:42,644 [INFO] LoadUrlFilesThread:156 - End of LoadUrlFiles Thread
2025-11-24 13:44:42,647 [WARN] DbFile:41 - Overriding database path with different value: C:\Users\jansu\.stmcufinder\plugins\mcufinder/ => C:\Users\jansu\.stmcufinder\plugins\mcufinder
2025-11-24 13:44:42,767 [INFO] ServerAccessManage:452 - Complete download http(s) 200
2025-11-24 13:44:42,768 [INFO] ServerAccessManage:509 - Download File api_config.json
2025-11-24 13:44:42,912 [INFO] LoadUrlFilesThread:156 - End of LoadUrlFiles Thread
2025-11-24 13:44:42,915 [INFO] DbMcusAds:53 - JSON generation date=Mon Nov 10 11:43:01 CET 2025 (1762771381061)
2025-11-24 13:44:42,938 [INFO] LoadUrlFilesThread:185 - End of LoadServerUrlFiles without Thread
2025-11-24 13:44:42,938 [INFO] TargetSelectorAdapter:259 - Refresh data is successful
2025-11-24 13:44:43,065 [INFO] ApiDb:581 - Connected to CubeFinder SQLite database (C:\Users\jansu\.stmcufinder\plugins\mcufinder\mcu\cube-finder-db.db)
2025-11-24 13:44:43,168 [INFO] ApiDb:668 - CubeFinder database Data Model version=2.1
2025-11-24 13:44:43,168 [INFO] ApiDb:669 - CubeFinder database Configuration version=3.0.39
2025-11-24 13:44:43,169 [INFO] ApiDb:670 - CubeFinder database generation date=2025-11-05 (1762334721)
2025-11-24 13:44:43,169 [INFO] ApiDb:671 - CubeFinder database FW Pack versions=[FP-ATR-ASTRA1_V2.0.0, FP-SNS-FLIGHT1_V5.1.0, FP-SNS-MOTENV1_V5.1.0, FP-SNS-MOTENVWB1_V1.4.0, FP-SNS-SMARTAG2_V1.2.0, FP-SNS-STBOX1_V2.1.0, STM32Cube_FW_C0_V1.4.0, STM32Cube_FW_F4_V1.28.3, STM32Cube_FW_F7_V1.17.4, STM32Cube_FW_G0_V1.6.2, STM32Cube_FW_G4_V1.6.1, STM32Cube_FW_H5_V1.5.1, STM32Cube_FW_H7RS_V1.3.0, STM32Cube_FW_H7_V1.12.1, STM32Cube_FW_L0_V1.12.2, STM32Cube_FW_L4_V1.18.1, STM32Cube_FW_L5_V1.6.0, STM32Cube_FW_N6_V1.3.0, STM32Cube_FW_U0_V1.3.0, STM32Cube_FW_U3_V1.2.1, STM32Cube_FW_U5_V1.8.0, STM32Cube_FW_WB0_V1.4.0, STM32Cube_FW_WBA_V1.8.0, STM32Cube_FW_WB_V1.24.0, STM32Cube_FW_WL3_V1.3.0, STM32Cube_FW_WL_V1.4.0, X-CUBE-ALGOBUILD_V1.4.0, X-CUBE-ALS_V1.0.2, X-CUBE-AZRTOS-F4_V1.1.0, X-CUBE-AZRTOS-F7_V1.1.0, X-CUBE-AZRTOS-G0_V1.1.0, X-CUBE-AZRTOS-G4_V2.0.0, X-CUBE-AZRTOS-H7RS_V1.1.0, X-CUBE-AZRTOS-H7_V3.4.0, X-CUBE-AZRTOS-L4_V2.0.0, X-CUBE-AZRTOS-L5_V2.0.0, X-CUBE-AZRTOS-WB_V2.0.0, X-CUBE-AZRTOS-WL_V2.0.0, X-CUBE-BLE1_V7.1.0, X-CUBE-BLE2_V3.3.0, X-CUBE-BLEMGR_V4.1.0, X-CUBE-EEPRMA1_V5.2.0, X-CUBE-FREERTOS_V1.3.1, X-CUBE-GNSS1_V6.0.0, X-CUBE-MEMS1_V11.3.0, X-CUBE-NFC4_V3.0.0, X-CUBE-NFC7_V2.0.0, X-CUBE-SFXS2LP1_V4.0.0, X-CUBE-ST67W61_V1.1.0, X-CUBE-SUBG2_V5.0.0, X-CUBE-TOF1_V3.4.3]
2025-11-24 13:44:44,402 [WARN] PackLoader:240 - Cannot read IP mode file for STMicroelectronics.FP-SNS-MOTENVWB1.1.4.0
2025-11-24 13:44:44,412 [WARN] PackLoader:240 - Cannot read IP mode file for STMicroelectronics.FP-ATR-ASTRA1.2.0.2
2025-11-24 13:44:44,423 [WARN] PackLoader:240 - Cannot read IP mode file for STMicroelectronics.X-CUBE-SMBUS.2.1.0
2025-11-24 13:44:44,429 [WARN] PackLoader:240 - Cannot read IP mode file for STMicroelectronics.X-CUBE-ST60.1.0.0
2025-11-24 13:44:44,461 [WARN] PackLoader:240 - Cannot read IP mode file for STMicroelectronics.X-CUBE-AZRTOS-F7.1.1.0
2025-11-24 13:44:44,472 [WARN] PackLoader:240 - Cannot read IP mode file for STMicroelectronics.FP-SNS-MOTENV1.5.1.0
2025-11-24 13:44:44,484 [WARN] PackLoader:240 - Cannot read IP mode file for WES.I-CUBE-Cesium.1.4.0
2025-11-24 13:44:44,511 [WARN] PackLoader:240 - Cannot read IP mode file for Infineon.AIROC-Wi-Fi-Bluetooth-STM32.1.7.1
2025-11-24 13:44:44,539 [WARN] PackLoader:240 - Cannot read IP mode file for STMicroelectronics.X-CUBE-AZRTOS-H7.3.4.0
2025-11-24 13:44:44,550 [WARN] PackLoader:240 - Cannot read IP mode file for STMicroelectronics.X-CUBE-DISPLAY.3.0.0
2025-11-24 13:44:44,564 [WARN] PackLoader:240 - Cannot read IP mode file for STMicroelectronics.X-CUBE-NFC10.1.0.0
2025-11-24 13:44:44,570 [WARN] PackLoader:240 - Cannot read IP mode file for STMicroelectronics.X-CUBE-ST60.1.1.0
2025-11-24 13:44:44,576 [WARN] PackLoader:240 - Cannot read IP mode file for emotas.I-CUBE-CANOPEN.1.3.0
2025-11-24 13:44:44,583 [WARN] PackLoader:240 - Cannot read IP mode file for STMicroelectronics.X-CUBE-GNSS1.7.1.0
2025-11-24 13:44:44,591 [WARN] PackLoader:240 - Cannot read IP mode file for STMicroelectronics.FP-SNS-STBOX1.2.1.0
2025-11-24 13:44:44,598 [WARN] PackLoader:240 - Cannot read IP mode file for STMicroelectronics.FP-SNS-SMARTAG2.1.2.0
2025-11-24 13:44:44,603 [WARN] PackLoader:240 - Cannot read IP mode file for STMicroelectronics.FP-SNS-FLIGHT1.5.1.0
2025-11-24 13:44:44,615 [INFO] LogOutputStream:77 - [STDOUT_REDIRECT] 1 : Invalid condition id : UX_CORESTACK_Condition cause : null
2025-11-24 13:44:44,615 [INFO] LogOutputStream:77 - [STDOUT_REDIRECT] 1 : Invalid condition id : UX_CORESTACK_Condition cause : null
2025-11-24 13:44:44,616 [INFO] LogOutputStream:77 - [STDOUT_REDIRECT] 1 : Invalid condition id : UX_CORESTACK_Condition cause : null
2025-11-24 13:44:44,617 [INFO] LogOutputStream:77 - [STDOUT_REDIRECT] 1 : Invalid condition id : UX_CORESTACK_Condition cause : null
2025-11-24 13:44:44,618 [INFO] LogOutputStream:77 - [STDOUT_REDIRECT] 1 : Invalid condition id : UX_CORESTACK_Condition cause : null
2025-11-24 13:44:44,620 [WARN] PackLoader:240 - Cannot read IP mode file for STMicroelectronics.X-CUBE-AZRTOS-WL.2.0.0
2025-11-24 13:44:44,625 [WARN] PackLoader:240 - Cannot read IP mode file for STMicroelectronics.FP-SNS-MOTENV1.5.0.0
2025-11-24 13:44:44,633 [WARN] PackLoader:240 - Cannot read IP mode file for STMicroelectronics.X-CUBE-BLE2.3.3.0
2025-11-24 13:44:44,657 [WARN] PackLoader:240 - Cannot read IP mode file for STMicroelectronics.X-CUBE-NFC9.1.0.0
2025-11-24 13:44:44,665 [WARN] PackLoader:240 - Cannot read IP mode file for wolfSSL.I-CUBE-wolfSSL.5.8.2
2025-11-24 13:44:44,672 [WARN] PackLoader:240 - Cannot read IP mode file for STMicroelectronics.X-CUBE-BLE1.7.1.0
2025-11-24 13:44:44,677 [WARN] PackLoader:240 - Cannot read IP mode file for wolfSSL.I-CUBE-wolfMQTT.1.19.2
2025-11-24 13:44:44,684 [WARN] PackLoader:240 - Cannot read IP mode file for STMicroelectronics.X-CUBE-EEPRMA1.5.2.0
2025-11-24 13:44:44,692 [WARN] PackLoader:240 - Cannot read IP mode file for STMicroelectronics.X-CUBE-ST67W61.1.1.0
2025-11-24 13:44:44,706 [WARN] PackLoader:240 - Cannot read IP mode file for STMicroelectronics.X-CUBE-AZRTOS-G0.1.1.0
2025-11-24 13:44:44,716 [WARN] PackLoader:240 - Cannot read IP mode file for STMicroelectronics.X-CUBE-SAFEA1.1.2.2
2025-11-24 13:44:44,724 [WARN] PackLoader:240 - Cannot read IP mode file for STMicroelectronics.X-CUBE-NFC4.3.0.0
2025-11-24 13:44:44,733 [WARN] PackLoader:240 - Cannot read IP mode file for EmbeddedOffice.I-CUBE-FS-RTOS.1.0.1
2025-11-24 13:44:44,738 [WARN] PackLoader:240 - Cannot read IP mode file for STMicroelectronics.X-CUBE-WB05N.2.0.0
2025-11-24 13:44:44,744 [WARN] PackLoader:240 - Cannot read IP mode file for wolfSSL.I-CUBE-wolfTPM.3.8.0
2025-11-24 13:44:44,749 [WARN] PackLoader:240 - Cannot read IP mode file for STMicroelectronics.X-CUBE-TCPP.4.2.0
2025-11-24 13:44:44,758 [WARN] PackLoader:240 - Cannot read IP mode file for RealThread.X-CUBE-RT-Thread_Nano.4.1.1
2025-11-24 13:44:44,763 [WARN] PackLoader:240 - Cannot read IP mode file for STMicroelectronics.FP-ATR-SIGFOX1.3.2.0
2025-11-24 13:44:44,769 [WARN] PackLoader:240 - Cannot read IP mode file for ITTIA_DB.I-CUBE-ITTIADB.8.9.0
2025-11-24 13:44:44,776 [WARN] PackLoader:240 - Cannot read IP mode file for STMicroelectronics.X-CUBE-ST67W61.1.0.0
2025-11-24 13:44:44,780 [WARN] PackLoader:240 - Cannot read IP mode file for STMicroelectronics.X-CUBE-AI.10.2.0
2025-11-24 13:44:44,811 [WARN] PackLoader:240 - Cannot read IP mode file for SEGGER.I-CUBE-embOS.1.3.1
2025-11-24 13:44:44,868 [WARN] PackLoader:240 - Cannot read IP mode file for STMicroelectronics.X-CUBE-ALGOBUILD.1.4.0
2025-11-24 13:44:44,901 [WARN] PackLoader:240 - Cannot read IP mode file for STMicroelectronics.X-CUBE-MEMS1.11.3.0
2025-11-24 13:44:45,013 [WARN] PackLoader:240 - Cannot read IP mode file for STMicroelectronics.X-CUBE-PM33A1.1.0.0
2025-11-24 13:44:45,025 [WARN] PackLoader:240 - Cannot read IP mode file for STMicroelectronics.X-CUBE-AZRTOS-F4.1.1.0
2025-11-24 13:44:45,030 [WARN] PackLoader:240 - Cannot read IP mode file for Avnet-IotConnect.X-CUBE-IoTC-DA16k-PMOD.1.0.0
2025-11-24 13:44:45,035 [WARN] PackLoader:240 - Cannot read IP mode file for STMicroelectronics.X-CUBE-ISPU.2.1.0
2025-11-24 13:44:45,046 [WARN] PackLoader:240 - Cannot read IP mode file for STMicroelectronics.X-CUBE-IPS.3.2.0
2025-11-24 13:44:45,057 [WARN] PackLoader:240 - Cannot read IP mode file for STMicroelectronics.X-CUBE-NFC12.1.0.0
2025-11-24 13:44:45,071 [WARN] PackLoader:240 - Cannot read IP mode file for STMicroelectronics.X-CUBE-AZRTOS-L5.2.0.0
2025-11-24 13:44:45,081 [WARN] PackLoader:240 - Cannot read IP mode file for STMicroelectronics.X-CUBE-NFC6.3.1.0
2025-11-24 13:44:45,087 [WARN] PackLoader:240 - Cannot read IP mode file for STMicroelectronics.X-CUBE-FREERTOS.1.3.1
2025-11-24 13:44:45,092 [WARN] PackLoader:240 - Cannot read IP mode file for STMicroelectronics.X-CUBE-TOUCHGFX.4.26.0
2025-11-24 13:44:45,098 [WARN] PackLoader:240 - Cannot read IP mode file for STMicroelectronics.FP-SNS-STAIOTCFT.1.0.0
2025-11-24 13:44:45,103 [WARN] PackLoader:240 - Cannot read IP mode file for STMicroelectronics.X-CUBE-DPower.1.3.0
2025-11-24 13:44:45,119 [WARN] ConditionMgr:438 - getConditionDescription Invalid condition id : LAN8742 Phy interface Condition cause : null
2025-11-24 13:44:45,119 [WARN] PackLoader:240 - Cannot read IP mode file for STMicroelectronics.X-CUBE-AZRTOS-L4.2.0.0
2025-11-24 13:44:45,120 [WARN] ConditionMgr:1044 - genDependencies : Invalid condition id : LAN8742 Phy interface Condition cause : null
2025-11-24 13:44:45,120 [WARN] ConditionMgr:1044 - genDependencies : Invalid condition id : LAN8742 Phy interface Condition cause : null
2025-11-24 13:44:45,121 [WARN] ConditionMgr:1044 - genDependencies : Invalid condition id : LAN8742 Phy interface Condition cause : null
2025-11-24 13:44:45,127 [WARN] PackLoader:240 - Cannot read IP mode file for STMicroelectronics.X-CUBE-SFXS2LP1.4.0.0
2025-11-24 13:44:45,140 [WARN] PackLoader:240 - Cannot read IP mode file for STMicroelectronics.X-CUBE-BLEMGR.4.1.0
2025-11-24 13:44:45,153 [WARN] ConditionMgr:438 - getConditionDescription Invalid condition id : UX DEVICE CLASS RTOS Condition cause : null
2025-11-24 13:44:45,153 [WARN] ConditionMgr:438 - getConditionDescription Invalid condition id : UX DEVICE CLASS RTOS Condition cause : null
2025-11-24 13:44:45,154 [WARN] PackLoader:240 - Cannot read IP mode file for STMicroelectronics.X-CUBE-AZRTOS-WB.2.0.0
2025-11-24 13:44:45,154 [WARN] ConditionMgr:1044 - genDependencies : Invalid condition id : UX DEVICE CLASS RTOS Condition cause : null
2025-11-24 13:44:45,155 [WARN] ConditionMgr:1044 - genDependencies : Invalid condition id : UX DEVICE CLASS RTOS Condition cause : null
2025-11-24 13:44:45,155 [WARN] ConditionMgr:1044 - genDependencies : Invalid condition id : UX DEVICE CLASS RTOS Condition cause : null
2025-11-24 13:44:45,155 [WARN] ConditionMgr:1044 - genDependencies : Invalid condition id : UX DEVICE CLASS RTOS Condition cause : null
2025-11-24 13:44:45,155 [WARN] ConditionMgr:1044 - genDependencies : Invalid condition id : UX DEVICE CLASS RTOS Condition cause : null
2025-11-24 13:44:45,161 [WARN] PackLoader:240 - Cannot read IP mode file for STMicroelectronics.X-CUBE-GNSS1.7.0.1
2025-11-24 13:44:45,166 [WARN] PackLoader:240 - Cannot read IP mode file for STMicroelectronics.X-CUBE-TOUCHGFX.4.25.0
2025-11-24 13:44:45,171 [WARN] ConditionMgr:438 - getConditionDescription Invalid condition id : Cortex-A Device cause : null
2025-11-24 13:44:45,179 [WARN] ConditionMgr:1044 - genDependencies : Invalid condition id : Cortex-A Device cause : null
2025-11-24 13:44:45,179 [WARN] ConditionMgr:1044 - genDependencies : Invalid condition id : Cortex-A Device cause : null
2025-11-24 13:44:45,179 [WARN] ConditionMgr:1044 - genDependencies : Invalid condition id : Cortex-A Device cause : null
2025-11-24 13:44:45,188 [WARN] PackLoader:240 - Cannot read IP mode file for STMicroelectronics.X-CUBE-SUBG2.5.0.0
2025-11-24 13:44:45,215 [WARN] PackLoader:240 - Cannot read IP mode file for STMicroelectronics.X-CUBE-AZRTOS-H7RS.1.1.0
2025-11-24 13:44:45,221 [WARN] PackLoader:240 - Cannot read IP mode file for Cesanta.I-CUBE-Mongoose.7.13.0
2025-11-24 13:44:45,232 [WARN] PackLoader:240 - Cannot read IP mode file for STMicroelectronics.X-CUBE-AZRTOS-G4.2.0.0
2025-11-24 13:44:45,238 [WARN] PackLoader:240 - Cannot read IP mode file for wolfSSL.I-CUBE-wolfSSH.1.4.20
2025-11-24 13:44:45,242 [WARN] PackLoader:240 - Cannot read IP mode file for STMicroelectronics.X-CUBE-NFC7.2.0.0
2025-11-24 13:44:45,253 [WARN] PackLoader:240 - Cannot read IP mode file for STMicroelectronics.X-CUBE-IPS.3.1.0
2025-11-24 13:44:45,264 [WARN] PackLoader:240 - Cannot read IP mode file for STMicroelectronics.X-CUBE-ALS.1.0.2
2025-11-24 13:44:45,270 [WARN] PackLoader:240 - Cannot read IP mode file for STMicroelectronics.X-CUBE-STSE01.1.0.0
2025-11-24 13:44:45,280 [WARN] PackLoader:240 - Cannot read IP mode file for STMicroelectronics.X-CUBE-TOF1.3.4.3
2025-11-24 13:44:45,287 [INFO] ThirdParty:978 - Integrity check success = true
2025-11-24 13:44:45,287 [INFO] IntegrityCheckThread:100 - exiting critical section [integrity check]
2025-11-24 13:44:45,287 [INFO] IntegrityCheckThread:103 - End integrity checks thread
2025-11-24 13:44:46,460 [INFO] ApiDb:240 - Found 880 in-development CPN: [B-G473E-ZEST1S, B-WB1M-WPAN1, B-WBA5M-WPAN, B-WL5M-SUBG1, NUCLEO-C031C6, NUCLEO-C051C8, NUCLEO-C071RB, NUCLEO-C092RC, NUCLEO-H503RB, NUCLEO-H533RE, NUCLEO-H563ZI, NUCLEO-H7S3L8, NUCLEO-N657X0-Q, NUCLEO-U031R8, NUCLEO-U083RC, NUCLEO-U385RG-Q, NUCLEO-U545RE-Q, NUCLEO-U5A5ZJ-Q, NUCLEO-WB05KZ, NUCLEO-WB07CC, NUCLEO-WB09KE, NUCLEO-WBA52CG, NUCLEO-WBA55CG, NUCLEO-WL33CC1, NUCLEO-WL33CC2, STEVAL-PROTEUS1, STEVAL-SMARTAG2, STEVAL-STWINBX1, STM320518-EVAL, STM32C0116-DK, STM32C011D6Y3TR, STM32C011D6Y6TR, STM32C011F4P3, STM32C011F4P6, STM32C011F4U3, STM32C011F4U6TR, STM32C011F6P3, STM32C011F6P6, STM32C011F6U3, STM32C011F6U6TR, STM32C011J4M3, STM32C011J4M6, STM32C011J6M3, STM32C011J6M6, STM32C0316-DK, STM32C031C4T3, STM32C031C4T6, STM32C031C4U3, STM32C031C4U6, STM32C031C6T3, STM32C031C6T6, STM32C031C6U3, STM32C031C6U6, STM32C031F4P3, STM32C031F4P6, STM32C031F6P3, STM32C031F6P6, STM32C031G4U3, STM32C031G4U6, STM32C031G6U3, STM32C031G6U6, STM32C031K4T3, STM32C031K4T6, STM32C031K4U3, STM32C031K4U6, STM32C031K6T3, STM32C031K6T6, STM32C031K6U3, STM32C031K6U6, STM32C051C6T6, STM32C051C6U6, STM32C051C8T6, STM32C051C8U6, STM32C051D8Y6TR, STM32C051F6P6, STM32C051F8P6, STM32C051G6U6, STM32C051G8U6, STM32C051K6T6, STM32C051K6U6, STM32C051K8T6, STM32C071C8T6, STM32C071C8T6N, STM32C071C8U6, STM32C071C8U6N, STM32C071CBT6, STM32C071CBT6N, STM32C071CBU6, STM32C071CBU6N, STM32C071F8P6, STM32C071F8P6N, STM32C071FBP6, STM32C071FBP6N, STM32C071FBY6TR, STM32C071G8U6, STM32C071G8U6N, STM32C071GBU6, STM32C071GBU6N, STM32C071K8T6, STM32C071K8T6N, STM32C071K8U6, STM32C071K8U6N, STM32C071KBT6, STM32C071KBT6N, STM32C071KBU6, STM32C071KBU6N, STM32C071R8T6, STM32C071R8T6N, STM32C071RBI6N, STM32C071RBT6, STM32C071RBT6N, STM32C091CBT6, STM32C091CBU6, STM32C091CCT6, STM32C091CCU6, STM32C091ECY6TR, STM32C091FBP6, STM32C091FCP6, STM32C091GBU6, STM32C091GCU6, STM32C091KBT6, STM32C091KBU6, STM32C091KCT6, STM32C091KCU6, STM32C091RBT6, STM32C091RCI6, STM32C091RCT6, STM32C092CBT6, STM32C092CBU6, STM32C092CCT6, STM32C092CCU6, STM32C092ECY6TR, STM32C092FBP6, STM32C092FCP6, STM32C092GBU6, STM32C092GCU6, STM32C092KBT6, STM32C092KBU6, STM32C092KCT6, STM32C092KCU6, STM32C092RBT6, STM32C092RCI6, STM32C092RCT6, STM32G071K8TXN, STM32G071K8UXN, STM32G081GBU6N, STM32G081KBT6N, STM32G081KBUXN, STM32G0B1CCT6N, STM32G0B1KCT6, STM32G0B1NEY6TR, STM32G0B1RCT6N, STM32G0C1CCT6, STM32G0C1CCT6N, STM32G0C1CCU6N, STM32G0C1CET6N, STM32G0C1CEU6N, STM32G0C1KCT6, STM32G0C1NEY6TR, STM32G0C1RCI6N, STM32G0C1RCT6N, STM32G0C1REI6N, STM32G0C1RET6N, STM32G0C1VCI6, STM32G0C1VEI6, STM32G411C6T3, STM32G411C6T6, STM32G411C6U3, STM32G411C6U6, STM32G411C8T3, STM32G411C8T6, STM32G411C8U3, STM32G411C8U6, STM32G411CBT3, STM32G411CBT6, STM32G411CBU3, STM32G411CBU6, STM32G411K6T3, STM32G411K6T6, STM32G411K6U3, STM32G411K6U6, STM32G411K8T3, STM32G411K8T6, STM32G411K8U3, STM32G411K8U6, STM32G411KBT3, STM32G411KBT6, STM32G411KBU3, STM32G411KBU6, STM32G411M6T3, STM32G411M6T6, STM32G411M8T3, STM32G411M8T6, STM32G411MBT3, STM32G411MBT6, STM32G411R6T3, STM32G411R6T6, STM32G411R8T3, STM32G411R8T6, STM32G411RBT3, STM32G411RBT6, STM32G414CBT3, STM32G414CBT6, STM32G414CBU3, STM32G414CBU6, STM32G414CCT3, STM32G414CCT6, STM32G414CCU3, STM32G414CCU6, STM32G414MBT3, STM32G414MBT6, STM32G414MCT3, STM32G414MCT6, STM32G414RBT3, STM32G414RBT6, STM32G414RCT3, STM32G414RCT6, STM32G414VBT3, STM32G414VBT6, STM32G414VCT3, STM32G414VCT6, STM32G431CBT3Z, STM32G431RBT3Z, STM32G471CCT6, STM32G471CCU6, STM32G471CET3, STM32G471CET6, STM32G471CEU3, STM32G471CEU6, STM32G471MCT6, STM32G471MET3, STM32G471MET6, STM32G471MEY6TR, STM32G471QCT6, STM32G471QET3, STM32G471RCT6, STM32G471RET3, STM32G471RET6, STM32G471VCH6, STM32G471VCI6, STM32G471VCT6, STM32G471VEH3, STM32G471VEH6, STM32G471VEI3, STM32G471VEI6, STM32G471VET3, STM32G471VET6, STM32G473QET3Z, STM32G473RET3Z, STM32G474CCT6, STM32G491RET3Z, STM32H503CBT6, STM32H503CBU6, STM32H503EBY6TR, STM32H503KBU6, STM32H503RBT6, STM32H523CCT6, STM32H523CCU6, STM32H523CET6, STM32H523CEU6, STM32H523HEY6TR, STM32H523RCT6, STM32H523RET6, STM32H523VCI6, STM32H523VCT6, STM32H523VEI6, STM32H523VET6, STM32H523ZCJ6, STM32H523ZCT6, STM32H523ZEJ6, STM32H523ZET6, STM32H533CET6, STM32H533CEU6, STM32H533HEY6TR, STM32H533RET6, STM32H533VEI6, STM32H533VET6, STM32H533ZEJ6, STM32H533ZET6, STM32H562AGI6, STM32H562AII6, STM32H562IGK6, STM32H562IGT6, STM32H562IIK6, STM32H562IIT6, STM32H562RGT6, STM32H562RGV6, STM32H562RIT6, STM32H562RIV6, STM32H562VGT6, STM32H562VIT6, STM32H562ZGT6, STM32H562ZIT6, STM32H563AGI6, STM32H563AII3Q, STM32H563AII6, STM32H563IGK6, STM32H563IGT6, STM32H563IIK3Q, STM32H563IIK6, STM32H563IIT3Q, STM32H563IIT6, STM32H563MIY3QTR, STM32H563RGT6, STM32H563RGV6, STM32H563RIT6, STM32H563RIV6, STM32H563VGT6, STM32H563VIT3Q, STM32H563VIT6, STM32H563ZGT6, STM32H563ZIT3Q, STM32H563ZIT6, STM32H573AII3Q, STM32H573AII6, STM32H573I-DK, STM32H573IIK3Q, STM32H573IIK6, STM32H573IIT3Q, STM32H573IIT6, STM32H573MIY3QTR, STM32H573RIT6, STM32H573RIV6, STM32H573VIT3Q, STM32H573VIT6, STM32H573ZIT3Q, STM32H573ZIT6, STM32H7R3A8I6, STM32H7R3I8K6, STM32H7R3I8T6, STM32H7R3L8H6, STM32H7R3L8H6H, STM32H7R3R8V6, STM32H7R3V8H6, STM32H7R3V8T6, STM32H7R3V8Y6TR, STM32H7R3Z8J6, STM32H7R3Z8T6, STM32H7R7A8I6, STM32H7R7I8K6, STM32H7R7I8T6, STM32H7R7L8H6, STM32H7R7L8H6H, STM32H7R7Z8J6, STM32H7S3A8I6, STM32H7S3I8K6, STM32H7S3I8T6, STM32H7S3L8H6, STM32H7S3L8H6H, STM32H7S3R8V6, STM32H7S3V8H6, STM32H7S3V8T6, STM32H7S3V8Y6TR, STM32H7S3Z8J6, STM32H7S3Z8T6, STM32H7S78-DK, STM32H7S7A8I6, STM32H7S7I8K6, STM32H7S7I8T6, STM32H7S7L8H6, STM32H7S7L8H6H, STM32H7S7Z8J6, STM32L4R5QGI6STR, STM32MP131AAE3, STM32MP131AAF3, STM32MP131AAG3, STM32MP131CAE3, STM32MP131CAF3, STM32MP131CAG3, STM32MP131DAE7, STM32MP131DAF7, STM32MP131DAG7, STM32MP131FAE7, STM32MP131FAF7, STM32MP131FAG7, STM32MP133AAE3, STM32MP133AAF3, STM32MP133AAG3, STM32MP133CAE3, STM32MP133CAF3, STM32MP133CAG3, STM32MP133DAE7, STM32MP133DAF7, STM32MP133DAG7, STM32MP133FAE7, STM32MP133FAF7, STM32MP133FAG7, STM32MP135AAE3, STM32MP135AAF3, STM32MP135AAG3, STM32MP135CAE3, STM32MP135CAF3, STM32MP135CAG3, STM32MP135DAE7, STM32MP135DAF7, STM32MP135DAG7, STM32MP135F-DK, STM32MP135FAE7, STM32MP135FAF7, STM32MP135FAF7T, STM32MP135FAF7U, STM32MP135FAG7, STM32MP211AAL3, STM32MP211AAM3, STM32MP211AAN3, STM32MP211AAO3, STM32MP211CAL3, STM32MP211CAM3, STM32MP211CAN3, STM32MP211CAO3, STM32MP211DAL3, STM32MP211DAM3, STM32MP211DAN3, STM32MP211DAO3, STM32MP211FAL3, STM32MP211FAM3, STM32MP211FAN3, STM32MP211FAO3, STM32MP213AAL3, STM32MP213AAM3, STM32MP213AAN3, STM32MP213AAO3, STM32MP213CAL3, STM32MP213CAM3, STM32MP213CAN3, STM32MP213CAO3, STM32MP213DAL3, STM32MP213DAM3, STM32MP213DAN3, STM32MP213DAO3, STM32MP213FAL3, STM32MP213FAM3, STM32MP213FAN3, STM32MP213FAO3, STM32MP215AAL3, STM32MP215AAM3, STM32MP215AAN3, STM32MP215AAO3, STM32MP215CAL3, STM32MP215CAM3, STM32MP215CAN3, STM32MP215CAO3, STM32MP215DAL3, STM32MP215DAM3, STM32MP215DAN3, STM32MP215DAO3, STM32MP215F-DK, STM32MP215FAL3, STM32MP215FAM3, STM32MP215FAN3, STM32MP215FAO3, STM32MP231AAJ3, STM32MP231AAK3, STM32MP231AAL3, STM32MP231CAJ3, STM32MP231CAK3, STM32MP231CAL3, STM32MP231DAJ3, STM32MP231DAK3, STM32MP231DAL3, STM32MP231FAJ3, STM32MP231FAK3, STM32MP231FAL3, STM32MP233AAJ3, STM32MP233AAK3, STM32MP233AAL3, STM32MP233CAJ3, STM32MP233CAK3, STM32MP233CAL3, STM32MP233DAJ3, STM32MP233DAK3, STM32MP233DAL3, STM32MP233FAJ3, STM32MP233FAK3, STM32MP233FAL3, STM32MP235AAJ3, STM32MP235AAK3, STM32MP235AAL3, STM32MP235CAJ3, STM32MP235CAK3, STM32MP235CAL3, STM32MP235DAJ3, STM32MP235DAK3, STM32MP235DAL3, STM32MP235FAJ3, STM32MP235FAK3, STM32MP235FAL3, STM32MP251AAI3, STM32MP251AAK3, STM32MP251AAL3, STM32MP251CAI3, STM32MP251CAK3, STM32MP251CAL3, STM32MP251DAI3, STM32MP251DAK3, STM32MP251DAL3, STM32MP251FAI3, STM32MP251FAK3, STM32MP251FAL3, STM32MP253AAI3, STM32MP253AAK3, STM32MP253AAL3, STM32MP253CAI3, STM32MP253CAK3, STM32MP253CAL3, STM32MP253DAI3, STM32MP253DAK3, STM32MP253DAL3, STM32MP253FAI3, STM32MP253FAK3, STM32MP253FAL3, STM32MP255AAI3, STM32MP255AAK3, STM32MP255AAL3, STM32MP255CAI3, STM32MP255CAK3, STM32MP255CAL3, STM32MP255DAI3, STM32MP255DAK3, STM32MP255DAL3, STM32MP255FAI3, STM32MP255FAK3, STM32MP255FAL3, STM32MP257AAI3, STM32MP257AAK3, STM32MP257AAL3, STM32MP257CAI3, STM32MP257CAK3, STM32MP257CAL3, STM32MP257DAI3, STM32MP257DAK3, STM32MP257DAL3, STM32MP257F-DK, STM32MP257F-EV1, STM32MP257FAI3, STM32MP257FAK3, STM32MP257FAL3, STM32N645A0H3Q, STM32N645B0H3Q, STM32N645I0H3Q, STM32N645L0H3Q, STM32N645X0H3Q, STM32N645Z0H3Q, STM32N647A0H3Q, STM32N647B0H3Q, STM32N647I0H3Q, STM32N647L0H3Q, STM32N647X0H3Q, STM32N647Z0H3Q, STM32N655A0H3Q, STM32N655B0H3Q, STM32N655I0H3Q, STM32N655L0H3Q, STM32N655X0H3Q, STM32N655Z0H3Q, STM32N6570-DK, STM32N657A0H3Q, STM32N657B0H3Q, STM32N657I0H3Q, STM32N657L0H3Q, STM32N657X0H3Q, STM32N657Z0H3Q, STM32U031C6T6, STM32U031C6U6, STM32U031C8T6, STM32U031C8U6, STM32U031F4P6, STM32U031F6P6, STM32U031F8P6, STM32U031G6Y6TR, STM32U031G8Y6TR, STM32U031K4U6, STM32U031K6U6, STM32U031K8U6, STM32U031R6I6, STM32U031R6T6, STM32U031R8I6, STM32U031R8T6, STM32U073C8T6, STM32U073C8U6, STM32U073CBT6, STM32U073CBU6, STM32U073CCT6, STM32U073CCU6, STM32U073H8Y6TR, STM32U073HBY6TR, STM32U073HCY6TR, STM32U073K8U6, STM32U073KBU6, STM32U073KCU6, STM32U073M8I6, STM32U073M8T6, STM32U073MBI6, STM32U073MBT6, STM32U073MCI6, STM32U073MCT6, STM32U073R8I6, STM32U073R8T6, STM32U073RBI6, STM32U073RBT6, STM32U073RCI6, STM32U073RCT6, STM32U083C-DK, STM32U083CCT6, STM32U083CCU6, STM32U083HCY6TR, STM32U083KCU6, STM32U083MCI6, STM32U083MCT6, STM32U083RCI6, STM32U083RCT6, STM32U375CET6, STM32U375CET6Q, STM32U375CEU6, STM32U375CEU6Q, STM32U375CEY6QTR, STM32U375CGT6, STM32U375CGT6Q, STM32U375CGU6, STM32U375CGU6Q, STM32U375CGY6QTR, STM32U375KEU6, STM32U375KGU6, STM32U375REI6, STM32U375REI6Q, STM32U375RET6, STM32U375RET6Q, STM32U375REY6GTR, STM32U375REY6QTR, STM32U375RGI6, STM32U375RGI6Q, STM32U375RGT6, STM32U375RGT6Q, STM32U375RGY6GTR, STM32U375RGY6QTR, STM32U375VEI6, STM32U375VEI6Q, STM32U375VET6, STM32U375VET6Q, STM32U375VGI6, STM32U375VGI6Q, STM32U375VGT6, STM32U375VGT6Q, STM32U385CGT6, STM32U385CGT6Q, STM32U385CGU6, STM32U385CGU6Q, STM32U385CGY6QTR, STM32U385KGU6, STM32U385RGI6, STM32U385RGI6Q, STM32U385RGT6, STM32U385RGT6Q, STM32U385RGY6GTR, STM32U385RGY6QTR, STM32U385VGI6, STM32U385VGI6Q, STM32U385VGT6, STM32U385VGT6Q, STM32U535CBT6, STM32U535CBT6Q, STM32U535CBU6, STM32U535CBU6Q, STM32U535CCT6, STM32U535CCT6Q, STM32U535CCU6, STM32U535CCU6Q, STM32U535CET6, STM32U535CET6Q, STM32U535CEU6, STM32U535CEU6Q, STM32U535JEY6QTR, STM32U535NCY6QTR, STM32U535NEY6QTR, STM32U535RBI6, STM32U535RBI6Q, STM32U535RBT6, STM32U535RBT6Q, STM32U535RCI6, STM32U535RCI6Q, STM32U535RCT6, STM32U535RCT6Q, STM32U535REI6, STM32U535REI6Q, STM32U535RET6, STM32U535RET6Q, STM32U535VCI6, STM32U535VCI6Q, STM32U535VCT6, STM32U535VCT6Q, STM32U535VEI6, STM32U535VEI6Q, STM32U535VET6, STM32U535VET6Q, STM32U545CET6, STM32U545CET6Q, STM32U545CEU6, STM32U545CEU6Q, STM32U545JEY6QTR, STM32U545NEY6QTR, STM32U545REI6, STM32U545REI6Q, STM32U545RET6, STM32U545RET6Q, STM32U545VEI6, STM32U545VEI6Q, STM32U545VET6, STM32U545VET6Q, STM32U595AIH6, STM32U595AIH6Q, STM32U595AJH6, STM32U595AJH6Q, STM32U595QII6, STM32U595QII6Q, STM32U595QJI6, STM32U595QJI6Q, STM32U595RIT6, STM32U595RIT6Q, STM32U595RJT6, STM32U595RJT6Q, STM32U595VIT6, STM32U595VIT6Q, STM32U595VJT6, STM32U595VJT6Q, STM32U595ZIT6, STM32U595ZIT6Q, STM32U595ZIY6QTR, STM32U595ZJT6, STM32U595ZJT6Q, STM32U595ZJY6QTR, STM32U599BJY6QTR, STM32U599NIH6Q, STM32U599NJH6Q, STM32U599VIT6Q, STM32U599VJT6, STM32U599VJT6Q, STM32U599ZIT6Q, STM32U599ZIY6QTR, STM32U599ZJT6Q, STM32U599ZJY6QTR, STM32U5A5AJH6, STM32U5A5AJH6Q, STM32U5A5QII3Q , STM32U5A5QJI6, STM32U5A5QJI6Q, STM32U5A5RJT6, STM32U5A5RJT6Q, STM32U5A5VJT6, STM32U5A5VJT6Q, STM32U5A5ZJT6, STM32U5A5ZJT6Q, STM32U5A5ZJY6QTR, STM32U5A9BJY6QTR, STM32U5A9J-DK, STM32U5A9NJH6Q, STM32U5A9VJT6Q, STM32U5A9ZJT6Q, STM32U5A9ZJY6QTR, STM32U5F7VIT6, STM32U5F7VIT6Q, STM32U5F7VJT6, STM32U5F7VJT6Q, STM32U5F9BJY6QTR, STM32U5F9NJH6Q, STM32U5F9VIT6Q, STM32U5F9VJT6Q, STM32U5F9ZIJ6QTR, STM32U5F9ZIT6Q, STM32U5F9ZJJ6QTR, STM32U5F9ZJT6Q, STM32U5G7VJT6, STM32U5G7VJT6Q, STM32U5G9BJY6QTR, STM32U5G9J-DK1, STM32U5G9J-DK2, STM32U5G9NJH6Q, STM32U5G9VJT6Q, STM32U5G9ZJJ6QTR, STM32U5G9ZJT6Q, STM32WB05KZV6TR, STM32WB05KZV7TR, STM32WB05TZF6TR, STM32WB05TZF7TR, STM32WB06CCF6TR, STM32WB06CCF7TR, STM32WB06CCV6TR, STM32WB06CCV7TR, STM32WB06KCV6TR, STM32WB06KCV7TR, STM32WB07CCF6TR, STM32WB07CCF7TR, STM32WB07CCV6TR, STM32WB07CCV7TR, STM32WB07KCV6TR, STM32WB07KCV7TR, STM32WB09KEV6TR, STM32WB09KEV7TR, STM32WB09TEF6TR, STM32WB09TEF7TR, STM32WB1MMCH6, STM32WBA50KGU6, STM32WBA50KGU6TR, STM32WBA52CEU6, STM32WBA52CEU6TR, STM32WBA52CEU7, STM32WBA52CEU7TR, STM32WBA52CGU6, STM32WBA52CGU6TR, STM32WBA52CGU6U, STM32WBA52CGU7, STM32WBA52CGU7TR, STM32WBA52KEU6, STM32WBA52KEU6TR, STM32WBA52KGU6, STM32WBA52KGU6TR, STM32WBA54CEU6, STM32WBA54CEU6TR, STM32WBA54CEU7, STM32WBA54CEU7TR, STM32WBA54CGU6, STM32WBA54CGU6TR, STM32WBA54CGU7, STM32WBA54CGU7TR, STM32WBA54KEU6, STM32WBA54KEU6TR, STM32WBA54KEU7, STM32WBA54KEU7TR, STM32WBA54KGU6, STM32WBA54KGU6TR, STM32WBA54KGU7, STM32WBA54KGU7TR, STM32WBA55CEU6, STM32WBA55CEU6TR, STM32WBA55CEU7, STM32WBA55CEU7TR, STM32WBA55CGU6, STM32WBA55CGU6TR, STM32WBA55CGU6U, STM32WBA55CGU7, STM32WBA55CGU7TR, STM32WBA55G-DK1, STM32WBA55HEF6, STM32WBA55HEF7, STM32WBA55HGF6, STM32WBA55HGF7, STM32WBA55UEI6, STM32WBA55UEI6TR, STM32WBA55UEI7, STM32WBA55UEI7TR, STM32WBA55UGI6, STM32WBA55UGI6TR, STM32WBA55UGI7, STM32WBA55UGI7TR, STM32WBA5MMGH6TR, STM32WBA62MGF6, STM32WBA62MIF6, STM32WBA65MGF7, STM32WBA65MIF6, STM32WBA65MIF7, STM32WL30K8V6, STM32WL30KBV6, STM32WL31C8V6, STM32WL31CBV6, STM32WL31K8V6, STM32WL31KBV6, STM32WL33C8V6, STM32WL33C8V6X, STM32WL33CBV6, STM32WL33CBV6X, STM32WL33CCV6, STM32WL33CCV6A, STM32WL33CCV6X, STM32WL33K8V7, STM32WL33K8V7X, STM32WL33KBV7 , STM32WL33KBV7X, STM32WL33KCV7, STM32WL33KCV7X, STM32WL5MOCH6, STM32WL5MOCH6TR]
2025-11-24 13:44:46,470 [INFO] DbMcus:218 - Found 4876 MCUs, 4876 are supported
2025-11-24 13:44:46,471 [INFO] ApiDb:423 - Load user favorites file C:\Users\jansu/.stm32cubeide/favorites.mcus.txt: 2 item(s)
2025-11-24 13:44:46,471 [INFO] ApiDb:427 - User favorites MCUs=[STM32C031C6U6, STM32F030C8T6]
2025-11-24 13:44:46,471 [INFO] DbMcus:224 - Set 2 / 2 favorites MCUs
2025-11-24 13:44:46,958 [INFO] ApiDb:668 - CubeFinder database Data Model version=2.1
2025-11-24 13:44:46,959 [INFO] ApiDb:669 - CubeFinder database Configuration version=3.0.39
2025-11-24 13:44:46,959 [INFO] ApiDb:670 - CubeFinder database generation date=2025-11-05 (1762334721)
2025-11-24 13:44:46,959 [INFO] ApiDb:671 - CubeFinder database FW Pack versions=[FP-ATR-ASTRA1_V2.0.0, FP-SNS-FLIGHT1_V5.1.0, FP-SNS-MOTENV1_V5.1.0, FP-SNS-MOTENVWB1_V1.4.0, FP-SNS-SMARTAG2_V1.2.0, FP-SNS-STBOX1_V2.1.0, STM32Cube_FW_C0_V1.4.0, STM32Cube_FW_F4_V1.28.3, STM32Cube_FW_F7_V1.17.4, STM32Cube_FW_G0_V1.6.2, STM32Cube_FW_G4_V1.6.1, STM32Cube_FW_H5_V1.5.1, STM32Cube_FW_H7RS_V1.3.0, STM32Cube_FW_H7_V1.12.1, STM32Cube_FW_L0_V1.12.2, STM32Cube_FW_L4_V1.18.1, STM32Cube_FW_L5_V1.6.0, STM32Cube_FW_N6_V1.3.0, STM32Cube_FW_U0_V1.3.0, STM32Cube_FW_U3_V1.2.1, STM32Cube_FW_U5_V1.8.0, STM32Cube_FW_WB0_V1.4.0, STM32Cube_FW_WBA_V1.8.0, STM32Cube_FW_WB_V1.24.0, STM32Cube_FW_WL3_V1.3.0, STM32Cube_FW_WL_V1.4.0, X-CUBE-ALGOBUILD_V1.4.0, X-CUBE-ALS_V1.0.2, X-CUBE-AZRTOS-F4_V1.1.0, X-CUBE-AZRTOS-F7_V1.1.0, X-CUBE-AZRTOS-G0_V1.1.0, X-CUBE-AZRTOS-G4_V2.0.0, X-CUBE-AZRTOS-H7RS_V1.1.0, X-CUBE-AZRTOS-H7_V3.4.0, X-CUBE-AZRTOS-L4_V2.0.0, X-CUBE-AZRTOS-L5_V2.0.0, X-CUBE-AZRTOS-WB_V2.0.0, X-CUBE-AZRTOS-WL_V2.0.0, X-CUBE-BLE1_V7.1.0, X-CUBE-BLE2_V3.3.0, X-CUBE-BLEMGR_V4.1.0, X-CUBE-EEPRMA1_V5.2.0, X-CUBE-FREERTOS_V1.3.1, X-CUBE-GNSS1_V6.0.0, X-CUBE-MEMS1_V11.3.0, X-CUBE-NFC4_V3.0.0, X-CUBE-NFC7_V2.0.0, X-CUBE-SFXS2LP1_V4.0.0, X-CUBE-ST67W61_V1.1.0, X-CUBE-SUBG2_V5.0.0, X-CUBE-TOF1_V3.4.3]
2025-11-24 13:44:47,019 [INFO] DbBoardsSqlite:226 - include board P-NUCLEO-WB55-NUCLEO as a kit item of type 'Nucleo-64'
2025-11-24 13:44:47,019 [INFO] DbBoardsSqlite:226 - include board P-NUCLEO-WB55-USBDONGLE as a kit item of type 'Nucleo USB Dongle'
2025-11-24 13:44:47,020 [INFO] DbBoardsSqlite:226 - include board STEVAL-IDP005V1 as a kit item of type 'Evaluation Board'
2025-11-24 13:44:47,020 [INFO] DbBoardsSqlite:226 - include board STEVAL-IDP005V2 as a kit item of type 'Evaluation Board'
2025-11-24 13:44:47,104 [INFO] ApiDb:240 - Found 880 in-development CPN: [B-G473E-ZEST1S, B-WB1M-WPAN1, B-WBA5M-WPAN, B-WL5M-SUBG1, NUCLEO-C031C6, NUCLEO-C051C8, NUCLEO-C071RB, NUCLEO-C092RC, NUCLEO-H503RB, NUCLEO-H533RE, NUCLEO-H563ZI, NUCLEO-H7S3L8, NUCLEO-N657X0-Q, NUCLEO-U031R8, NUCLEO-U083RC, NUCLEO-U385RG-Q, NUCLEO-U545RE-Q, NUCLEO-U5A5ZJ-Q, NUCLEO-WB05KZ, NUCLEO-WB07CC, NUCLEO-WB09KE, NUCLEO-WBA52CG, NUCLEO-WBA55CG, NUCLEO-WL33CC1, NUCLEO-WL33CC2, STEVAL-PROTEUS1, STEVAL-SMARTAG2, STEVAL-STWINBX1, STM320518-EVAL, STM32C0116-DK, STM32C011D6Y3TR, STM32C011D6Y6TR, STM32C011F4P3, STM32C011F4P6, STM32C011F4U3, STM32C011F4U6TR, STM32C011F6P3, STM32C011F6P6, STM32C011F6U3, STM32C011F6U6TR, STM32C011J4M3, STM32C011J4M6, STM32C011J6M3, STM32C011J6M6, STM32C0316-DK, STM32C031C4T3, STM32C031C4T6, STM32C031C4U3, STM32C031C4U6, STM32C031C6T3, STM32C031C6T6, STM32C031C6U3, STM32C031C6U6, STM32C031F4P3, STM32C031F4P6, STM32C031F6P3, STM32C031F6P6, STM32C031G4U3, STM32C031G4U6, STM32C031G6U3, STM32C031G6U6, STM32C031K4T3, STM32C031K4T6, STM32C031K4U3, STM32C031K4U6, STM32C031K6T3, STM32C031K6T6, STM32C031K6U3, STM32C031K6U6, STM32C051C6T6, STM32C051C6U6, STM32C051C8T6, STM32C051C8U6, STM32C051D8Y6TR, STM32C051F6P6, STM32C051F8P6, STM32C051G6U6, STM32C051G8U6, STM32C051K6T6, STM32C051K6U6, STM32C051K8T6, STM32C071C8T6, STM32C071C8T6N, STM32C071C8U6, STM32C071C8U6N, STM32C071CBT6, STM32C071CBT6N, STM32C071CBU6, STM32C071CBU6N, STM32C071F8P6, STM32C071F8P6N, STM32C071FBP6, STM32C071FBP6N, STM32C071FBY6TR, STM32C071G8U6, STM32C071G8U6N, STM32C071GBU6, STM32C071GBU6N, STM32C071K8T6, STM32C071K8T6N, STM32C071K8U6, STM32C071K8U6N, STM32C071KBT6, STM32C071KBT6N, STM32C071KBU6, STM32C071KBU6N, STM32C071R8T6, STM32C071R8T6N, STM32C071RBI6N, STM32C071RBT6, STM32C071RBT6N, STM32C091CBT6, STM32C091CBU6, STM32C091CCT6, STM32C091CCU6, STM32C091ECY6TR, STM32C091FBP6, STM32C091FCP6, STM32C091GBU6, STM32C091GCU6, STM32C091KBT6, STM32C091KBU6, STM32C091KCT6, STM32C091KCU6, STM32C091RBT6, STM32C091RCI6, STM32C091RCT6, STM32C092CBT6, STM32C092CBU6, STM32C092CCT6, STM32C092CCU6, STM32C092ECY6TR, STM32C092FBP6, STM32C092FCP6, STM32C092GBU6, STM32C092GCU6, STM32C092KBT6, STM32C092KBU6, STM32C092KCT6, STM32C092KCU6, STM32C092RBT6, STM32C092RCI6, STM32C092RCT6, STM32G071K8TXN, STM32G071K8UXN, STM32G081GBU6N, STM32G081KBT6N, STM32G081KBUXN, STM32G0B1CCT6N, STM32G0B1KCT6, STM32G0B1NEY6TR, STM32G0B1RCT6N, STM32G0C1CCT6, STM32G0C1CCT6N, STM32G0C1CCU6N, STM32G0C1CET6N, STM32G0C1CEU6N, STM32G0C1KCT6, STM32G0C1NEY6TR, STM32G0C1RCI6N, STM32G0C1RCT6N, STM32G0C1REI6N, STM32G0C1RET6N, STM32G0C1VCI6, STM32G0C1VEI6, STM32G411C6T3, STM32G411C6T6, STM32G411C6U3, STM32G411C6U6, STM32G411C8T3, STM32G411C8T6, STM32G411C8U3, STM32G411C8U6, STM32G411CBT3, STM32G411CBT6, STM32G411CBU3, STM32G411CBU6, STM32G411K6T3, STM32G411K6T6, STM32G411K6U3, STM32G411K6U6, STM32G411K8T3, STM32G411K8T6, STM32G411K8U3, STM32G411K8U6, STM32G411KBT3, STM32G411KBT6, STM32G411KBU3, STM32G411KBU6, STM32G411M6T3, STM32G411M6T6, STM32G411M8T3, STM32G411M8T6, STM32G411MBT3, STM32G411MBT6, STM32G411R6T3, STM32G411R6T6, STM32G411R8T3, STM32G411R8T6, STM32G411RBT3, STM32G411RBT6, STM32G414CBT3, STM32G414CBT6, STM32G414CBU3, STM32G414CBU6, STM32G414CCT3, STM32G414CCT6, STM32G414CCU3, STM32G414CCU6, STM32G414MBT3, STM32G414MBT6, STM32G414MCT3, STM32G414MCT6, STM32G414RBT3, STM32G414RBT6, STM32G414RCT3, STM32G414RCT6, STM32G414VBT3, STM32G414VBT6, STM32G414VCT3, STM32G414VCT6, STM32G431CBT3Z, STM32G431RBT3Z, STM32G471CCT6, STM32G471CCU6, STM32G471CET3, STM32G471CET6, STM32G471CEU3, STM32G471CEU6, STM32G471MCT6, STM32G471MET3, STM32G471MET6, STM32G471MEY6TR, STM32G471QCT6, STM32G471QET3, STM32G471RCT6, STM32G471RET3, STM32G471RET6, STM32G471VCH6, STM32G471VCI6, STM32G471VCT6, STM32G471VEH3, STM32G471VEH6, STM32G471VEI3, STM32G471VEI6, STM32G471VET3, STM32G471VET6, STM32G473QET3Z, STM32G473RET3Z, STM32G474CCT6, STM32G491RET3Z, STM32H503CBT6, STM32H503CBU6, STM32H503EBY6TR, STM32H503KBU6, STM32H503RBT6, STM32H523CCT6, STM32H523CCU6, STM32H523CET6, STM32H523CEU6, STM32H523HEY6TR, STM32H523RCT6, STM32H523RET6, STM32H523VCI6, STM32H523VCT6, STM32H523VEI6, STM32H523VET6, STM32H523ZCJ6, STM32H523ZCT6, STM32H523ZEJ6, STM32H523ZET6, STM32H533CET6, STM32H533CEU6, STM32H533HEY6TR, STM32H533RET6, STM32H533VEI6, STM32H533VET6, STM32H533ZEJ6, STM32H533ZET6, STM32H562AGI6, STM32H562AII6, STM32H562IGK6, STM32H562IGT6, STM32H562IIK6, STM32H562IIT6, STM32H562RGT6, STM32H562RGV6, STM32H562RIT6, STM32H562RIV6, STM32H562VGT6, STM32H562VIT6, STM32H562ZGT6, STM32H562ZIT6, STM32H563AGI6, STM32H563AII3Q, STM32H563AII6, STM32H563IGK6, STM32H563IGT6, STM32H563IIK3Q, STM32H563IIK6, STM32H563IIT3Q, STM32H563IIT6, STM32H563MIY3QTR, STM32H563RGT6, STM32H563RGV6, STM32H563RIT6, STM32H563RIV6, STM32H563VGT6, STM32H563VIT3Q, STM32H563VIT6, STM32H563ZGT6, STM32H563ZIT3Q, STM32H563ZIT6, STM32H573AII3Q, STM32H573AII6, STM32H573I-DK, STM32H573IIK3Q, STM32H573IIK6, STM32H573IIT3Q, STM32H573IIT6, STM32H573MIY3QTR, STM32H573RIT6, STM32H573RIV6, STM32H573VIT3Q, STM32H573VIT6, STM32H573ZIT3Q, STM32H573ZIT6, STM32H7R3A8I6, STM32H7R3I8K6, STM32H7R3I8T6, STM32H7R3L8H6, STM32H7R3L8H6H, STM32H7R3R8V6, STM32H7R3V8H6, STM32H7R3V8T6, STM32H7R3V8Y6TR, STM32H7R3Z8J6, STM32H7R3Z8T6, STM32H7R7A8I6, STM32H7R7I8K6, STM32H7R7I8T6, STM32H7R7L8H6, STM32H7R7L8H6H, STM32H7R7Z8J6, STM32H7S3A8I6, STM32H7S3I8K6, STM32H7S3I8T6, STM32H7S3L8H6, STM32H7S3L8H6H, STM32H7S3R8V6, STM32H7S3V8H6, STM32H7S3V8T6, STM32H7S3V8Y6TR, STM32H7S3Z8J6, STM32H7S3Z8T6, STM32H7S78-DK, STM32H7S7A8I6, STM32H7S7I8K6, STM32H7S7I8T6, STM32H7S7L8H6, STM32H7S7L8H6H, STM32H7S7Z8J6, STM32L4R5QGI6STR, STM32MP131AAE3, STM32MP131AAF3, STM32MP131AAG3, STM32MP131CAE3, STM32MP131CAF3, STM32MP131CAG3, STM32MP131DAE7, STM32MP131DAF7, STM32MP131DAG7, STM32MP131FAE7, STM32MP131FAF7, STM32MP131FAG7, STM32MP133AAE3, STM32MP133AAF3, STM32MP133AAG3, STM32MP133CAE3, STM32MP133CAF3, STM32MP133CAG3, STM32MP133DAE7, STM32MP133DAF7, STM32MP133DAG7, STM32MP133FAE7, STM32MP133FAF7, STM32MP133FAG7, STM32MP135AAE3, STM32MP135AAF3, STM32MP135AAG3, STM32MP135CAE3, STM32MP135CAF3, STM32MP135CAG3, STM32MP135DAE7, STM32MP135DAF7, STM32MP135DAG7, STM32MP135F-DK, STM32MP135FAE7, STM32MP135FAF7, STM32MP135FAF7T, STM32MP135FAF7U, STM32MP135FAG7, STM32MP211AAL3, STM32MP211AAM3, STM32MP211AAN3, STM32MP211AAO3, STM32MP211CAL3, STM32MP211CAM3, STM32MP211CAN3, STM32MP211CAO3, STM32MP211DAL3, STM32MP211DAM3, STM32MP211DAN3, STM32MP211DAO3, STM32MP211FAL3, STM32MP211FAM3, STM32MP211FAN3, STM32MP211FAO3, STM32MP213AAL3, STM32MP213AAM3, STM32MP213AAN3, STM32MP213AAO3, STM32MP213CAL3, STM32MP213CAM3, STM32MP213CAN3, STM32MP213CAO3, STM32MP213DAL3, STM32MP213DAM3, STM32MP213DAN3, STM32MP213DAO3, STM32MP213FAL3, STM32MP213FAM3, STM32MP213FAN3, STM32MP213FAO3, STM32MP215AAL3, STM32MP215AAM3, STM32MP215AAN3, STM32MP215AAO3, STM32MP215CAL3, STM32MP215CAM3, STM32MP215CAN3, STM32MP215CAO3, STM32MP215DAL3, STM32MP215DAM3, STM32MP215DAN3, STM32MP215DAO3, STM32MP215F-DK, STM32MP215FAL3, STM32MP215FAM3, STM32MP215FAN3, STM32MP215FAO3, STM32MP231AAJ3, STM32MP231AAK3, STM32MP231AAL3, STM32MP231CAJ3, STM32MP231CAK3, STM32MP231CAL3, STM32MP231DAJ3, STM32MP231DAK3, STM32MP231DAL3, STM32MP231FAJ3, STM32MP231FAK3, STM32MP231FAL3, STM32MP233AAJ3, STM32MP233AAK3, STM32MP233AAL3, STM32MP233CAJ3, STM32MP233CAK3, STM32MP233CAL3, STM32MP233DAJ3, STM32MP233DAK3, STM32MP233DAL3, STM32MP233FAJ3, STM32MP233FAK3, STM32MP233FAL3, STM32MP235AAJ3, STM32MP235AAK3, STM32MP235AAL3, STM32MP235CAJ3, STM32MP235CAK3, STM32MP235CAL3, STM32MP235DAJ3, STM32MP235DAK3, STM32MP235DAL3, STM32MP235FAJ3, STM32MP235FAK3, STM32MP235FAL3, STM32MP251AAI3, STM32MP251AAK3, STM32MP251AAL3, STM32MP251CAI3, STM32MP251CAK3, STM32MP251CAL3, STM32MP251DAI3, STM32MP251DAK3, STM32MP251DAL3, STM32MP251FAI3, STM32MP251FAK3, STM32MP251FAL3, STM32MP253AAI3, STM32MP253AAK3, STM32MP253AAL3, STM32MP253CAI3, STM32MP253CAK3, STM32MP253CAL3, STM32MP253DAI3, STM32MP253DAK3, STM32MP253DAL3, STM32MP253FAI3, STM32MP253FAK3, STM32MP253FAL3, STM32MP255AAI3, STM32MP255AAK3, STM32MP255AAL3, STM32MP255CAI3, STM32MP255CAK3, STM32MP255CAL3, STM32MP255DAI3, STM32MP255DAK3, STM32MP255DAL3, STM32MP255FAI3, STM32MP255FAK3, STM32MP255FAL3, STM32MP257AAI3, STM32MP257AAK3, STM32MP257AAL3, STM32MP257CAI3, STM32MP257CAK3, STM32MP257CAL3, STM32MP257DAI3, STM32MP257DAK3, STM32MP257DAL3, STM32MP257F-DK, STM32MP257F-EV1, STM32MP257FAI3, STM32MP257FAK3, STM32MP257FAL3, STM32N645A0H3Q, STM32N645B0H3Q, STM32N645I0H3Q, STM32N645L0H3Q, STM32N645X0H3Q, STM32N645Z0H3Q, STM32N647A0H3Q, STM32N647B0H3Q, STM32N647I0H3Q, STM32N647L0H3Q, STM32N647X0H3Q, STM32N647Z0H3Q, STM32N655A0H3Q, STM32N655B0H3Q, STM32N655I0H3Q, STM32N655L0H3Q, STM32N655X0H3Q, STM32N655Z0H3Q, STM32N6570-DK, STM32N657A0H3Q, STM32N657B0H3Q, STM32N657I0H3Q, STM32N657L0H3Q, STM32N657X0H3Q, STM32N657Z0H3Q, STM32U031C6T6, STM32U031C6U6, STM32U031C8T6, STM32U031C8U6, STM32U031F4P6, STM32U031F6P6, STM32U031F8P6, STM32U031G6Y6TR, STM32U031G8Y6TR, STM32U031K4U6, STM32U031K6U6, STM32U031K8U6, STM32U031R6I6, STM32U031R6T6, STM32U031R8I6, STM32U031R8T6, STM32U073C8T6, STM32U073C8U6, STM32U073CBT6, STM32U073CBU6, STM32U073CCT6, STM32U073CCU6, STM32U073H8Y6TR, STM32U073HBY6TR, STM32U073HCY6TR, STM32U073K8U6, STM32U073KBU6, STM32U073KCU6, STM32U073M8I6, STM32U073M8T6, STM32U073MBI6, STM32U073MBT6, STM32U073MCI6, STM32U073MCT6, STM32U073R8I6, STM32U073R8T6, STM32U073RBI6, STM32U073RBT6, STM32U073RCI6, STM32U073RCT6, STM32U083C-DK, STM32U083CCT6, STM32U083CCU6, STM32U083HCY6TR, STM32U083KCU6, STM32U083MCI6, STM32U083MCT6, STM32U083RCI6, STM32U083RCT6, STM32U375CET6, STM32U375CET6Q, STM32U375CEU6, STM32U375CEU6Q, STM32U375CEY6QTR, STM32U375CGT6, STM32U375CGT6Q, STM32U375CGU6, STM32U375CGU6Q, STM32U375CGY6QTR, STM32U375KEU6, STM32U375KGU6, STM32U375REI6, STM32U375REI6Q, STM32U375RET6, STM32U375RET6Q, STM32U375REY6GTR, STM32U375REY6QTR, STM32U375RGI6, STM32U375RGI6Q, STM32U375RGT6, STM32U375RGT6Q, STM32U375RGY6GTR, STM32U375RGY6QTR, STM32U375VEI6, STM32U375VEI6Q, STM32U375VET6, STM32U375VET6Q, STM32U375VGI6, STM32U375VGI6Q, STM32U375VGT6, STM32U375VGT6Q, STM32U385CGT6, STM32U385CGT6Q, STM32U385CGU6, STM32U385CGU6Q, STM32U385CGY6QTR, STM32U385KGU6, STM32U385RGI6, STM32U385RGI6Q, STM32U385RGT6, STM32U385RGT6Q, STM32U385RGY6GTR, STM32U385RGY6QTR, STM32U385VGI6, STM32U385VGI6Q, STM32U385VGT6, STM32U385VGT6Q, STM32U535CBT6, STM32U535CBT6Q, STM32U535CBU6, STM32U535CBU6Q, STM32U535CCT6, STM32U535CCT6Q, STM32U535CCU6, STM32U535CCU6Q, STM32U535CET6, STM32U535CET6Q, STM32U535CEU6, STM32U535CEU6Q, STM32U535JEY6QTR, STM32U535NCY6QTR, STM32U535NEY6QTR, STM32U535RBI6, STM32U535RBI6Q, STM32U535RBT6, STM32U535RBT6Q, STM32U535RCI6, STM32U535RCI6Q, STM32U535RCT6, STM32U535RCT6Q, STM32U535REI6, STM32U535REI6Q, STM32U535RET6, STM32U535RET6Q, STM32U535VCI6, STM32U535VCI6Q, STM32U535VCT6, STM32U535VCT6Q, STM32U535VEI6, STM32U535VEI6Q, STM32U535VET6, STM32U535VET6Q, STM32U545CET6, STM32U545CET6Q, STM32U545CEU6, STM32U545CEU6Q, STM32U545JEY6QTR, STM32U545NEY6QTR, STM32U545REI6, STM32U545REI6Q, STM32U545RET6, STM32U545RET6Q, STM32U545VEI6, STM32U545VEI6Q, STM32U545VET6, STM32U545VET6Q, STM32U595AIH6, STM32U595AIH6Q, STM32U595AJH6, STM32U595AJH6Q, STM32U595QII6, STM32U595QII6Q, STM32U595QJI6, STM32U595QJI6Q, STM32U595RIT6, STM32U595RIT6Q, STM32U595RJT6, STM32U595RJT6Q, STM32U595VIT6, STM32U595VIT6Q, STM32U595VJT6, STM32U595VJT6Q, STM32U595ZIT6, STM32U595ZIT6Q, STM32U595ZIY6QTR, STM32U595ZJT6, STM32U595ZJT6Q, STM32U595ZJY6QTR, STM32U599BJY6QTR, STM32U599NIH6Q, STM32U599NJH6Q, STM32U599VIT6Q, STM32U599VJT6, STM32U599VJT6Q, STM32U599ZIT6Q, STM32U599ZIY6QTR, STM32U599ZJT6Q, STM32U599ZJY6QTR, STM32U5A5AJH6, STM32U5A5AJH6Q, STM32U5A5QII3Q , STM32U5A5QJI6, STM32U5A5QJI6Q, STM32U5A5RJT6, STM32U5A5RJT6Q, STM32U5A5VJT6, STM32U5A5VJT6Q, STM32U5A5ZJT6, STM32U5A5ZJT6Q, STM32U5A5ZJY6QTR, STM32U5A9BJY6QTR, STM32U5A9J-DK, STM32U5A9NJH6Q, STM32U5A9VJT6Q, STM32U5A9ZJT6Q, STM32U5A9ZJY6QTR, STM32U5F7VIT6, STM32U5F7VIT6Q, STM32U5F7VJT6, STM32U5F7VJT6Q, STM32U5F9BJY6QTR, STM32U5F9NJH6Q, STM32U5F9VIT6Q, STM32U5F9VJT6Q, STM32U5F9ZIJ6QTR, STM32U5F9ZIT6Q, STM32U5F9ZJJ6QTR, STM32U5F9ZJT6Q, STM32U5G7VJT6, STM32U5G7VJT6Q, STM32U5G9BJY6QTR, STM32U5G9J-DK1, STM32U5G9J-DK2, STM32U5G9NJH6Q, STM32U5G9VJT6Q, STM32U5G9ZJJ6QTR, STM32U5G9ZJT6Q, STM32WB05KZV6TR, STM32WB05KZV7TR, STM32WB05TZF6TR, STM32WB05TZF7TR, STM32WB06CCF6TR, STM32WB06CCF7TR, STM32WB06CCV6TR, STM32WB06CCV7TR, STM32WB06KCV6TR, STM32WB06KCV7TR, STM32WB07CCF6TR, STM32WB07CCF7TR, STM32WB07CCV6TR, STM32WB07CCV7TR, STM32WB07KCV6TR, STM32WB07KCV7TR, STM32WB09KEV6TR, STM32WB09KEV7TR, STM32WB09TEF6TR, STM32WB09TEF7TR, STM32WB1MMCH6, STM32WBA50KGU6, STM32WBA50KGU6TR, STM32WBA52CEU6, STM32WBA52CEU6TR, STM32WBA52CEU7, STM32WBA52CEU7TR, STM32WBA52CGU6, STM32WBA52CGU6TR, STM32WBA52CGU6U, STM32WBA52CGU7, STM32WBA52CGU7TR, STM32WBA52KEU6, STM32WBA52KEU6TR, STM32WBA52KGU6, STM32WBA52KGU6TR, STM32WBA54CEU6, STM32WBA54CEU6TR, STM32WBA54CEU7, STM32WBA54CEU7TR, STM32WBA54CGU6, STM32WBA54CGU6TR, STM32WBA54CGU7, STM32WBA54CGU7TR, STM32WBA54KEU6, STM32WBA54KEU6TR, STM32WBA54KEU7, STM32WBA54KEU7TR, STM32WBA54KGU6, STM32WBA54KGU6TR, STM32WBA54KGU7, STM32WBA54KGU7TR, STM32WBA55CEU6, STM32WBA55CEU6TR, STM32WBA55CEU7, STM32WBA55CEU7TR, STM32WBA55CGU6, STM32WBA55CGU6TR, STM32WBA55CGU6U, STM32WBA55CGU7, STM32WBA55CGU7TR, STM32WBA55G-DK1, STM32WBA55HEF6, STM32WBA55HEF7, STM32WBA55HGF6, STM32WBA55HGF7, STM32WBA55UEI6, STM32WBA55UEI6TR, STM32WBA55UEI7, STM32WBA55UEI7TR, STM32WBA55UGI6, STM32WBA55UGI6TR, STM32WBA55UGI7, STM32WBA55UGI7TR, STM32WBA5MMGH6TR, STM32WBA62MGF6, STM32WBA62MIF6, STM32WBA65MGF7, STM32WBA65MIF6, STM32WBA65MIF7, STM32WL30K8V6, STM32WL30KBV6, STM32WL31C8V6, STM32WL31CBV6, STM32WL31K8V6, STM32WL31KBV6, STM32WL33C8V6, STM32WL33C8V6X, STM32WL33CBV6, STM32WL33CBV6X, STM32WL33CCV6, STM32WL33CCV6A, STM32WL33CCV6X, STM32WL33K8V7, STM32WL33K8V7X, STM32WL33KBV7 , STM32WL33KBV7X, STM32WL33KCV7, STM32WL33KCV7X, STM32WL5MOCH6, STM32WL5MOCH6TR]
2025-11-24 13:44:47,481 [INFO] BoardInfo:889 - No configuration file found for board P-NUCLEO-WB55
2025-11-24 13:44:47,484 [INFO] DbBoards:161 - Kit is not supported: P-NUCLEO-WB55
2025-11-24 13:44:47,492 [INFO] BoardInfo:889 - No configuration file found for board STEVAL-BFA001V1B
2025-11-24 13:44:47,494 [INFO] DbBoards:161 - Kit is not supported: STEVAL-BFA001V1B
2025-11-24 13:44:47,495 [INFO] BoardInfo:889 - No configuration file found for board STEVAL-BFA001V2B
2025-11-24 13:44:47,498 [INFO] DbBoards:161 - Kit is not supported: STEVAL-BFA001V2B
2025-11-24 13:44:47,779 [INFO] DbBoards:168 - Found 212 boards, 209 are supported
2025-11-24 13:44:47,779 [INFO] DbBoards:169 - Found 212 boards, 43 of them is supported for  Bsp
2025-11-24 13:44:47,785 [INFO] ApiDb:423 - Load user favorites file C:\Users\jansu/.stm32cubeide/favorites.boards.txt: 0 item(s)
2025-11-24 13:44:47,785 [INFO] ApiDb:427 - User favorites Boards=[]
2025-11-24 13:44:47,785 [INFO] DbBoards:198 - Set 0 / 0 favorites Boards
2025-11-24 13:44:47,789 [INFO] ApiDb:668 - CubeFinder database Data Model version=2.1
2025-11-24 13:44:47,789 [INFO] ApiDb:669 - CubeFinder database Configuration version=3.0.39
2025-11-24 13:44:47,790 [INFO] ApiDb:670 - CubeFinder database generation date=2025-11-05 (1762334721)
2025-11-24 13:44:47,790 [INFO] ApiDb:671 - CubeFinder database FW Pack versions=[FP-ATR-ASTRA1_V2.0.0, FP-SNS-FLIGHT1_V5.1.0, FP-SNS-MOTENV1_V5.1.0, FP-SNS-MOTENVWB1_V1.4.0, FP-SNS-SMARTAG2_V1.2.0, FP-SNS-STBOX1_V2.1.0, STM32Cube_FW_C0_V1.4.0, STM32Cube_FW_F4_V1.28.3, STM32Cube_FW_F7_V1.17.4, STM32Cube_FW_G0_V1.6.2, STM32Cube_FW_G4_V1.6.1, STM32Cube_FW_H5_V1.5.1, STM32Cube_FW_H7RS_V1.3.0, STM32Cube_FW_H7_V1.12.1, STM32Cube_FW_L0_V1.12.2, STM32Cube_FW_L4_V1.18.1, STM32Cube_FW_L5_V1.6.0, STM32Cube_FW_N6_V1.3.0, STM32Cube_FW_U0_V1.3.0, STM32Cube_FW_U3_V1.2.1, STM32Cube_FW_U5_V1.8.0, STM32Cube_FW_WB0_V1.4.0, STM32Cube_FW_WBA_V1.8.0, STM32Cube_FW_WB_V1.24.0, STM32Cube_FW_WL3_V1.3.0, STM32Cube_FW_WL_V1.4.0, X-CUBE-ALGOBUILD_V1.4.0, X-CUBE-ALS_V1.0.2, X-CUBE-AZRTOS-F4_V1.1.0, X-CUBE-AZRTOS-F7_V1.1.0, X-CUBE-AZRTOS-G0_V1.1.0, X-CUBE-AZRTOS-G4_V2.0.0, X-CUBE-AZRTOS-H7RS_V1.1.0, X-CUBE-AZRTOS-H7_V3.4.0, X-CUBE-AZRTOS-L4_V2.0.0, X-CUBE-AZRTOS-L5_V2.0.0, X-CUBE-AZRTOS-WB_V2.0.0, X-CUBE-AZRTOS-WL_V2.0.0, X-CUBE-BLE1_V7.1.0, X-CUBE-BLE2_V3.3.0, X-CUBE-BLEMGR_V4.1.0, X-CUBE-EEPRMA1_V5.2.0, X-CUBE-FREERTOS_V1.3.1, X-CUBE-GNSS1_V6.0.0, X-CUBE-MEMS1_V11.3.0, X-CUBE-NFC4_V3.0.0, X-CUBE-NFC7_V2.0.0, X-CUBE-SFXS2LP1_V4.0.0, X-CUBE-ST67W61_V1.1.0, X-CUBE-SUBG2_V5.0.0, X-CUBE-TOF1_V3.4.3]
2025-11-24 13:44:48,515 [ERROR] DbExamplesSqlite:437 - Missing JSON key: board_cpn
2025-11-24 13:44:48,516 [ERROR] DbExamplesSqlite:437 - Missing JSON key: board_cpn
2025-11-24 13:44:48,516 [ERROR] DbExamplesSqlite:437 - Missing JSON key: board_cpn
2025-11-24 13:44:48,516 [ERROR] DbExamplesSqlite:437 - Missing JSON key: board_cpn
2025-11-24 13:44:48,826 [ERROR] DbExamplesSqlite:437 - Missing JSON key: board_cpn
2025-11-24 13:44:48,826 [ERROR] DbExamplesSqlite:437 - Missing JSON key: board_cpn
2025-11-24 13:44:48,836 [INFO] DbExamplesSqlite:395 - Ignored 42 examples not supported by CubeIDE
2025-11-24 13:44:48,836 [INFO] DbExamplesSqlite:396 - Found 10883 examples active
2025-11-24 13:44:48,836 [INFO] DbExamplesSqlite:397 - Found 0 examples obsolete
2025-11-24 13:44:48,836 [INFO] DbExamplesSqlite:398 - Found 0 examples under development
2025-11-24 13:44:48,837 [INFO] DbExamplesSqlite:399 - Found 85 examples not building
2025-11-24 13:44:48,839 [INFO] DbExamples:125 - Found 10926 examples
2025-11-24 13:44:48,881 [ERROR] DbExamples:208 - Found 73 examples with invalid data (board or MCU)
2025-11-24 13:44:48,882 [INFO] DbExamples:222 - Found 134 boards with related examples
2025-11-24 13:44:48,883 [INFO] DbExamples:235 - Found 111 MCUs with related examples
2025-11-24 13:44:48,910 [INFO] ApiDb:414 - User favorites file not found: C:\Users\jansu/.stm32cubeide/favorites.examples.txt
2025-11-24 13:44:48,910 [INFO] DbExamples:250 - Set 0 / 0 favorites Examples
2025-11-24 13:44:49,151 [INFO] McuFinderGlobals:76 - Set McuFinderConnectedMode to true
2025-11-24 13:44:49,161 [INFO] MultiScanPanel:200 - Auto-refresh data requested => check proxy status ongoing
2025-11-24 13:44:49,167 [INFO] FinderPluginLoader:96 - Searching for filters in installed packs
2025-11-24 13:44:50,868 [INFO] LoadUrlFilesThread:185 - End of LoadServerUrlFiles without Thread
2025-11-24 13:44:50,897 [INFO] DetailPanel:341 - Set advertising image to C:/Users/jansu/STM32Cube/Repository/\en.mcu-finder-preevent.jpg
2025-11-24 13:46:59,779 [INFO] MainUpdater:2872 - connection check result : 10
2025-11-24 13:46:59,780 [INFO] MainUpdater:2872 - connection check result : 10
2025-11-24 13:46:59,811 [INFO] MicroXplorer:468 - Change Database Path : 
2025-11-24 13:46:59,811 [INFO] MicroXplorer:498 - Change Database Version : DB.6.0.150
2025-11-24 13:46:59,820 [WARN] ThirdParty:871 - waiting for thirdparty lock release [close project]
2025-11-24 13:46:59,820 [INFO] ThirdParty:873 - entering critical section [close project]
2025-11-24 13:46:59,822 [INFO] ThirdParty:883 - exiting critical section [close project]
2025-11-24 13:46:59,825 [INFO] PinOutPanel:1589 - setPackage(No Configuration,No Configuration)
2025-11-24 13:46:59,827 [INFO] UtilMem:75 - Begin LoadConfig() Used Memory: 925110288 Bytes (1073741824)
2025-11-24 13:46:59,829 [INFO] MicroXplorer:468 - Change Database Path : 
2025-11-24 13:46:59,829 [INFO] MicroXplorer:498 - Change Database Version : DB.6.0.150
2025-11-24 13:46:59,829 [INFO] OpenFileManager:355 - Change cursor
2025-11-24 13:46:59,875 [INFO] Mcu:2029 - Initializing MCU STM32F030C8Tx STM32F030C8Tx STM32F030C8T6
2025-11-24 13:47:01,015 [INFO] Context:786 - Trying to add GPIOservice into a context  which must be forbidden
2025-11-24 13:47:01,303 [INFO] ImportTextPane:234 - (OptionalMessage_ERROR) Unable to find key (Mcu.ThirdPartyNb) in loaded IOC file
2025-11-24 13:47:01,304 [INFO] ImportTextPane:234 - (OptionalMessage_ERROR) Unable to find key (Mcu.PinsNb) in loaded IOC file
2025-11-24 13:47:01,304 [INFO] ImportTextPane:234 - (OptionalMessage_ERROR) Pin0 (VP_RIF_VS_RIF1) cannot be retrieved for this MCU
2025-11-24 13:47:01,304 [INFO] ImportTextPane:234 - (OptionalMessage_ERROR) Unable to find key (Mcu.IPNb) in loaded IOC file
2025-11-24 13:47:01,393 [INFO] RtosManager:558 - Registered RTOS mode: class=CMSIS, group=RTOS, mode=CMSIS_V1, owner=FREERTOS
2025-11-24 13:47:01,393 [INFO] RtosManager:558 - Registered RTOS mode: class=CMSIS, group=RTOS2, mode=CMSIS_V2, owner=FREERTOS
2025-11-24 13:47:01,394 [INFO] RtosManager:558 - Registered RTOS mode: class=RTOS, group=Core, mode=CMSIS_V1, owner=FREERTOS
2025-11-24 13:47:01,394 [INFO] RtosManager:558 - Registered RTOS mode: class=RTOS, group=Core, mode=CMSIS_V2, owner=FREERTOS
2025-11-24 13:47:01,394 [WARN] ModelIntegratedComponent:184 - Missing modes for component STMicroelectronics:FreeRTOS:0.0.1:STMicroelectronics:RTOS:FreeRTOS:Core:::10.2.0:
2025-11-24 13:47:01,413 [WARN] ModelIntegratedComponent:63 - No mode defined for component null
2025-11-24 13:47:01,413 [WARN] ModelIntegratedComponent:63 - No mode defined for component null
2025-11-24 13:47:01,413 [WARN] ModelIntegratedComponent:63 - No mode defined for component null
2025-11-24 13:47:01,413 [WARN] ModelIntegratedComponent:63 - No mode defined for component null
2025-11-24 13:47:01,413 [WARN] ModelIntegratedComponent:63 - No mode defined for component null
2025-11-24 13:47:01,413 [WARN] ModelIntegratedComponent:63 - No mode defined for component null
2025-11-24 13:47:01,413 [WARN] ModelIntegratedComponent:63 - No mode defined for component null
2025-11-24 13:47:01,413 [WARN] ModelIntegratedComponent:63 - No mode defined for component null
2025-11-24 13:47:01,413 [WARN] ModelIntegratedComponent:63 - No mode defined for component null
2025-11-24 13:47:01,413 [WARN] ModelIntegratedComponent:63 - No mode defined for component null
2025-11-24 13:47:01,414 [WARN] ModelIntegratedComponent:63 - No mode defined for component null
2025-11-24 13:47:01,414 [WARN] ModelIntegratedComponent:63 - No mode defined for component null
2025-11-24 13:47:01,414 [WARN] ModelIntegratedComponent:63 - No mode defined for component null
2025-11-24 13:47:01,414 [WARN] ModelIntegratedComponent:63 - No mode defined for component null
2025-11-24 13:47:01,414 [WARN] ModelIntegratedComponent:63 - No mode defined for component null
2025-11-24 13:47:01,414 [WARN] ModelIntegratedComponent:63 - No mode defined for component null
2025-11-24 13:47:01,414 [WARN] ModelIntegratedComponent:63 - No mode defined for component null
2025-11-24 13:47:01,414 [WARN] ModelIntegratedComponent:63 - No mode defined for component null
2025-11-24 13:47:01,414 [WARN] ModelIntegratedComponent:63 - No mode defined for component null
2025-11-24 13:47:01,414 [WARN] ModelIntegratedComponent:63 - No mode defined for component null
2025-11-24 13:47:01,414 [WARN] ModelIntegratedComponent:63 - No mode defined for component null
2025-11-24 13:47:01,414 [WARN] ModelIntegratedComponent:63 - No mode defined for component null
2025-11-24 13:47:01,414 [WARN] ModelIntegratedComponent:63 - No mode defined for component null
2025-11-24 13:47:01,414 [WARN] ModelIntegratedComponent:63 - No mode defined for component null
2025-11-24 13:47:01,414 [WARN] ModelIntegratedComponent:63 - No mode defined for component null
2025-11-24 13:47:01,414 [WARN] ModelIntegratedComponent:63 - No mode defined for component null
2025-11-24 13:47:01,414 [WARN] ModelIntegratedComponent:63 - No mode defined for component null
2025-11-24 13:47:01,414 [WARN] ModelIntegratedComponent:63 - No mode defined for component null
2025-11-24 13:47:01,414 [WARN] ModelIntegratedComponent:63 - No mode defined for component null
2025-11-24 13:47:01,414 [WARN] ModelIntegratedComponent:63 - No mode defined for component null
2025-11-24 13:47:01,414 [WARN] ModelIntegratedComponent:63 - No mode defined for component null
2025-11-24 13:47:01,414 [WARN] ModelIntegratedComponent:63 - No mode defined for component null
2025-11-24 13:47:01,414 [WARN] ModelIntegratedComponent:63 - No mode defined for component null
2025-11-24 13:47:01,414 [WARN] ModelIntegratedComponent:63 - No mode defined for component null
2025-11-24 13:47:01,414 [WARN] ModelIntegratedComponent:63 - No mode defined for component null
2025-11-24 13:47:01,415 [WARN] ModelPack:524 - Component already loaded: STMicroelectronics:HAL Drivers:0.0.0:STMicroelectronics:Device:STMicro_Driver:XSPI:HAL::0.0.1:HAL_XSPI
2025-11-24 13:47:01,569 [INFO] ThirdPartyModel:298 - Start build external matchings
2025-11-24 13:47:02,186 [INFO] ThirdPartyModel:316 - End build external matchings
2025-11-24 13:47:02,421 [INFO] UtilMem:75 - End LoadConfig() Used Memory: 901207760 Bytes (1073741824)
2025-11-24 13:47:02,482 [WARN] ThirdParty:833 - waiting for thirdparty lock release [change project]
2025-11-24 13:47:02,482 [INFO] ThirdParty:835 - entering critical section [change project]
2025-11-24 13:47:02,483 [INFO] ThirdParty:1030 - CMSIS Pack Vendor :STMicroelectronics X-CUBE-PM33A1 1.0.0
2025-11-24 13:47:02,483 [INFO] ThirdParty:1030 - CMSIS Pack Vendor :STMicroelectronics USBPD 4.1
2025-11-24 13:47:02,483 [INFO] ThirdParty:1030 - CMSIS Pack Vendor :STMicroelectronics X-CUBE-NFC9 1.0.0
2025-11-24 13:47:02,483 [INFO] ThirdParty:1030 - CMSIS Pack Vendor :STMicroelectronics USB_HOST 2.0.0
2025-11-24 13:47:02,483 [INFO] ThirdParty:1030 - CMSIS Pack Vendor :STMicroelectronics FP-SNS-MOTENVWB1 1.4.0
2025-11-24 13:47:02,483 [INFO] ThirdParty:1030 - CMSIS Pack Vendor :STMicroelectronics X-CUBE-AZRTOS-F4 1.1.0
2025-11-24 13:47:02,483 [INFO] ThirdParty:1030 - CMSIS Pack Vendor :STMicroelectronics LIBJPEG 8.0.0
2025-11-24 13:47:02,483 [INFO] ThirdParty:1030 - CMSIS Pack Vendor :STMicroelectronics FP-ATR-ASTRA1 2.0.2
2025-11-24 13:47:02,483 [INFO] ThirdParty:1030 - CMSIS Pack Vendor :wolfSSL I-CUBE-wolfSSL 5.8.2
2025-11-24 13:47:02,483 [INFO] ThirdParty:1030 - CMSIS Pack Vendor :STMicroelectronics X-CUBE-BLE1 7.1.0
2025-11-24 13:47:02,483 [INFO] ThirdParty:1030 - CMSIS Pack Vendor :Avnet-IotConnect X-CUBE-IoTC-DA16k-PMOD 1.0.0
2025-11-24 13:47:02,483 [INFO] ThirdParty:1030 - CMSIS Pack Vendor :STMicroelectronics X-CUBE-SMBUS 2.1.0
2025-11-24 13:47:02,483 [INFO] ThirdParty:1030 - CMSIS Pack Vendor :wolfSSL I-CUBE-wolfMQTT 1.19.2
2025-11-24 13:47:02,483 [INFO] ThirdParty:1030 - CMSIS Pack Vendor :STMicroelectronics USB_DEVICE 3.0.0
2025-11-24 13:47:02,483 [INFO] ThirdParty:1030 - CMSIS Pack Vendor :STMicroelectronics X-CUBE-ISPU 2.1.0
2025-11-24 13:47:02,483 [INFO] ThirdParty:1030 - CMSIS Pack Vendor :STMicroelectronics X-CUBE-EEPRMA1 5.2.0
2025-11-24 13:47:02,483 [INFO] ThirdParty:1030 - CMSIS Pack Vendor :STMicroelectronics X-CUBE-IPS 3.2.0
2025-11-24 13:47:02,483 [INFO] ThirdParty:1030 - CMSIS Pack Vendor :STMicroelectronics X-CUBE-BLEMGR 4.1.0
2025-11-24 13:47:02,483 [INFO] ThirdParty:1030 - CMSIS Pack Vendor :STMicroelectronics X-CUBE-AZRTOS-WB 2.0.0
2025-11-24 13:47:02,483 [INFO] ThirdParty:1030 - CMSIS Pack Vendor :STMicroelectronics X-CUBE-ST60 1.0.0
2025-11-24 13:47:02,483 [INFO] ThirdParty:1030 - CMSIS Pack Vendor :STMicroelectronics X-CUBE-GNSS1 7.0.1
2025-11-24 13:47:02,483 [INFO] ThirdParty:1030 - CMSIS Pack Vendor :STMicroelectronics X-CUBE-NFC12 1.0.0
2025-11-24 13:47:02,483 [INFO] ThirdParty:1030 - CMSIS Pack Vendor :STMicroelectronics X-CUBE-AZRTOS-F7 1.1.0
2025-11-24 13:47:02,483 [INFO] ThirdParty:1030 - CMSIS Pack Vendor :STMicroelectronics X-CUBE-AZRTOS-L5 2.0.0
2025-11-24 13:47:02,483 [INFO] ThirdParty:1030 - CMSIS Pack Vendor :STMicroelectronics X-CUBE-TOUCHGFX 4.25.0
2025-11-24 13:47:02,483 [INFO] ThirdParty:1030 - CMSIS Pack Vendor :STMicroelectronics USB_DEVICE 2.0.0
2025-11-24 13:47:02,483 [INFO] ThirdParty:1030 - CMSIS Pack Vendor :STMicroelectronics X-CUBE-NFC6 3.1.0
2025-11-24 13:47:02,483 [INFO] ThirdParty:1030 - CMSIS Pack Vendor :STMicroelectronics X-CUBE-ST67W61 1.1.0
2025-11-24 13:47:02,483 [INFO] ThirdParty:1030 - CMSIS Pack Vendor :quantropi X-CUBE-qispace-sdk-base 2.1.0
2025-11-24 13:47:02,483 [INFO] ThirdParty:1030 - CMSIS Pack Vendor :STMicroelectronics FP-SNS-MOTENV1 5.1.0
2025-11-24 13:47:02,483 [INFO] ThirdParty:1030 - CMSIS Pack Vendor :STMicroelectronics FreeRTOS 0.0.1
2025-11-24 13:47:02,483 [INFO] ThirdParty:1030 - CMSIS Pack Vendor :STMicroelectronics X-CUBE-AZRTOS-G0 1.1.0
2025-11-24 13:47:02,483 [INFO] ThirdParty:1030 - CMSIS Pack Vendor :STMicroelectronics X-CUBE-SAFEA1 1.2.2
2025-11-24 13:47:02,483 [INFO] ThirdParty:1030 - CMSIS Pack Vendor :STMicroelectronics X-CUBE-NFC4 3.0.0
2025-11-24 13:47:02,483 [INFO] ThirdParty:1030 - CMSIS Pack Vendor :STMicroelectronics X-CUBE-SUBG2 5.0.0
2025-11-24 13:47:02,484 [INFO] ThirdParty:1030 - CMSIS Pack Vendor :STMicroelectronics X-CUBE-AZRTOS-H7RS 1.1.0
2025-11-24 13:47:02,484 [INFO] ThirdParty:1030 - CMSIS Pack Vendor :STMicroelectronics STM32_WPAN 1.0.0
2025-11-24 13:47:02,484 [INFO] ThirdParty:1030 - CMSIS Pack Vendor :EmbeddedOffice I-CUBE-FS-RTOS 1.0.1
2025-11-24 13:47:02,484 [INFO] ThirdParty:1030 - CMSIS Pack Vendor :STMicroelectronics lwIP 2.0.3
2025-11-24 13:47:02,484 [INFO] ThirdParty:1030 - CMSIS Pack Vendor :WES I-CUBE-Cesium 1.4.0
2025-11-24 13:47:02,484 [INFO] ThirdParty:1030 - CMSIS Pack Vendor :Cesanta I-CUBE-Mongoose 7.13.0
2025-11-24 13:47:02,484 [INFO] ThirdParty:1030 - CMSIS Pack Vendor :STMicroelectronics USB_HOST 1.0.0
2025-11-24 13:47:02,484 [INFO] ThirdParty:1030 - CMSIS Pack Vendor :Infineon AIROC-Wi-Fi-Bluetooth-STM32 1.7.1
2025-11-24 13:47:02,484 [INFO] ThirdParty:1030 - CMSIS Pack Vendor :STMicroelectronics X-CUBE-AZRTOS-G4 2.0.0
2025-11-24 13:47:02,484 [INFO] ThirdParty:1030 - CMSIS Pack Vendor :STMicroelectronics X-CUBE-WB05N 2.0.0
2025-11-24 13:47:02,484 [INFO] ThirdParty:1030 - CMSIS Pack Vendor :STMicroelectronics PDM2PCM 3.1.0
2025-11-24 13:47:02,484 [INFO] ThirdParty:1030 - CMSIS Pack Vendor :STMicroelectronics PDM2PCM 3.3.0
2025-11-24 13:47:02,484 [INFO] ThirdParty:1030 - CMSIS Pack Vendor :wolfSSL I-CUBE-wolfTPM 3.8.0
2025-11-24 13:47:02,484 [INFO] ThirdParty:1030 - CMSIS Pack Vendor :STMicroelectronics X-CUBE-AZRTOS-H7 3.4.0
2025-11-24 13:47:02,484 [INFO] ThirdParty:1030 - CMSIS Pack Vendor :STMicroelectronics X-CUBE-DISPLAY 3.0.0
2025-11-24 13:47:02,484 [INFO] ThirdParty:1030 - CMSIS Pack Vendor :wolfSSL I-CUBE-wolfSSH 1.4.20
2025-11-24 13:47:02,484 [INFO] ThirdParty:1030 - CMSIS Pack Vendor :STMicroelectronics X-CUBE-NFC7 2.0.0
2025-11-24 13:47:02,484 [INFO] ThirdParty:1030 - CMSIS Pack Vendor :STMicroelectronics X-CUBE-TCPP 4.2.0
2025-11-24 13:47:02,484 [INFO] ThirdParty:1030 - CMSIS Pack Vendor :RealThread X-CUBE-RT-Thread_Nano 4.1.1
2025-11-24 13:47:02,484 [INFO] ThirdParty:1030 - CMSIS Pack Vendor :STMicroelectronics FP-ATR-SIGFOX1 3.2.0
2025-11-24 13:47:02,484 [INFO] ThirdParty:1030 - CMSIS Pack Vendor :STMicroelectronics X-CUBE-NFC10 1.0.0
2025-11-24 13:47:02,484 [INFO] ThirdParty:1030 - CMSIS Pack Vendor :STMicroelectronics X-CUBE-FREERTOS 1.3.1
2025-11-24 13:47:02,484 [INFO] ThirdParty:1030 - CMSIS Pack Vendor :STMicroelectronics HAL Drivers 0.0.0
2025-11-24 13:47:02,484 [INFO] ThirdParty:1030 - CMSIS Pack Vendor :STMicroelectronics MBEDTLS 2.16.2
2025-11-24 13:47:02,484 [INFO] ThirdParty:1030 - CMSIS Pack Vendor :STMicroelectronics X-CUBE-ST60 1.1.0
2025-11-24 13:47:02,485 [INFO] ThirdParty:1030 - CMSIS Pack Vendor :STMicroelectronics X-CUBE-IPS 3.1.0
2025-11-24 13:47:02,485 [INFO] ThirdParty:1030 - CMSIS Pack Vendor :STMicroelectronics X-CUBE-ALS 1.0.2
2025-11-24 13:47:02,485 [INFO] ThirdParty:1030 - CMSIS Pack Vendor :emotas I-CUBE-CANOPEN 1.3.0
2025-11-24 13:47:02,485 [INFO] ThirdParty:1030 - CMSIS Pack Vendor :STMicroelectronics MBEDTLS 2.14.1
2025-11-24 13:47:02,485 [INFO] ThirdParty:1030 - CMSIS Pack Vendor :STMicroelectronics X-CUBE-GNSS1 7.1.0
2025-11-24 13:47:02,485 [INFO] ThirdParty:1030 - CMSIS Pack Vendor :ITTIA_DB I-CUBE-ITTIADB 8.9.0
2025-11-24 13:47:02,485 [INFO] ThirdParty:1030 - CMSIS Pack Vendor :STMicroelectronics X-CUBE-TOUCHGFX 4.26.0
2025-11-24 13:47:02,485 [INFO] ThirdParty:1030 - CMSIS Pack Vendor :STMicroelectronics X-CUBE-STSE01 1.0.0
2025-11-24 13:47:02,485 [INFO] ThirdParty:1030 - CMSIS Pack Vendor :STMicroelectronics X-CUBE-ST67W61 1.0.0
2025-11-24 13:47:02,485 [INFO] ThirdParty:1030 - CMSIS Pack Vendor :STMicroelectronics FP-SNS-STBOX1 2.1.0
2025-11-24 13:47:02,485 [INFO] ThirdParty:1030 - CMSIS Pack Vendor :STMicroelectronics X-CUBE-AI 10.2.0
2025-11-24 13:47:02,485 [INFO] ThirdParty:1030 - CMSIS Pack Vendor :STMicroelectronics FP-SNS-STAIOTCFT 1.0.0
2025-11-24 13:47:02,485 [INFO] ThirdParty:1030 - CMSIS Pack Vendor :STMicroelectronics ThreadX 1.0.0
2025-11-24 13:47:02,485 [INFO] ThirdParty:1030 - CMSIS Pack Vendor :STMicroelectronics FP-SNS-SMARTAG2 1.2.0
2025-11-24 13:47:02,486 [INFO] ThirdParty:1030 - CMSIS Pack Vendor :STMicroelectronics FP-SNS-FLIGHT1 5.1.0
2025-11-24 13:47:02,486 [INFO] ThirdParty:1030 - CMSIS Pack Vendor :STMicroelectronics X-CUBE-AZRTOS-WL 2.0.0
2025-11-24 13:47:02,486 [INFO] ThirdParty:1030 - CMSIS Pack Vendor :SEGGER I-CUBE-embOS 1.3.1
2025-11-24 13:47:02,486 [INFO] ThirdParty:1030 - CMSIS Pack Vendor :STMicroelectronics X-CUBE-ALGOBUILD 1.4.0
2025-11-24 13:47:02,486 [INFO] ThirdParty:1030 - CMSIS Pack Vendor :STMicroelectronics X-CUBE-DPower 1.3.0
2025-11-24 13:47:02,486 [INFO] ThirdParty:1030 - CMSIS Pack Vendor :STMicroelectronics X-CUBE-MEMS1 11.3.0
2025-11-24 13:47:02,486 [INFO] ThirdParty:1030 - CMSIS Pack Vendor :STMicroelectronics FP-SNS-MOTENV1 5.0.0
2025-11-24 13:47:02,486 [INFO] ThirdParty:1030 - CMSIS Pack Vendor :STMicroelectronics USB_DEVICE 1.0.0
2025-11-24 13:47:02,486 [INFO] ThirdParty:1030 - CMSIS Pack Vendor :STMicroelectronics X-CUBE-AZRTOS-L4 2.0.0
2025-11-24 13:47:02,486 [INFO] ThirdParty:1030 - CMSIS Pack Vendor :STMicroelectronics ThreadX 0.0.2
2025-11-24 13:47:02,486 [INFO] ThirdParty:1030 - CMSIS Pack Vendor :STMicroelectronics lwIP 2.1.2
2025-11-24 13:47:02,486 [INFO] ThirdParty:1030 - CMSIS Pack Vendor :STMicroelectronics X-CUBE-SFXS2LP1 4.0.0
2025-11-24 13:47:02,486 [INFO] ThirdParty:1030 - CMSIS Pack Vendor :STMicroelectronics X-CUBE-BLE2 3.3.0
2025-11-24 13:47:02,486 [INFO] ThirdParty:1030 - CMSIS Pack Vendor :Avnet-IOTCONNECT X-CUBE-iotc-st67-sdk 1.0.0
2025-11-24 13:47:02,486 [INFO] ThirdParty:1030 - CMSIS Pack Vendor :STMicroelectronics X-CUBE-TOF1 3.4.3
2025-11-24 13:47:02,486 [INFO] ThirdParty:1030 - CMSIS Pack Vendor :STMicroelectronics PDM2PCM 3.2.0
2025-11-24 13:47:02,486 [INFO] ThirdParty:841 - exiting critical section [change project]
2025-11-24 13:47:02,755 [INFO] PinOutPanel:1589 - setPackage(No Configuration,No Configuration)
2025-11-24 13:47:02,757 [INFO] PinOutPanel:1589 - setPackage(STM32F030C8Tx,LQFP48)
2025-11-24 13:47:03,493 [INFO] UtilMem:75 - Before build in PCC Used Memory: 657222296 Bytes (1073741824)
2025-11-24 13:47:04,445 [INFO] UtilMem:75 - After build in PCC Used Memory: 716991128 Bytes (1073741824)
2025-11-24 13:47:04,471 [INFO] IPUIPlugin:80 - create IPUIPlugin
2025-11-24 13:47:04,471 [INFO] IPUIPlugin:80 - create IPUIPlugin
2025-11-24 13:47:04,471 [INFO] IPUIPlugin:80 - create IPUIPlugin
2025-11-24 13:47:04,471 [INFO] IPUIPlugin:80 - create IPUIPlugin
2025-11-24 13:47:04,471 [INFO] IPUIPlugin:80 - create IPUIPlugin
2025-11-24 13:47:04,471 [INFO] IPUIPlugin:80 - create IPUIPlugin
2025-11-24 13:47:04,471 [INFO] IPUIPlugin:80 - create IPUIPlugin
2025-11-24 13:47:04,471 [INFO] IPUIPlugin:80 - create IPUIPlugin
2025-11-24 13:47:04,472 [INFO] IPUIPlugin:80 - create IPUIPlugin
2025-11-24 13:47:04,472 [INFO] IPUIPlugin:80 - create IPUIPlugin
2025-11-24 13:47:04,472 [INFO] IPUIPlugin:80 - create IPUIPlugin
2025-11-24 13:47:04,472 [INFO] IPUIPlugin:80 - create IPUIPlugin
2025-11-24 13:47:04,472 [INFO] IPUIPlugin:80 - create IPUIPlugin
2025-11-24 13:47:04,472 [INFO] IPUIPlugin:80 - create IPUIPlugin
2025-11-24 13:47:04,472 [INFO] IPUIPlugin:80 - create IPUIPlugin
2025-11-24 13:47:04,473 [INFO] IPUIPlugin:80 - create IPUIPlugin
2025-11-24 13:47:04,473 [INFO] IPUIPlugin:80 - create IPUIPlugin
2025-11-24 13:47:04,473 [INFO] IPUIPlugin:80 - create IPUIPlugin
2025-11-24 13:47:04,473 [INFO] IPUIPlugin:80 - create IPUIPlugin
2025-11-24 13:47:04,473 [INFO] IPUIPlugin:80 - create IPUIPlugin
2025-11-24 13:47:04,473 [INFO] IPUIPlugin:80 - create IPUIPlugin
2025-11-24 13:47:04,473 [INFO] IPUIPlugin:80 - create IPUIPlugin
2025-11-24 13:47:04,474 [INFO] IPUIPlugin:80 - create IPUIPlugin
2025-11-24 13:47:04,474 [INFO] IPUIPlugin:80 - create IPUIPlugin
2025-11-24 13:47:04,474 [INFO] IPUIPlugin:80 - create IPUIPlugin
2025-11-24 13:47:04,474 [INFO] IPUIPlugin:80 - create IPUIPlugin
2025-11-24 13:47:04,735 [INFO] CADModel:165 - CPN selected for project levelSTM32F030C8T6
2025-11-24 13:47:04,735 [INFO] CADModel:114 - Register for checkConnection events
2025-11-24 13:47:04,796 [INFO] OpenFileManager:386 - Restore cursor
2025-11-24 13:47:06,167 [INFO] UtilMem:75 - End SaveConfig() Used Memory: 795254592 Bytes (1073741824)
2025-11-24 13:47:06,222 [INFO] UtilMem:75 - End SaveConfig() Used Memory: 806120088 Bytes (1073741824)
2025-11-24 13:47:06,753 [INFO] BlockDiagram:2775 - set Specific Code input for plugin: NVIC
2025-11-24 13:47:06,754 [INFO] BlockDiagram:2775 - set Specific Code input for plugin: RCC
2025-11-24 13:47:06,756 [INFO] CodeGenerator:892 - code generatio: config db path: C:\ST\STM32CubeIDE_1.19.0\STM32CubeIDE\plugins\com.st.stm32cube.common.mx_6.15.0.202507011659\\db\
2025-11-24 13:47:06,964 [INFO] CodeEngine:265 - oldGeneratedFile, C:\Users\jansu\Documents\GitHub\Firefighter-robot-vehicle\STM32_IDE\Power brick control\MXTmpFiles\license.tmp_save
2025-11-24 13:47:07,438 [INFO] CodeEngine:289 - Generated code: C:\Users\jansu\Documents\GitHub\Firefighter-robot-vehicle\STM32_IDE\Power brick control\MXTmpFiles\license.tmp
2025-11-24 13:47:07,487 [INFO] CodeEngine:265 - oldGeneratedFile, C:\Users\jansu\Documents\GitHub\Firefighter-robot-vehicle\STM32_IDE\Power brick control\Core\Src\stm32f0xx_it.c_save
2025-11-24 13:47:07,676 [INFO] CodeEngine:289 - Generated code: C:\Users\jansu\Documents\GitHub\Firefighter-robot-vehicle\STM32_IDE\Power brick control\Core\Src\stm32f0xx_it.c
2025-11-24 13:47:07,683 [INFO] CodeEngine:265 - oldGeneratedFile, C:\Users\jansu\Documents\GitHub\Firefighter-robot-vehicle\STM32_IDE\Power brick control\Core\Inc\stm32f0xx_it.h_save
2025-11-24 13:47:07,805 [INFO] CodeEngine:289 - Generated code: C:\Users\jansu\Documents\GitHub\Firefighter-robot-vehicle\STM32_IDE\Power brick control\Core\Inc\stm32f0xx_it.h
2025-11-24 13:47:07,926 [INFO] CodeEngine:265 - oldGeneratedFile, C:\Users\jansu\Documents\GitHub\Firefighter-robot-vehicle\STM32_IDE\Power brick control\Core\Src\stm32f0xx_hal_msp.c_save
2025-11-24 13:47:08,088 [INFO] CodeEngine:289 - Generated code: C:\Users\jansu\Documents\GitHub\Firefighter-robot-vehicle\STM32_IDE\Power brick control\Core\Src\stm32f0xx_hal_msp.c
2025-11-24 13:47:08,095 [INFO] CodeEngine:265 - oldGeneratedFile, C:\Users\jansu\Documents\GitHub\Firefighter-robot-vehicle\STM32_IDE\Power brick control\MXTmpFiles\system.tmp_save
2025-11-24 13:47:08,173 [INFO] CodeEngine:289 - Generated code: C:\Users\jansu\Documents\GitHub\Firefighter-robot-vehicle\STM32_IDE\Power brick control\MXTmpFiles\system.tmp
2025-11-24 13:47:08,209 [INFO] CodeEngine:321 - oldGeneratedFile, C:\Users\jansu\Documents\GitHub\Firefighter-robot-vehicle\STM32_IDE\Power brick control\Core\Inc\stm32f0xx_hal_conf.h_save
2025-11-24 13:47:08,319 [INFO] CodeEngine:345 - Generated code: C:\Users\jansu\Documents\GitHub\Firefighter-robot-vehicle\STM32_IDE\Power brick control\Core\Inc\stm32f0xx_hal_conf.h
2025-11-24 13:47:08,360 [INFO] ApiDbMcu:532 - Load IP Config File for RCC
2025-11-24 13:47:08,373 [INFO] CodeEngine:265 - oldGeneratedFile, C:\Users\jansu\Documents\GitHub\Firefighter-robot-vehicle\STM32_IDE\Power brick control\Core\Inc\main.h_save
2025-11-24 13:47:08,511 [INFO] CodeEngine:289 - Generated code: C:\Users\jansu\Documents\GitHub\Firefighter-robot-vehicle\STM32_IDE\Power brick control\Core\Inc\main.h
2025-11-24 13:47:08,519 [INFO] CodeEngine:265 - oldGeneratedFile, C:\Users\jansu\Documents\GitHub\Firefighter-robot-vehicle\STM32_IDE\Power brick control\Core\Src\main.c_save
2025-11-24 13:47:08,673 [INFO] CodeEngine:289 - Generated code: C:\Users\jansu\Documents\GitHub\Firefighter-robot-vehicle\STM32_IDE\Power brick control\Core\Src\main.c
2025-11-24 13:47:09,112 [INFO] ProjectBuilder:3606 - Time for Copy HAL[1] : 215mS.
2025-11-24 13:47:09,120 [INFO] ProjectBuilder:5216 - Project Generator version: 4.7.0-B52
2025-11-24 13:47:09,215 [INFO] ConfigFileManager:1595 - The Die is : DIE440
2025-11-24 13:47:09,246 [INFO] ApiDbMcu:532 - Load IP Config File for FATFS
2025-11-24 13:47:09,254 [INFO] ApiDbMcu:532 - Load IP Config File for FREERTOS
2025-11-24 13:47:09,719 [INFO] LogOutputStream:77 - [STDOUT_REDIRECT] 
2025-11-24 13:47:12,603 [INFO] ProjectBuilder:5496 - Time for Generating toolchain IDE Files: 3483mS.
2025-11-24 13:47:12,604 [INFO] ProjectBuilder:3463 - Time for Copy CMSIS : 0mS.
2025-11-24 13:47:12,607 [INFO] ProjectBuilder:3463 - Time for Copy CMSIS : 0mS.
2025-11-24 13:47:13,548 [INFO] McuFinderGlobals:76 - Set McuFinderConnectedMode to true
2025-11-24 13:47:13,552 [INFO] ApiDb:448 - Save user favorites file C:\Users\jansu/.stm32cubeide/favorites.mcus.txt: 2 item(s)
2025-11-24 13:47:13,552 [INFO] ApiDb:452 - User favorites MCUs=[STM32C031C6U6, STM32F030C8T6]
2025-11-24 13:47:43,009 [ERROR] LogOutputStream:75 - [STDERR_REDIRECT] 
